2024-06-05 17:08:04,024 Best: 0.999280 using {'batch_size': 16, 'lr': 0.01, 'max_epochs': 128, 'module__n_features': 73, 'module__n_neurons': 32, 'module__nonlin': ReLU()}
2024-06-05 17:08:04,024 Best estimator configuration: 
 <class 'skorch.classifier.NeuralNetClassifier'>[initialized](
  module_=Module2Layers(
    (dense0): Linear(in_features=73, out_features=32, bias=True)
    (act): ReLU()
    (dense1): Linear(in_features=32, out_features=32, bias=True)
    (output): Linear(in_features=32, out_features=1, bias=True)
    (sigmoid): Sigmoid()
  ),
)
2024-06-05 17:08:04,024 0.993505 (0.001842) with: {'batch_size': 16, 'lr': 0.001, 'max_epochs': 16, 'module__n_features': 73, 'module__n_neurons': 16, 'module__nonlin': Tanh()}
2024-06-05 17:08:04,024 0.990636 (0.002835) with: {'batch_size': 16, 'lr': 0.001, 'max_epochs': 16, 'module__n_features': 73, 'module__n_neurons': 16, 'module__nonlin': ReLU()}
2024-06-05 17:08:04,024 0.994693 (0.001330) with: {'batch_size': 16, 'lr': 0.001, 'max_epochs': 16, 'module__n_features': 73, 'module__n_neurons': 32, 'module__nonlin': Tanh()}
2024-06-05 17:08:04,024 0.993646 (0.002477) with: {'batch_size': 16, 'lr': 0.001, 'max_epochs': 16, 'module__n_features': 73, 'module__n_neurons': 32, 'module__nonlin': ReLU()}
2024-06-05 17:08:04,024 0.995147 (0.001387) with: {'batch_size': 16, 'lr': 0.001, 'max_epochs': 16, 'module__n_features': 73, 'module__n_neurons': 64, 'module__nonlin': Tanh()}
2024-06-05 17:08:04,024 0.996027 (0.001524) with: {'batch_size': 16, 'lr': 0.001, 'max_epochs': 16, 'module__n_features': 73, 'module__n_neurons': 64, 'module__nonlin': ReLU()}
2024-06-05 17:08:04,024 0.995512 (0.001428) with: {'batch_size': 16, 'lr': 0.001, 'max_epochs': 16, 'module__n_features': 73, 'module__n_neurons': 128, 'module__nonlin': Tanh()}
2024-06-05 17:08:04,024 0.998089 (0.001300) with: {'batch_size': 16, 'lr': 0.001, 'max_epochs': 16, 'module__n_features': 73, 'module__n_neurons': 128, 'module__nonlin': ReLU()}
2024-06-05 17:08:04,024 0.995426 (0.001720) with: {'batch_size': 16, 'lr': 0.001, 'max_epochs': 16, 'module__n_features': 73, 'module__n_neurons': 256, 'module__nonlin': Tanh()}
2024-06-05 17:08:04,024 0.998631 (0.001272) with: {'batch_size': 16, 'lr': 0.001, 'max_epochs': 16, 'module__n_features': 73, 'module__n_neurons': 256, 'module__nonlin': ReLU()}
2024-06-05 17:08:04,024 0.995288 (0.001344) with: {'batch_size': 16, 'lr': 0.001, 'max_epochs': 32, 'module__n_features': 73, 'module__n_neurons': 16, 'module__nonlin': Tanh()}
2024-06-05 17:08:04,024 0.994804 (0.001877) with: {'batch_size': 16, 'lr': 0.001, 'max_epochs': 32, 'module__n_features': 73, 'module__n_neurons': 16, 'module__nonlin': ReLU()}
2024-06-05 17:08:04,024 0.995778 (0.001412) with: {'batch_size': 16, 'lr': 0.001, 'max_epochs': 32, 'module__n_features': 73, 'module__n_neurons': 32, 'module__nonlin': Tanh()}
2024-06-05 17:08:04,024 0.997004 (0.001352) with: {'batch_size': 16, 'lr': 0.001, 'max_epochs': 32, 'module__n_features': 73, 'module__n_neurons': 32, 'module__nonlin': ReLU()}
2024-06-05 17:08:04,024 0.996217 (0.001554) with: {'batch_size': 16, 'lr': 0.001, 'max_epochs': 32, 'module__n_features': 73, 'module__n_neurons': 64, 'module__nonlin': Tanh()}
2024-06-05 17:08:04,024 0.998380 (0.000952) with: {'batch_size': 16, 'lr': 0.001, 'max_epochs': 32, 'module__n_features': 73, 'module__n_neurons': 64, 'module__nonlin': ReLU()}
2024-06-05 17:08:04,025 0.996376 (0.001558) with: {'batch_size': 16, 'lr': 0.001, 'max_epochs': 32, 'module__n_features': 73, 'module__n_neurons': 128, 'module__nonlin': Tanh()}
2024-06-05 17:08:04,025 0.998652 (0.001314) with: {'batch_size': 16, 'lr': 0.001, 'max_epochs': 32, 'module__n_features': 73, 'module__n_neurons': 128, 'module__nonlin': ReLU()}
2024-06-05 17:08:04,025 0.996906 (0.001538) with: {'batch_size': 16, 'lr': 0.001, 'max_epochs': 32, 'module__n_features': 73, 'module__n_neurons': 256, 'module__nonlin': Tanh()}
2024-06-05 17:08:04,028 0.998735 (0.001213) with: {'batch_size': 16, 'lr': 0.001, 'max_epochs': 32, 'module__n_features': 73, 'module__n_neurons': 256, 'module__nonlin': ReLU()}
2024-06-05 17:08:04,028 0.996701 (0.001403) with: {'batch_size': 16, 'lr': 0.001, 'max_epochs': 64, 'module__n_features': 73, 'module__n_neurons': 16, 'module__nonlin': Tanh()}
2024-06-05 17:08:04,028 0.996329 (0.001031) with: {'batch_size': 16, 'lr': 0.001, 'max_epochs': 64, 'module__n_features': 73, 'module__n_neurons': 16, 'module__nonlin': ReLU()}
2024-06-05 17:08:04,028 0.997234 (0.001388) with: {'batch_size': 16, 'lr': 0.001, 'max_epochs': 64, 'module__n_features': 73, 'module__n_neurons': 32, 'module__nonlin': Tanh()}
2024-06-05 17:08:04,028 0.998330 (0.001020) with: {'batch_size': 16, 'lr': 0.001, 'max_epochs': 64, 'module__n_features': 73, 'module__n_neurons': 32, 'module__nonlin': ReLU()}
2024-06-05 17:08:04,028 0.997558 (0.001213) with: {'batch_size': 16, 'lr': 0.001, 'max_epochs': 64, 'module__n_features': 73, 'module__n_neurons': 64, 'module__nonlin': Tanh()}
2024-06-05 17:08:04,028 0.998995 (0.001015) with: {'batch_size': 16, 'lr': 0.001, 'max_epochs': 64, 'module__n_features': 73, 'module__n_neurons': 64, 'module__nonlin': ReLU()}
2024-06-05 17:08:04,028 0.998220 (0.001294) with: {'batch_size': 16, 'lr': 0.001, 'max_epochs': 64, 'module__n_features': 73, 'module__n_neurons': 128, 'module__nonlin': Tanh()}
2024-06-05 17:08:04,028 0.998928 (0.001204) with: {'batch_size': 16, 'lr': 0.001, 'max_epochs': 64, 'module__n_features': 73, 'module__n_neurons': 128, 'module__nonlin': ReLU()}
2024-06-05 17:08:04,028 0.998729 (0.001157) with: {'batch_size': 16, 'lr': 0.001, 'max_epochs': 64, 'module__n_features': 73, 'module__n_neurons': 256, 'module__nonlin': Tanh()}
2024-06-05 17:08:04,028 0.999145 (0.000912) with: {'batch_size': 16, 'lr': 0.001, 'max_epochs': 64, 'module__n_features': 73, 'module__n_neurons': 256, 'module__nonlin': ReLU()}
2024-06-05 17:08:04,028 0.998248 (0.000846) with: {'batch_size': 16, 'lr': 0.001, 'max_epochs': 128, 'module__n_features': 73, 'module__n_neurons': 16, 'module__nonlin': Tanh()}
2024-06-05 17:08:04,028 0.998380 (0.001286) with: {'batch_size': 16, 'lr': 0.001, 'max_epochs': 128, 'module__n_features': 73, 'module__n_neurons': 16, 'module__nonlin': ReLU()}
2024-06-05 17:08:04,029 0.998597 (0.001164) with: {'batch_size': 16, 'lr': 0.001, 'max_epochs': 128, 'module__n_features': 73, 'module__n_neurons': 32, 'module__nonlin': Tanh()}
2024-06-05 17:08:04,029 0.999274 (0.000832) with: {'batch_size': 16, 'lr': 0.001, 'max_epochs': 128, 'module__n_features': 73, 'module__n_neurons': 32, 'module__nonlin': ReLU()}
2024-06-05 17:08:04,029 0.998368 (0.001522) with: {'batch_size': 16, 'lr': 0.001, 'max_epochs': 128, 'module__n_features': 73, 'module__n_neurons': 64, 'module__nonlin': Tanh()}
2024-06-05 17:08:04,029 0.999108 (0.001242) with: {'batch_size': 16, 'lr': 0.001, 'max_epochs': 128, 'module__n_features': 73, 'module__n_neurons': 64, 'module__nonlin': ReLU()}
2024-06-05 17:08:04,029 0.998753 (0.000939) with: {'batch_size': 16, 'lr': 0.001, 'max_epochs': 128, 'module__n_features': 73, 'module__n_neurons': 128, 'module__nonlin': Tanh()}
2024-06-05 17:08:04,029 0.999034 (0.001433) with: {'batch_size': 16, 'lr': 0.001, 'max_epochs': 128, 'module__n_features': 73, 'module__n_neurons': 128, 'module__nonlin': ReLU()}
2024-06-05 17:08:04,029 0.998796 (0.000947) with: {'batch_size': 16, 'lr': 0.001, 'max_epochs': 128, 'module__n_features': 73, 'module__n_neurons': 256, 'module__nonlin': Tanh()}
2024-06-05 17:08:04,029 0.999050 (0.001078) with: {'batch_size': 16, 'lr': 0.001, 'max_epochs': 128, 'module__n_features': 73, 'module__n_neurons': 256, 'module__nonlin': ReLU()}
2024-06-05 17:08:04,029 0.998171 (0.001173) with: {'batch_size': 16, 'lr': 0.01, 'max_epochs': 16, 'module__n_features': 73, 'module__n_neurons': 16, 'module__nonlin': Tanh()}
2024-06-05 17:08:04,029 0.997273 (0.001764) with: {'batch_size': 16, 'lr': 0.01, 'max_epochs': 16, 'module__n_features': 73, 'module__n_neurons': 16, 'module__nonlin': ReLU()}
2024-06-05 17:08:04,029 0.998057 (0.001486) with: {'batch_size': 16, 'lr': 0.01, 'max_epochs': 16, 'module__n_features': 73, 'module__n_neurons': 32, 'module__nonlin': Tanh()}
2024-06-05 17:08:04,029 0.998181 (0.001717) with: {'batch_size': 16, 'lr': 0.01, 'max_epochs': 16, 'module__n_features': 73, 'module__n_neurons': 32, 'module__nonlin': ReLU()}
2024-06-05 17:08:04,029 0.997652 (0.001627) with: {'batch_size': 16, 'lr': 0.01, 'max_epochs': 16, 'module__n_features': 73, 'module__n_neurons': 64, 'module__nonlin': Tanh()}
2024-06-05 17:08:04,029 0.998791 (0.001326) with: {'batch_size': 16, 'lr': 0.01, 'max_epochs': 16, 'module__n_features': 73, 'module__n_neurons': 64, 'module__nonlin': ReLU()}
2024-06-05 17:08:04,029 0.998324 (0.001492) with: {'batch_size': 16, 'lr': 0.01, 'max_epochs': 16, 'module__n_features': 73, 'module__n_neurons': 128, 'module__nonlin': Tanh()}
2024-06-05 17:08:04,029 0.998701 (0.001319) with: {'batch_size': 16, 'lr': 0.01, 'max_epochs': 16, 'module__n_features': 73, 'module__n_neurons': 128, 'module__nonlin': ReLU()}
2024-06-05 17:08:04,029 0.998095 (0.001607) with: {'batch_size': 16, 'lr': 0.01, 'max_epochs': 16, 'module__n_features': 73, 'module__n_neurons': 256, 'module__nonlin': Tanh()}
2024-06-05 17:08:04,029 0.998744 (0.001258) with: {'batch_size': 16, 'lr': 0.01, 'max_epochs': 16, 'module__n_features': 73, 'module__n_neurons': 256, 'module__nonlin': ReLU()}
2024-06-05 17:08:04,029 0.998499 (0.001612) with: {'batch_size': 16, 'lr': 0.01, 'max_epochs': 32, 'module__n_features': 73, 'module__n_neurons': 16, 'module__nonlin': Tanh()}
2024-06-05 17:08:04,029 0.997972 (0.001397) with: {'batch_size': 16, 'lr': 0.01, 'max_epochs': 32, 'module__n_features': 73, 'module__n_neurons': 16, 'module__nonlin': ReLU()}
2024-06-05 17:08:04,029 0.998251 (0.002154) with: {'batch_size': 16, 'lr': 0.01, 'max_epochs': 32, 'module__n_features': 73, 'module__n_neurons': 32, 'module__nonlin': Tanh()}
2024-06-05 17:08:04,029 0.998591 (0.001274) with: {'batch_size': 16, 'lr': 0.01, 'max_epochs': 32, 'module__n_features': 73, 'module__n_neurons': 32, 'module__nonlin': ReLU()}
2024-06-05 17:08:04,029 0.998367 (0.001939) with: {'batch_size': 16, 'lr': 0.01, 'max_epochs': 32, 'module__n_features': 73, 'module__n_neurons': 64, 'module__nonlin': Tanh()}
2024-06-05 17:08:04,029 0.998606 (0.001502) with: {'batch_size': 16, 'lr': 0.01, 'max_epochs': 32, 'module__n_features': 73, 'module__n_neurons': 64, 'module__nonlin': ReLU()}
2024-06-05 17:08:04,029 0.998431 (0.001757) with: {'batch_size': 16, 'lr': 0.01, 'max_epochs': 32, 'module__n_features': 73, 'module__n_neurons': 128, 'module__nonlin': Tanh()}
2024-06-05 17:08:04,029 0.998968 (0.001140) with: {'batch_size': 16, 'lr': 0.01, 'max_epochs': 32, 'module__n_features': 73, 'module__n_neurons': 128, 'module__nonlin': ReLU()}
2024-06-05 17:08:04,029 0.998682 (0.001653) with: {'batch_size': 16, 'lr': 0.01, 'max_epochs': 32, 'module__n_features': 73, 'module__n_neurons': 256, 'module__nonlin': Tanh()}
2024-06-05 17:08:04,029 0.999053 (0.001132) with: {'batch_size': 16, 'lr': 0.01, 'max_epochs': 32, 'module__n_features': 73, 'module__n_neurons': 256, 'module__nonlin': ReLU()}
2024-06-05 17:08:04,029 0.998293 (0.002109) with: {'batch_size': 16, 'lr': 0.01, 'max_epochs': 64, 'module__n_features': 73, 'module__n_neurons': 16, 'module__nonlin': Tanh()}
2024-06-05 17:08:04,029 0.998780 (0.001541) with: {'batch_size': 16, 'lr': 0.01, 'max_epochs': 64, 'module__n_features': 73, 'module__n_neurons': 16, 'module__nonlin': ReLU()}
2024-06-05 17:08:04,029 0.998107 (0.002234) with: {'batch_size': 16, 'lr': 0.01, 'max_epochs': 64, 'module__n_features': 73, 'module__n_neurons': 32, 'module__nonlin': Tanh()}
2024-06-05 17:08:04,029 0.998388 (0.001549) with: {'batch_size': 16, 'lr': 0.01, 'max_epochs': 64, 'module__n_features': 73, 'module__n_neurons': 32, 'module__nonlin': ReLU()}
2024-06-05 17:08:04,029 0.998296 (0.001873) with: {'batch_size': 16, 'lr': 0.01, 'max_epochs': 64, 'module__n_features': 73, 'module__n_neurons': 64, 'module__nonlin': Tanh()}
2024-06-05 17:08:04,029 0.998924 (0.001255) with: {'batch_size': 16, 'lr': 0.01, 'max_epochs': 64, 'module__n_features': 73, 'module__n_neurons': 64, 'module__nonlin': ReLU()}
2024-06-05 17:08:04,029 0.998489 (0.001830) with: {'batch_size': 16, 'lr': 0.01, 'max_epochs': 64, 'module__n_features': 73, 'module__n_neurons': 128, 'module__nonlin': Tanh()}
2024-06-05 17:08:04,029 0.998922 (0.001298) with: {'batch_size': 16, 'lr': 0.01, 'max_epochs': 64, 'module__n_features': 73, 'module__n_neurons': 128, 'module__nonlin': ReLU()}
2024-06-05 17:08:04,029 0.998327 (0.002123) with: {'batch_size': 16, 'lr': 0.01, 'max_epochs': 64, 'module__n_features': 73, 'module__n_neurons': 256, 'module__nonlin': Tanh()}
2024-06-05 17:08:04,029 0.998943 (0.001217) with: {'batch_size': 16, 'lr': 0.01, 'max_epochs': 64, 'module__n_features': 73, 'module__n_neurons': 256, 'module__nonlin': ReLU()}
2024-06-05 17:08:04,029 0.998216 (0.002192) with: {'batch_size': 16, 'lr': 0.01, 'max_epochs': 128, 'module__n_features': 73, 'module__n_neurons': 16, 'module__nonlin': Tanh()}
2024-06-05 17:08:04,029 0.998754 (0.001337) with: {'batch_size': 16, 'lr': 0.01, 'max_epochs': 128, 'module__n_features': 73, 'module__n_neurons': 16, 'module__nonlin': ReLU()}
2024-06-05 17:08:04,029 0.998416 (0.001918) with: {'batch_size': 16, 'lr': 0.01, 'max_epochs': 128, 'module__n_features': 73, 'module__n_neurons': 32, 'module__nonlin': Tanh()}
2024-06-05 17:08:04,029 0.999280 (0.000591) with: {'batch_size': 16, 'lr': 0.01, 'max_epochs': 128, 'module__n_features': 73, 'module__n_neurons': 32, 'module__nonlin': ReLU()}
2024-06-05 17:08:04,029 0.998466 (0.001693) with: {'batch_size': 16, 'lr': 0.01, 'max_epochs': 128, 'module__n_features': 73, 'module__n_neurons': 64, 'module__nonlin': Tanh()}
2024-06-05 17:08:04,029 0.998435 (0.001607) with: {'batch_size': 16, 'lr': 0.01, 'max_epochs': 128, 'module__n_features': 73, 'module__n_neurons': 64, 'module__nonlin': ReLU()}
2024-06-05 17:08:04,029 0.998184 (0.001415) with: {'batch_size': 16, 'lr': 0.01, 'max_epochs': 128, 'module__n_features': 73, 'module__n_neurons': 128, 'module__nonlin': Tanh()}
2024-06-05 17:08:04,029 0.999035 (0.001295) with: {'batch_size': 16, 'lr': 0.01, 'max_epochs': 128, 'module__n_features': 73, 'module__n_neurons': 128, 'module__nonlin': ReLU()}
2024-06-05 17:08:04,029 0.998526 (0.001752) with: {'batch_size': 16, 'lr': 0.01, 'max_epochs': 128, 'module__n_features': 73, 'module__n_neurons': 256, 'module__nonlin': Tanh()}
2024-06-05 17:08:04,030 0.998614 (0.001298) with: {'batch_size': 16, 'lr': 0.01, 'max_epochs': 128, 'module__n_features': 73, 'module__n_neurons': 256, 'module__nonlin': ReLU()}
2024-06-05 17:08:04,030 0.998475 (0.001458) with: {'batch_size': 16, 'lr': 0.02, 'max_epochs': 16, 'module__n_features': 73, 'module__n_neurons': 16, 'module__nonlin': Tanh()}
2024-06-05 17:08:04,030 0.997451 (0.002888) with: {'batch_size': 16, 'lr': 0.02, 'max_epochs': 16, 'module__n_features': 73, 'module__n_neurons': 16, 'module__nonlin': ReLU()}
2024-06-05 17:08:04,030 0.998106 (0.001585) with: {'batch_size': 16, 'lr': 0.02, 'max_epochs': 16, 'module__n_features': 73, 'module__n_neurons': 32, 'module__nonlin': Tanh()}
2024-06-05 17:08:04,030 0.998003 (0.001906) with: {'batch_size': 16, 'lr': 0.02, 'max_epochs': 16, 'module__n_features': 73, 'module__n_neurons': 32, 'module__nonlin': ReLU()}
2024-06-05 17:08:04,030 0.998272 (0.001836) with: {'batch_size': 16, 'lr': 0.02, 'max_epochs': 16, 'module__n_features': 73, 'module__n_neurons': 64, 'module__nonlin': Tanh()}
2024-06-05 17:08:04,030 0.998417 (0.001748) with: {'batch_size': 16, 'lr': 0.02, 'max_epochs': 16, 'module__n_features': 73, 'module__n_neurons': 64, 'module__nonlin': ReLU()}
2024-06-05 17:08:04,030 0.997262 (0.002954) with: {'batch_size': 16, 'lr': 0.02, 'max_epochs': 16, 'module__n_features': 73, 'module__n_neurons': 128, 'module__nonlin': Tanh()}
2024-06-05 17:08:04,030 0.998710 (0.001493) with: {'batch_size': 16, 'lr': 0.02, 'max_epochs': 16, 'module__n_features': 73, 'module__n_neurons': 128, 'module__nonlin': ReLU()}
2024-06-05 17:08:04,030 0.997902 (0.001483) with: {'batch_size': 16, 'lr': 0.02, 'max_epochs': 16, 'module__n_features': 73, 'module__n_neurons': 256, 'module__nonlin': Tanh()}
2024-06-05 17:08:04,030 0.998943 (0.001129) with: {'batch_size': 16, 'lr': 0.02, 'max_epochs': 16, 'module__n_features': 73, 'module__n_neurons': 256, 'module__nonlin': ReLU()}
2024-06-05 17:08:04,030 0.998015 (0.002281) with: {'batch_size': 16, 'lr': 0.02, 'max_epochs': 32, 'module__n_features': 73, 'module__n_neurons': 16, 'module__nonlin': Tanh()}
2024-06-05 17:08:04,030 0.998137 (0.002128) with: {'batch_size': 16, 'lr': 0.02, 'max_epochs': 32, 'module__n_features': 73, 'module__n_neurons': 16, 'module__nonlin': ReLU()}
2024-06-05 17:08:04,030 0.998559 (0.002132) with: {'batch_size': 16, 'lr': 0.02, 'max_epochs': 32, 'module__n_features': 73, 'module__n_neurons': 32, 'module__nonlin': Tanh()}
2024-06-05 17:08:04,030 0.998618 (0.001778) with: {'batch_size': 16, 'lr': 0.02, 'max_epochs': 32, 'module__n_features': 73, 'module__n_neurons': 32, 'module__nonlin': ReLU()}
2024-06-05 17:08:04,030 0.998262 (0.002301) with: {'batch_size': 16, 'lr': 0.02, 'max_epochs': 32, 'module__n_features': 73, 'module__n_neurons': 64, 'module__nonlin': Tanh()}
2024-06-05 17:08:04,030 0.999007 (0.001341) with: {'batch_size': 16, 'lr': 0.02, 'max_epochs': 32, 'module__n_features': 73, 'module__n_neurons': 64, 'module__nonlin': ReLU()}
2024-06-05 17:08:04,030 0.998495 (0.001878) with: {'batch_size': 16, 'lr': 0.02, 'max_epochs': 32, 'module__n_features': 73, 'module__n_neurons': 128, 'module__nonlin': Tanh()}
2024-06-05 17:08:04,030 0.998783 (0.001533) with: {'batch_size': 16, 'lr': 0.02, 'max_epochs': 32, 'module__n_features': 73, 'module__n_neurons': 128, 'module__nonlin': ReLU()}
2024-06-05 17:08:04,030 0.998446 (0.001945) with: {'batch_size': 16, 'lr': 0.02, 'max_epochs': 32, 'module__n_features': 73, 'module__n_neurons': 256, 'module__nonlin': Tanh()}
2024-06-05 17:08:04,030 0.998799 (0.001470) with: {'batch_size': 16, 'lr': 0.02, 'max_epochs': 32, 'module__n_features': 73, 'module__n_neurons': 256, 'module__nonlin': ReLU()}
2024-06-05 17:08:04,030 0.998489 (0.001917) with: {'batch_size': 16, 'lr': 0.02, 'max_epochs': 64, 'module__n_features': 73, 'module__n_neurons': 16, 'module__nonlin': Tanh()}
2024-06-05 17:08:04,030 0.998508 (0.001314) with: {'batch_size': 16, 'lr': 0.02, 'max_epochs': 64, 'module__n_features': 73, 'module__n_neurons': 16, 'module__nonlin': ReLU()}
2024-06-05 17:08:04,030 0.998266 (0.002066) with: {'batch_size': 16, 'lr': 0.02, 'max_epochs': 64, 'module__n_features': 73, 'module__n_neurons': 32, 'module__nonlin': Tanh()}
2024-06-05 17:08:04,030 0.998606 (0.001441) with: {'batch_size': 16, 'lr': 0.02, 'max_epochs': 64, 'module__n_features': 73, 'module__n_neurons': 32, 'module__nonlin': ReLU()}
2024-06-05 17:08:04,030 0.998333 (0.002233) with: {'batch_size': 16, 'lr': 0.02, 'max_epochs': 64, 'module__n_features': 73, 'module__n_neurons': 64, 'module__nonlin': Tanh()}
2024-06-05 17:08:04,030 0.998679 (0.001744) with: {'batch_size': 16, 'lr': 0.02, 'max_epochs': 64, 'module__n_features': 73, 'module__n_neurons': 64, 'module__nonlin': ReLU()}
2024-06-05 17:08:04,030 0.998333 (0.002310) with: {'batch_size': 16, 'lr': 0.02, 'max_epochs': 64, 'module__n_features': 73, 'module__n_neurons': 128, 'module__nonlin': Tanh()}
2024-06-05 17:08:04,030 0.998837 (0.001193) with: {'batch_size': 16, 'lr': 0.02, 'max_epochs': 64, 'module__n_features': 73, 'module__n_neurons': 128, 'module__nonlin': ReLU()}
2024-06-05 17:08:04,030 0.998553 (0.002014) with: {'batch_size': 16, 'lr': 0.02, 'max_epochs': 64, 'module__n_features': 73, 'module__n_neurons': 256, 'module__nonlin': Tanh()}
2024-06-05 17:08:04,030 0.998787 (0.001547) with: {'batch_size': 16, 'lr': 0.02, 'max_epochs': 64, 'module__n_features': 73, 'module__n_neurons': 256, 'module__nonlin': ReLU()}
2024-06-05 17:08:04,030 0.999028 (0.001190) with: {'batch_size': 16, 'lr': 0.02, 'max_epochs': 128, 'module__n_features': 73, 'module__n_neurons': 16, 'module__nonlin': Tanh()}
2024-06-05 17:08:04,030 0.997815 (0.001740) with: {'batch_size': 16, 'lr': 0.02, 'max_epochs': 128, 'module__n_features': 73, 'module__n_neurons': 16, 'module__nonlin': ReLU()}
2024-06-05 17:08:04,030 0.998691 (0.001481) with: {'batch_size': 16, 'lr': 0.02, 'max_epochs': 128, 'module__n_features': 73, 'module__n_neurons': 32, 'module__nonlin': Tanh()}
2024-06-05 17:08:04,030 0.998579 (0.001917) with: {'batch_size': 16, 'lr': 0.02, 'max_epochs': 128, 'module__n_features': 73, 'module__n_neurons': 32, 'module__nonlin': ReLU()}
2024-06-05 17:08:04,030 0.998147 (0.002859) with: {'batch_size': 16, 'lr': 0.02, 'max_epochs': 128, 'module__n_features': 73, 'module__n_neurons': 64, 'module__nonlin': Tanh()}
2024-06-05 17:08:04,030 0.998385 (0.001397) with: {'batch_size': 16, 'lr': 0.02, 'max_epochs': 128, 'module__n_features': 73, 'module__n_neurons': 64, 'module__nonlin': ReLU()}
2024-06-05 17:08:04,030 0.998950 (0.001347) with: {'batch_size': 16, 'lr': 0.02, 'max_epochs': 128, 'module__n_features': 73, 'module__n_neurons': 128, 'module__nonlin': Tanh()}
2024-06-05 17:08:04,030 0.998072 (0.001957) with: {'batch_size': 16, 'lr': 0.02, 'max_epochs': 128, 'module__n_features': 73, 'module__n_neurons': 128, 'module__nonlin': ReLU()}
2024-06-05 17:08:04,030 0.998572 (0.001936) with: {'batch_size': 16, 'lr': 0.02, 'max_epochs': 128, 'module__n_features': 73, 'module__n_neurons': 256, 'module__nonlin': Tanh()}
2024-06-05 17:08:04,030 0.998523 (0.001350) with: {'batch_size': 16, 'lr': 0.02, 'max_epochs': 128, 'module__n_features': 73, 'module__n_neurons': 256, 'module__nonlin': ReLU()}
2024-06-05 17:08:04,030 0.990967 (0.002221) with: {'batch_size': 32, 'lr': 0.001, 'max_epochs': 16, 'module__n_features': 73, 'module__n_neurons': 16, 'module__nonlin': Tanh()}
2024-06-05 17:08:04,030 0.985796 (0.003758) with: {'batch_size': 32, 'lr': 0.001, 'max_epochs': 16, 'module__n_features': 73, 'module__n_neurons': 16, 'module__nonlin': ReLU()}
2024-06-05 17:08:04,030 0.993581 (0.001353) with: {'batch_size': 32, 'lr': 0.001, 'max_epochs': 16, 'module__n_features': 73, 'module__n_neurons': 32, 'module__nonlin': Tanh()}
2024-06-05 17:08:04,030 0.991544 (0.002948) with: {'batch_size': 32, 'lr': 0.001, 'max_epochs': 16, 'module__n_features': 73, 'module__n_neurons': 32, 'module__nonlin': ReLU()}
2024-06-05 17:08:04,030 0.994669 (0.001224) with: {'batch_size': 32, 'lr': 0.001, 'max_epochs': 16, 'module__n_features': 73, 'module__n_neurons': 64, 'module__nonlin': Tanh()}
2024-06-05 17:08:04,030 0.994924 (0.001832) with: {'batch_size': 32, 'lr': 0.001, 'max_epochs': 16, 'module__n_features': 73, 'module__n_neurons': 64, 'module__nonlin': ReLU()}
2024-06-05 17:08:04,030 0.995187 (0.001504) with: {'batch_size': 32, 'lr': 0.001, 'max_epochs': 16, 'module__n_features': 73, 'module__n_neurons': 128, 'module__nonlin': Tanh()}
2024-06-05 17:08:04,031 0.997114 (0.001032) with: {'batch_size': 32, 'lr': 0.001, 'max_epochs': 16, 'module__n_features': 73, 'module__n_neurons': 128, 'module__nonlin': ReLU()}
2024-06-05 17:08:04,031 0.995365 (0.001892) with: {'batch_size': 32, 'lr': 0.001, 'max_epochs': 16, 'module__n_features': 73, 'module__n_neurons': 256, 'module__nonlin': Tanh()}
2024-06-05 17:08:04,031 0.998202 (0.001406) with: {'batch_size': 32, 'lr': 0.001, 'max_epochs': 16, 'module__n_features': 73, 'module__n_neurons': 256, 'module__nonlin': ReLU()}
2024-06-05 17:08:04,031 0.994871 (0.001167) with: {'batch_size': 32, 'lr': 0.001, 'max_epochs': 32, 'module__n_features': 73, 'module__n_neurons': 16, 'module__nonlin': Tanh()}
2024-06-05 17:08:04,031 0.993857 (0.001582) with: {'batch_size': 32, 'lr': 0.001, 'max_epochs': 32, 'module__n_features': 73, 'module__n_neurons': 16, 'module__nonlin': ReLU()}
2024-06-05 17:08:04,031 0.995444 (0.001420) with: {'batch_size': 32, 'lr': 0.001, 'max_epochs': 32, 'module__n_features': 73, 'module__n_neurons': 32, 'module__nonlin': Tanh()}
2024-06-05 17:08:04,031 0.996388 (0.001217) with: {'batch_size': 32, 'lr': 0.001, 'max_epochs': 32, 'module__n_features': 73, 'module__n_neurons': 32, 'module__nonlin': ReLU()}
2024-06-05 17:08:04,031 0.995742 (0.001516) with: {'batch_size': 32, 'lr': 0.001, 'max_epochs': 32, 'module__n_features': 73, 'module__n_neurons': 64, 'module__nonlin': Tanh()}
2024-06-05 17:08:04,031 0.998040 (0.001344) with: {'batch_size': 32, 'lr': 0.001, 'max_epochs': 32, 'module__n_features': 73, 'module__n_neurons': 64, 'module__nonlin': ReLU()}
2024-06-05 17:08:04,031 0.996015 (0.001545) with: {'batch_size': 32, 'lr': 0.001, 'max_epochs': 32, 'module__n_features': 73, 'module__n_neurons': 128, 'module__nonlin': Tanh()}
2024-06-05 17:08:04,031 0.998652 (0.001263) with: {'batch_size': 32, 'lr': 0.001, 'max_epochs': 32, 'module__n_features': 73, 'module__n_neurons': 128, 'module__nonlin': ReLU()}
2024-06-05 17:08:04,031 0.996486 (0.001494) with: {'batch_size': 32, 'lr': 0.001, 'max_epochs': 32, 'module__n_features': 73, 'module__n_neurons': 256, 'module__nonlin': Tanh()}
2024-06-05 17:08:04,031 0.998870 (0.001233) with: {'batch_size': 32, 'lr': 0.001, 'max_epochs': 32, 'module__n_features': 73, 'module__n_neurons': 256, 'module__nonlin': ReLU()}
2024-06-05 17:08:04,031 0.996474 (0.001211) with: {'batch_size': 32, 'lr': 0.001, 'max_epochs': 64, 'module__n_features': 73, 'module__n_neurons': 16, 'module__nonlin': Tanh()}
2024-06-05 17:08:04,031 0.996576 (0.000571) with: {'batch_size': 32, 'lr': 0.001, 'max_epochs': 64, 'module__n_features': 73, 'module__n_neurons': 16, 'module__nonlin': ReLU()}
2024-06-05 17:08:04,031 0.996994 (0.000931) with: {'batch_size': 32, 'lr': 0.001, 'max_epochs': 64, 'module__n_features': 73, 'module__n_neurons': 32, 'module__nonlin': Tanh()}
2024-06-05 17:08:04,031 0.998403 (0.001126) with: {'batch_size': 32, 'lr': 0.001, 'max_epochs': 64, 'module__n_features': 73, 'module__n_neurons': 32, 'module__nonlin': ReLU()}
2024-06-05 17:08:04,031 0.997454 (0.001132) with: {'batch_size': 32, 'lr': 0.001, 'max_epochs': 64, 'module__n_features': 73, 'module__n_neurons': 64, 'module__nonlin': Tanh()}
2024-06-05 17:08:04,031 0.998983 (0.000903) with: {'batch_size': 32, 'lr': 0.001, 'max_epochs': 64, 'module__n_features': 73, 'module__n_neurons': 64, 'module__nonlin': ReLU()}
2024-06-05 17:08:04,031 0.997996 (0.001172) with: {'batch_size': 32, 'lr': 0.001, 'max_epochs': 64, 'module__n_features': 73, 'module__n_neurons': 128, 'module__nonlin': Tanh()}
2024-06-05 17:08:04,031 0.998912 (0.001035) with: {'batch_size': 32, 'lr': 0.001, 'max_epochs': 64, 'module__n_features': 73, 'module__n_neurons': 128, 'module__nonlin': ReLU()}
2024-06-05 17:08:04,031 0.998527 (0.001343) with: {'batch_size': 32, 'lr': 0.001, 'max_epochs': 64, 'module__n_features': 73, 'module__n_neurons': 256, 'module__nonlin': Tanh()}
2024-06-05 17:08:04,031 0.998921 (0.001365) with: {'batch_size': 32, 'lr': 0.001, 'max_epochs': 64, 'module__n_features': 73, 'module__n_neurons': 256, 'module__nonlin': ReLU()}
2024-06-05 17:08:04,031 0.998098 (0.001255) with: {'batch_size': 32, 'lr': 0.001, 'max_epochs': 128, 'module__n_features': 73, 'module__n_neurons': 16, 'module__nonlin': Tanh()}
2024-06-05 17:08:04,031 0.998074 (0.001259) with: {'batch_size': 32, 'lr': 0.001, 'max_epochs': 128, 'module__n_features': 73, 'module__n_neurons': 16, 'module__nonlin': ReLU()}
2024-06-05 17:08:04,031 0.998410 (0.001021) with: {'batch_size': 32, 'lr': 0.001, 'max_epochs': 128, 'module__n_features': 73, 'module__n_neurons': 32, 'module__nonlin': Tanh()}
2024-06-05 17:08:04,031 0.999020 (0.001109) with: {'batch_size': 32, 'lr': 0.001, 'max_epochs': 128, 'module__n_features': 73, 'module__n_neurons': 32, 'module__nonlin': ReLU()}
2024-06-05 17:08:04,031 0.998333 (0.001154) with: {'batch_size': 32, 'lr': 0.001, 'max_epochs': 128, 'module__n_features': 73, 'module__n_neurons': 64, 'module__nonlin': Tanh()}
2024-06-05 17:08:04,031 0.998915 (0.001136) with: {'batch_size': 32, 'lr': 0.001, 'max_epochs': 128, 'module__n_features': 73, 'module__n_neurons': 64, 'module__nonlin': ReLU()}
2024-06-05 17:08:04,031 0.998679 (0.001171) with: {'batch_size': 32, 'lr': 0.001, 'max_epochs': 128, 'module__n_features': 73, 'module__n_neurons': 128, 'module__nonlin': Tanh()}
2024-06-05 17:08:04,031 0.998948 (0.001084) with: {'batch_size': 32, 'lr': 0.001, 'max_epochs': 128, 'module__n_features': 73, 'module__n_neurons': 128, 'module__nonlin': ReLU()}
2024-06-05 17:08:04,031 0.998845 (0.001274) with: {'batch_size': 32, 'lr': 0.001, 'max_epochs': 128, 'module__n_features': 73, 'module__n_neurons': 256, 'module__nonlin': Tanh()}
2024-06-05 17:08:04,031 0.998980 (0.001248) with: {'batch_size': 32, 'lr': 0.001, 'max_epochs': 128, 'module__n_features': 73, 'module__n_neurons': 256, 'module__nonlin': ReLU()}
2024-06-05 17:08:04,031 0.997436 (0.001287) with: {'batch_size': 32, 'lr': 0.01, 'max_epochs': 16, 'module__n_features': 73, 'module__n_neurons': 16, 'module__nonlin': Tanh()}
2024-06-05 17:08:04,031 0.995918 (0.002527) with: {'batch_size': 32, 'lr': 0.01, 'max_epochs': 16, 'module__n_features': 73, 'module__n_neurons': 16, 'module__nonlin': ReLU()}
2024-06-05 17:08:04,031 0.997764 (0.001454) with: {'batch_size': 32, 'lr': 0.01, 'max_epochs': 16, 'module__n_features': 73, 'module__n_neurons': 32, 'module__nonlin': Tanh()}
2024-06-05 17:08:04,031 0.997620 (0.001538) with: {'batch_size': 32, 'lr': 0.01, 'max_epochs': 16, 'module__n_features': 73, 'module__n_neurons': 32, 'module__nonlin': ReLU()}
2024-06-05 17:08:04,031 0.997950 (0.001454) with: {'batch_size': 32, 'lr': 0.01, 'max_epochs': 16, 'module__n_features': 73, 'module__n_neurons': 64, 'module__nonlin': Tanh()}
2024-06-05 17:08:04,031 0.998419 (0.001649) with: {'batch_size': 32, 'lr': 0.01, 'max_epochs': 16, 'module__n_features': 73, 'module__n_neurons': 64, 'module__nonlin': ReLU()}
2024-06-05 17:08:04,031 0.997850 (0.002063) with: {'batch_size': 32, 'lr': 0.01, 'max_epochs': 16, 'module__n_features': 73, 'module__n_neurons': 128, 'module__nonlin': Tanh()}
2024-06-05 17:08:04,031 0.998637 (0.001191) with: {'batch_size': 32, 'lr': 0.01, 'max_epochs': 16, 'module__n_features': 73, 'module__n_neurons': 128, 'module__nonlin': ReLU()}
2024-06-05 17:08:04,031 0.997607 (0.002529) with: {'batch_size': 32, 'lr': 0.01, 'max_epochs': 16, 'module__n_features': 73, 'module__n_neurons': 256, 'module__nonlin': Tanh()}
2024-06-05 17:08:04,031 0.998343 (0.001540) with: {'batch_size': 32, 'lr': 0.01, 'max_epochs': 16, 'module__n_features': 73, 'module__n_neurons': 256, 'module__nonlin': ReLU()}
2024-06-05 17:08:04,031 0.998757 (0.001175) with: {'batch_size': 32, 'lr': 0.01, 'max_epochs': 32, 'module__n_features': 73, 'module__n_neurons': 16, 'module__nonlin': Tanh()}
2024-06-05 17:08:04,031 0.997310 (0.003171) with: {'batch_size': 32, 'lr': 0.01, 'max_epochs': 32, 'module__n_features': 73, 'module__n_neurons': 16, 'module__nonlin': ReLU()}
2024-06-05 17:08:04,031 0.998523 (0.001725) with: {'batch_size': 32, 'lr': 0.01, 'max_epochs': 32, 'module__n_features': 73, 'module__n_neurons': 32, 'module__nonlin': Tanh()}
2024-06-05 17:08:04,031 0.998619 (0.001464) with: {'batch_size': 32, 'lr': 0.01, 'max_epochs': 32, 'module__n_features': 73, 'module__n_neurons': 32, 'module__nonlin': ReLU()}
2024-06-05 17:08:04,031 0.998294 (0.002068) with: {'batch_size': 32, 'lr': 0.01, 'max_epochs': 32, 'module__n_features': 73, 'module__n_neurons': 64, 'module__nonlin': Tanh()}
2024-06-05 17:08:04,032 0.998787 (0.001027) with: {'batch_size': 32, 'lr': 0.01, 'max_epochs': 32, 'module__n_features': 73, 'module__n_neurons': 64, 'module__nonlin': ReLU()}
2024-06-05 17:08:04,032 0.998177 (0.002005) with: {'batch_size': 32, 'lr': 0.01, 'max_epochs': 32, 'module__n_features': 73, 'module__n_neurons': 128, 'module__nonlin': Tanh()}
2024-06-05 17:08:04,032 0.998698 (0.001312) with: {'batch_size': 32, 'lr': 0.01, 'max_epochs': 32, 'module__n_features': 73, 'module__n_neurons': 128, 'module__nonlin': ReLU()}
2024-06-05 17:08:04,032 0.998364 (0.001869) with: {'batch_size': 32, 'lr': 0.01, 'max_epochs': 32, 'module__n_features': 73, 'module__n_neurons': 256, 'module__nonlin': Tanh()}
2024-06-05 17:08:04,032 0.998740 (0.001582) with: {'batch_size': 32, 'lr': 0.01, 'max_epochs': 32, 'module__n_features': 73, 'module__n_neurons': 256, 'module__nonlin': ReLU()}
2024-06-05 17:08:04,032 0.998545 (0.001565) with: {'batch_size': 32, 'lr': 0.01, 'max_epochs': 64, 'module__n_features': 73, 'module__n_neurons': 16, 'module__nonlin': Tanh()}
2024-06-05 17:08:04,032 0.998548 (0.000882) with: {'batch_size': 32, 'lr': 0.01, 'max_epochs': 64, 'module__n_features': 73, 'module__n_neurons': 16, 'module__nonlin': ReLU()}
2024-06-05 17:08:04,032 0.998325 (0.001809) with: {'batch_size': 32, 'lr': 0.01, 'max_epochs': 64, 'module__n_features': 73, 'module__n_neurons': 32, 'module__nonlin': Tanh()}
2024-06-05 17:08:04,032 0.998720 (0.001442) with: {'batch_size': 32, 'lr': 0.01, 'max_epochs': 64, 'module__n_features': 73, 'module__n_neurons': 32, 'module__nonlin': ReLU()}
2024-06-05 17:08:04,032 0.998419 (0.001900) with: {'batch_size': 32, 'lr': 0.01, 'max_epochs': 64, 'module__n_features': 73, 'module__n_neurons': 64, 'module__nonlin': Tanh()}
2024-06-05 17:08:04,032 0.998894 (0.001127) with: {'batch_size': 32, 'lr': 0.01, 'max_epochs': 64, 'module__n_features': 73, 'module__n_neurons': 64, 'module__nonlin': ReLU()}
2024-06-05 17:08:04,032 0.998378 (0.002184) with: {'batch_size': 32, 'lr': 0.01, 'max_epochs': 64, 'module__n_features': 73, 'module__n_neurons': 128, 'module__nonlin': Tanh()}
2024-06-05 17:08:04,032 0.999010 (0.001175) with: {'batch_size': 32, 'lr': 0.01, 'max_epochs': 64, 'module__n_features': 73, 'module__n_neurons': 128, 'module__nonlin': ReLU()}
2024-06-05 17:08:04,032 0.998370 (0.001899) with: {'batch_size': 32, 'lr': 0.01, 'max_epochs': 64, 'module__n_features': 73, 'module__n_neurons': 256, 'module__nonlin': Tanh()}
2024-06-05 17:08:04,032 0.998869 (0.001443) with: {'batch_size': 32, 'lr': 0.01, 'max_epochs': 64, 'module__n_features': 73, 'module__n_neurons': 256, 'module__nonlin': ReLU()}
2024-06-05 17:08:04,032 0.998596 (0.001645) with: {'batch_size': 32, 'lr': 0.01, 'max_epochs': 128, 'module__n_features': 73, 'module__n_neurons': 16, 'module__nonlin': Tanh()}
2024-06-05 17:08:04,032 0.998392 (0.001456) with: {'batch_size': 32, 'lr': 0.01, 'max_epochs': 128, 'module__n_features': 73, 'module__n_neurons': 16, 'module__nonlin': ReLU()}
2024-06-05 17:08:04,032 0.998550 (0.001943) with: {'batch_size': 32, 'lr': 0.01, 'max_epochs': 128, 'module__n_features': 73, 'module__n_neurons': 32, 'module__nonlin': Tanh()}
2024-06-05 17:08:04,032 0.998621 (0.001378) with: {'batch_size': 32, 'lr': 0.01, 'max_epochs': 128, 'module__n_features': 73, 'module__n_neurons': 32, 'module__nonlin': ReLU()}
2024-06-05 17:08:04,032 0.998578 (0.001580) with: {'batch_size': 32, 'lr': 0.01, 'max_epochs': 128, 'module__n_features': 73, 'module__n_neurons': 64, 'module__nonlin': Tanh()}
2024-06-05 17:08:04,032 0.999044 (0.001253) with: {'batch_size': 32, 'lr': 0.01, 'max_epochs': 128, 'module__n_features': 73, 'module__n_neurons': 64, 'module__nonlin': ReLU()}
2024-06-05 17:08:04,032 0.998392 (0.001775) with: {'batch_size': 32, 'lr': 0.01, 'max_epochs': 128, 'module__n_features': 73, 'module__n_neurons': 128, 'module__nonlin': Tanh()}
2024-06-05 17:08:04,032 0.998869 (0.001170) with: {'batch_size': 32, 'lr': 0.01, 'max_epochs': 128, 'module__n_features': 73, 'module__n_neurons': 128, 'module__nonlin': ReLU()}
2024-06-05 17:08:04,032 0.998494 (0.001904) with: {'batch_size': 32, 'lr': 0.01, 'max_epochs': 128, 'module__n_features': 73, 'module__n_neurons': 256, 'module__nonlin': Tanh()}
2024-06-05 17:08:04,032 0.998360 (0.001514) with: {'batch_size': 32, 'lr': 0.01, 'max_epochs': 128, 'module__n_features': 73, 'module__n_neurons': 256, 'module__nonlin': ReLU()}
2024-06-05 17:08:04,032 0.998165 (0.001775) with: {'batch_size': 32, 'lr': 0.02, 'max_epochs': 16, 'module__n_features': 73, 'module__n_neurons': 16, 'module__nonlin': Tanh()}
2024-06-05 17:08:04,032 0.997247 (0.002092) with: {'batch_size': 32, 'lr': 0.02, 'max_epochs': 16, 'module__n_features': 73, 'module__n_neurons': 16, 'module__nonlin': ReLU()}
2024-06-05 17:08:04,032 0.998259 (0.001706) with: {'batch_size': 32, 'lr': 0.02, 'max_epochs': 16, 'module__n_features': 73, 'module__n_neurons': 32, 'module__nonlin': Tanh()}
2024-06-05 17:08:04,032 0.998178 (0.001514) with: {'batch_size': 32, 'lr': 0.02, 'max_epochs': 16, 'module__n_features': 73, 'module__n_neurons': 32, 'module__nonlin': ReLU()}
2024-06-05 17:08:04,032 0.998462 (0.001804) with: {'batch_size': 32, 'lr': 0.02, 'max_epochs': 16, 'module__n_features': 73, 'module__n_neurons': 64, 'module__nonlin': Tanh()}
2024-06-05 17:08:04,032 0.998456 (0.001447) with: {'batch_size': 32, 'lr': 0.02, 'max_epochs': 16, 'module__n_features': 73, 'module__n_neurons': 64, 'module__nonlin': ReLU()}
2024-06-05 17:08:04,032 0.997631 (0.002026) with: {'batch_size': 32, 'lr': 0.02, 'max_epochs': 16, 'module__n_features': 73, 'module__n_neurons': 128, 'module__nonlin': Tanh()}
2024-06-05 17:08:04,032 0.998349 (0.001817) with: {'batch_size': 32, 'lr': 0.02, 'max_epochs': 16, 'module__n_features': 73, 'module__n_neurons': 128, 'module__nonlin': ReLU()}
2024-06-05 17:08:04,032 0.997338 (0.002852) with: {'batch_size': 32, 'lr': 0.02, 'max_epochs': 16, 'module__n_features': 73, 'module__n_neurons': 256, 'module__nonlin': Tanh()}
2024-06-05 17:08:04,032 0.998817 (0.001134) with: {'batch_size': 32, 'lr': 0.02, 'max_epochs': 16, 'module__n_features': 73, 'module__n_neurons': 256, 'module__nonlin': ReLU()}
2024-06-05 17:08:04,032 0.998532 (0.001581) with: {'batch_size': 32, 'lr': 0.02, 'max_epochs': 32, 'module__n_features': 73, 'module__n_neurons': 16, 'module__nonlin': Tanh()}
2024-06-05 17:08:04,032 0.998226 (0.001497) with: {'batch_size': 32, 'lr': 0.02, 'max_epochs': 32, 'module__n_features': 73, 'module__n_neurons': 16, 'module__nonlin': ReLU()}
2024-06-05 17:08:04,032 0.998124 (0.002282) with: {'batch_size': 32, 'lr': 0.02, 'max_epochs': 32, 'module__n_features': 73, 'module__n_neurons': 32, 'module__nonlin': Tanh()}
2024-06-05 17:08:04,032 0.998830 (0.001084) with: {'batch_size': 32, 'lr': 0.02, 'max_epochs': 32, 'module__n_features': 73, 'module__n_neurons': 32, 'module__nonlin': ReLU()}
2024-06-05 17:08:04,032 0.998241 (0.002078) with: {'batch_size': 32, 'lr': 0.02, 'max_epochs': 32, 'module__n_features': 73, 'module__n_neurons': 64, 'module__nonlin': Tanh()}
2024-06-05 17:08:04,032 0.998588 (0.001455) with: {'batch_size': 32, 'lr': 0.02, 'max_epochs': 32, 'module__n_features': 73, 'module__n_neurons': 64, 'module__nonlin': ReLU()}
2024-06-05 17:08:04,032 0.997886 (0.002578) with: {'batch_size': 32, 'lr': 0.02, 'max_epochs': 32, 'module__n_features': 73, 'module__n_neurons': 128, 'module__nonlin': Tanh()}
2024-06-05 17:08:04,032 0.998450 (0.001701) with: {'batch_size': 32, 'lr': 0.02, 'max_epochs': 32, 'module__n_features': 73, 'module__n_neurons': 128, 'module__nonlin': ReLU()}
2024-06-05 17:08:04,032 0.997851 (0.003040) with: {'batch_size': 32, 'lr': 0.02, 'max_epochs': 32, 'module__n_features': 73, 'module__n_neurons': 256, 'module__nonlin': Tanh()}
2024-06-05 17:08:04,032 0.998652 (0.001447) with: {'batch_size': 32, 'lr': 0.02, 'max_epochs': 32, 'module__n_features': 73, 'module__n_neurons': 256, 'module__nonlin': ReLU()}
2024-06-05 17:08:04,032 0.998455 (0.001861) with: {'batch_size': 32, 'lr': 0.02, 'max_epochs': 64, 'module__n_features': 73, 'module__n_neurons': 16, 'module__nonlin': Tanh()}
2024-06-05 17:08:04,032 0.998756 (0.001311) with: {'batch_size': 32, 'lr': 0.02, 'max_epochs': 64, 'module__n_features': 73, 'module__n_neurons': 16, 'module__nonlin': ReLU()}
2024-06-05 17:08:04,032 0.998137 (0.002273) with: {'batch_size': 32, 'lr': 0.02, 'max_epochs': 64, 'module__n_features': 73, 'module__n_neurons': 32, 'module__nonlin': Tanh()}
2024-06-05 17:08:04,032 0.998456 (0.001644) with: {'batch_size': 32, 'lr': 0.02, 'max_epochs': 64, 'module__n_features': 73, 'module__n_neurons': 32, 'module__nonlin': ReLU()}
2024-06-05 17:08:04,033 0.998210 (0.002674) with: {'batch_size': 32, 'lr': 0.02, 'max_epochs': 64, 'module__n_features': 73, 'module__n_neurons': 64, 'module__nonlin': Tanh()}
2024-06-05 17:08:04,033 0.998584 (0.001808) with: {'batch_size': 32, 'lr': 0.02, 'max_epochs': 64, 'module__n_features': 73, 'module__n_neurons': 64, 'module__nonlin': ReLU()}
2024-06-05 17:08:04,033 0.998427 (0.002125) with: {'batch_size': 32, 'lr': 0.02, 'max_epochs': 64, 'module__n_features': 73, 'module__n_neurons': 128, 'module__nonlin': Tanh()}
2024-06-05 17:08:04,033 0.998706 (0.001697) with: {'batch_size': 32, 'lr': 0.02, 'max_epochs': 64, 'module__n_features': 73, 'module__n_neurons': 128, 'module__nonlin': ReLU()}
2024-06-05 17:08:04,033 0.998581 (0.001909) with: {'batch_size': 32, 'lr': 0.02, 'max_epochs': 64, 'module__n_features': 73, 'module__n_neurons': 256, 'module__nonlin': Tanh()}
2024-06-05 17:08:04,033 0.999092 (0.001372) with: {'batch_size': 32, 'lr': 0.02, 'max_epochs': 64, 'module__n_features': 73, 'module__n_neurons': 256, 'module__nonlin': ReLU()}
2024-06-05 17:08:04,033 0.998774 (0.001658) with: {'batch_size': 32, 'lr': 0.02, 'max_epochs': 128, 'module__n_features': 73, 'module__n_neurons': 16, 'module__nonlin': Tanh()}
2024-06-05 17:08:04,033 0.998265 (0.001550) with: {'batch_size': 32, 'lr': 0.02, 'max_epochs': 128, 'module__n_features': 73, 'module__n_neurons': 16, 'module__nonlin': ReLU()}
2024-06-05 17:08:04,033 0.998593 (0.001788) with: {'batch_size': 32, 'lr': 0.02, 'max_epochs': 128, 'module__n_features': 73, 'module__n_neurons': 32, 'module__nonlin': Tanh()}
2024-06-05 17:08:04,033 0.998109 (0.001646) with: {'batch_size': 32, 'lr': 0.02, 'max_epochs': 128, 'module__n_features': 73, 'module__n_neurons': 32, 'module__nonlin': ReLU()}
2024-06-05 17:08:04,033 0.998452 (0.002284) with: {'batch_size': 32, 'lr': 0.02, 'max_epochs': 128, 'module__n_features': 73, 'module__n_neurons': 64, 'module__nonlin': Tanh()}
2024-06-05 17:08:04,033 0.998826 (0.001874) with: {'batch_size': 32, 'lr': 0.02, 'max_epochs': 128, 'module__n_features': 73, 'module__n_neurons': 64, 'module__nonlin': ReLU()}
2024-06-05 17:08:04,033 0.997931 (0.003005) with: {'batch_size': 32, 'lr': 0.02, 'max_epochs': 128, 'module__n_features': 73, 'module__n_neurons': 128, 'module__nonlin': Tanh()}
2024-06-05 17:08:04,033 0.998468 (0.002062) with: {'batch_size': 32, 'lr': 0.02, 'max_epochs': 128, 'module__n_features': 73, 'module__n_neurons': 128, 'module__nonlin': ReLU()}
2024-06-05 17:08:04,033 0.997949 (0.003243) with: {'batch_size': 32, 'lr': 0.02, 'max_epochs': 128, 'module__n_features': 73, 'module__n_neurons': 256, 'module__nonlin': Tanh()}
2024-06-05 17:08:04,033 0.998470 (0.001458) with: {'batch_size': 32, 'lr': 0.02, 'max_epochs': 128, 'module__n_features': 73, 'module__n_neurons': 256, 'module__nonlin': ReLU()}
2024-06-05 17:08:04,033 0.983757 (0.003009) with: {'batch_size': 64, 'lr': 0.001, 'max_epochs': 16, 'module__n_features': 73, 'module__n_neurons': 16, 'module__nonlin': Tanh()}
2024-06-05 17:08:04,033 0.974362 (0.006152) with: {'batch_size': 64, 'lr': 0.001, 'max_epochs': 16, 'module__n_features': 73, 'module__n_neurons': 16, 'module__nonlin': ReLU()}
2024-06-05 17:08:04,033 0.990315 (0.002707) with: {'batch_size': 64, 'lr': 0.001, 'max_epochs': 16, 'module__n_features': 73, 'module__n_neurons': 32, 'module__nonlin': Tanh()}
2024-06-05 17:08:04,033 0.986014 (0.005059) with: {'batch_size': 64, 'lr': 0.001, 'max_epochs': 16, 'module__n_features': 73, 'module__n_neurons': 32, 'module__nonlin': ReLU()}
2024-06-05 17:08:04,033 0.994068 (0.001327) with: {'batch_size': 64, 'lr': 0.001, 'max_epochs': 16, 'module__n_features': 73, 'module__n_neurons': 64, 'module__nonlin': Tanh()}
2024-06-05 17:08:04,033 0.992722 (0.003158) with: {'batch_size': 64, 'lr': 0.001, 'max_epochs': 16, 'module__n_features': 73, 'module__n_neurons': 64, 'module__nonlin': ReLU()}
2024-06-05 17:08:04,033 0.994788 (0.001146) with: {'batch_size': 64, 'lr': 0.001, 'max_epochs': 16, 'module__n_features': 73, 'module__n_neurons': 128, 'module__nonlin': Tanh()}
2024-06-05 17:08:04,033 0.996228 (0.001231) with: {'batch_size': 64, 'lr': 0.001, 'max_epochs': 16, 'module__n_features': 73, 'module__n_neurons': 128, 'module__nonlin': ReLU()}
2024-06-05 17:08:04,033 0.995368 (0.001223) with: {'batch_size': 64, 'lr': 0.001, 'max_epochs': 16, 'module__n_features': 73, 'module__n_neurons': 256, 'module__nonlin': Tanh()}
2024-06-05 17:08:04,033 0.998009 (0.001227) with: {'batch_size': 64, 'lr': 0.001, 'max_epochs': 16, 'module__n_features': 73, 'module__n_neurons': 256, 'module__nonlin': ReLU()}
2024-06-05 17:08:04,033 0.993639 (0.001483) with: {'batch_size': 64, 'lr': 0.001, 'max_epochs': 32, 'module__n_features': 73, 'module__n_neurons': 16, 'module__nonlin': Tanh()}
2024-06-05 17:08:04,033 0.990146 (0.004052) with: {'batch_size': 64, 'lr': 0.001, 'max_epochs': 32, 'module__n_features': 73, 'module__n_neurons': 16, 'module__nonlin': ReLU()}
2024-06-05 17:08:04,033 0.994865 (0.001347) with: {'batch_size': 64, 'lr': 0.001, 'max_epochs': 32, 'module__n_features': 73, 'module__n_neurons': 32, 'module__nonlin': Tanh()}
2024-06-05 17:08:04,033 0.994741 (0.000878) with: {'batch_size': 64, 'lr': 0.001, 'max_epochs': 32, 'module__n_features': 73, 'module__n_neurons': 32, 'module__nonlin': ReLU()}
2024-06-05 17:08:04,033 0.995564 (0.001407) with: {'batch_size': 64, 'lr': 0.001, 'max_epochs': 32, 'module__n_features': 73, 'module__n_neurons': 64, 'module__nonlin': Tanh()}
2024-06-05 17:08:04,033 0.997120 (0.001233) with: {'batch_size': 64, 'lr': 0.001, 'max_epochs': 32, 'module__n_features': 73, 'module__n_neurons': 64, 'module__nonlin': ReLU()}
2024-06-05 17:08:04,033 0.995806 (0.001554) with: {'batch_size': 64, 'lr': 0.001, 'max_epochs': 32, 'module__n_features': 73, 'module__n_neurons': 128, 'module__nonlin': Tanh()}
2024-06-05 17:08:04,033 0.998260 (0.001279) with: {'batch_size': 64, 'lr': 0.001, 'max_epochs': 32, 'module__n_features': 73, 'module__n_neurons': 128, 'module__nonlin': ReLU()}
2024-06-05 17:08:04,033 0.996229 (0.001639) with: {'batch_size': 64, 'lr': 0.001, 'max_epochs': 32, 'module__n_features': 73, 'module__n_neurons': 256, 'module__nonlin': Tanh()}
2024-06-05 17:08:04,033 0.998784 (0.001293) with: {'batch_size': 64, 'lr': 0.001, 'max_epochs': 32, 'module__n_features': 73, 'module__n_neurons': 256, 'module__nonlin': ReLU()}
2024-06-05 17:08:04,033 0.995714 (0.001530) with: {'batch_size': 64, 'lr': 0.001, 'max_epochs': 64, 'module__n_features': 73, 'module__n_neurons': 16, 'module__nonlin': Tanh()}
2024-06-05 17:08:04,033 0.995418 (0.002148) with: {'batch_size': 64, 'lr': 0.001, 'max_epochs': 64, 'module__n_features': 73, 'module__n_neurons': 16, 'module__nonlin': ReLU()}
2024-06-05 17:08:04,033 0.996214 (0.001475) with: {'batch_size': 64, 'lr': 0.001, 'max_epochs': 64, 'module__n_features': 73, 'module__n_neurons': 32, 'module__nonlin': Tanh()}
2024-06-05 17:08:04,033 0.996901 (0.002279) with: {'batch_size': 64, 'lr': 0.001, 'max_epochs': 64, 'module__n_features': 73, 'module__n_neurons': 32, 'module__nonlin': ReLU()}
2024-06-05 17:08:04,033 0.996921 (0.001280) with: {'batch_size': 64, 'lr': 0.001, 'max_epochs': 64, 'module__n_features': 73, 'module__n_neurons': 64, 'module__nonlin': Tanh()}
2024-06-05 17:08:04,033 0.998763 (0.001152) with: {'batch_size': 64, 'lr': 0.001, 'max_epochs': 64, 'module__n_features': 73, 'module__n_neurons': 64, 'module__nonlin': ReLU()}
2024-06-05 17:08:04,033 0.997524 (0.000937) with: {'batch_size': 64, 'lr': 0.001, 'max_epochs': 64, 'module__n_features': 73, 'module__n_neurons': 128, 'module__nonlin': Tanh()}
2024-06-05 17:08:04,033 0.998922 (0.001247) with: {'batch_size': 64, 'lr': 0.001, 'max_epochs': 64, 'module__n_features': 73, 'module__n_neurons': 128, 'module__nonlin': ReLU()}
2024-06-05 17:08:04,033 0.998042 (0.000924) with: {'batch_size': 64, 'lr': 0.001, 'max_epochs': 64, 'module__n_features': 73, 'module__n_neurons': 256, 'module__nonlin': Tanh()}
2024-06-05 17:08:04,033 0.998869 (0.001194) with: {'batch_size': 64, 'lr': 0.001, 'max_epochs': 64, 'module__n_features': 73, 'module__n_neurons': 256, 'module__nonlin': ReLU()}
2024-06-05 17:08:04,033 0.997593 (0.001558) with: {'batch_size': 64, 'lr': 0.001, 'max_epochs': 128, 'module__n_features': 73, 'module__n_neurons': 16, 'module__nonlin': Tanh()}
2024-06-05 17:08:04,033 0.997785 (0.001101) with: {'batch_size': 64, 'lr': 0.001, 'max_epochs': 128, 'module__n_features': 73, 'module__n_neurons': 16, 'module__nonlin': ReLU()}
2024-06-05 17:08:04,034 0.998141 (0.001235) with: {'batch_size': 64, 'lr': 0.001, 'max_epochs': 128, 'module__n_features': 73, 'module__n_neurons': 32, 'module__nonlin': Tanh()}
2024-06-05 17:08:04,034 0.998579 (0.001149) with: {'batch_size': 64, 'lr': 0.001, 'max_epochs': 128, 'module__n_features': 73, 'module__n_neurons': 32, 'module__nonlin': ReLU()}
2024-06-05 17:08:04,034 0.998389 (0.001410) with: {'batch_size': 64, 'lr': 0.001, 'max_epochs': 128, 'module__n_features': 73, 'module__n_neurons': 64, 'module__nonlin': Tanh()}
2024-06-05 17:08:04,034 0.998839 (0.001298) with: {'batch_size': 64, 'lr': 0.001, 'max_epochs': 128, 'module__n_features': 73, 'module__n_neurons': 64, 'module__nonlin': ReLU()}
2024-06-05 17:08:04,034 0.998422 (0.001267) with: {'batch_size': 64, 'lr': 0.001, 'max_epochs': 128, 'module__n_features': 73, 'module__n_neurons': 128, 'module__nonlin': Tanh()}
2024-06-05 17:08:04,034 0.999041 (0.001262) with: {'batch_size': 64, 'lr': 0.001, 'max_epochs': 128, 'module__n_features': 73, 'module__n_neurons': 128, 'module__nonlin': ReLU()}
2024-06-05 17:08:04,034 0.998486 (0.001150) with: {'batch_size': 64, 'lr': 0.001, 'max_epochs': 128, 'module__n_features': 73, 'module__n_neurons': 256, 'module__nonlin': Tanh()}
2024-06-05 17:08:04,034 0.998909 (0.001316) with: {'batch_size': 64, 'lr': 0.001, 'max_epochs': 128, 'module__n_features': 73, 'module__n_neurons': 256, 'module__nonlin': ReLU()}
2024-06-05 17:08:04,034 0.996924 (0.001271) with: {'batch_size': 64, 'lr': 0.01, 'max_epochs': 16, 'module__n_features': 73, 'module__n_neurons': 16, 'module__nonlin': Tanh()}
2024-06-05 17:08:04,034 0.997135 (0.001453) with: {'batch_size': 64, 'lr': 0.01, 'max_epochs': 16, 'module__n_features': 73, 'module__n_neurons': 16, 'module__nonlin': ReLU()}
2024-06-05 17:08:04,034 0.997522 (0.001258) with: {'batch_size': 64, 'lr': 0.01, 'max_epochs': 16, 'module__n_features': 73, 'module__n_neurons': 32, 'module__nonlin': Tanh()}
2024-06-05 17:08:04,034 0.997755 (0.001486) with: {'batch_size': 64, 'lr': 0.01, 'max_epochs': 16, 'module__n_features': 73, 'module__n_neurons': 32, 'module__nonlin': ReLU()}
2024-06-05 17:08:04,034 0.997764 (0.001314) with: {'batch_size': 64, 'lr': 0.01, 'max_epochs': 16, 'module__n_features': 73, 'module__n_neurons': 64, 'module__nonlin': Tanh()}
2024-06-05 17:08:04,034 0.998552 (0.001272) with: {'batch_size': 64, 'lr': 0.01, 'max_epochs': 16, 'module__n_features': 73, 'module__n_neurons': 64, 'module__nonlin': ReLU()}
2024-06-05 17:08:04,034 0.997944 (0.001255) with: {'batch_size': 64, 'lr': 0.01, 'max_epochs': 16, 'module__n_features': 73, 'module__n_neurons': 128, 'module__nonlin': Tanh()}
2024-06-05 17:08:04,034 0.998600 (0.001504) with: {'batch_size': 64, 'lr': 0.01, 'max_epochs': 16, 'module__n_features': 73, 'module__n_neurons': 128, 'module__nonlin': ReLU()}
2024-06-05 17:08:04,034 0.997629 (0.001570) with: {'batch_size': 64, 'lr': 0.01, 'max_epochs': 16, 'module__n_features': 73, 'module__n_neurons': 256, 'module__nonlin': Tanh()}
2024-06-05 17:08:04,034 0.998444 (0.001750) with: {'batch_size': 64, 'lr': 0.01, 'max_epochs': 16, 'module__n_features': 73, 'module__n_neurons': 256, 'module__nonlin': ReLU()}
2024-06-05 17:08:04,034 0.998438 (0.001511) with: {'batch_size': 64, 'lr': 0.01, 'max_epochs': 32, 'module__n_features': 73, 'module__n_neurons': 16, 'module__nonlin': Tanh()}
2024-06-05 17:08:04,034 0.996904 (0.002397) with: {'batch_size': 64, 'lr': 0.01, 'max_epochs': 32, 'module__n_features': 73, 'module__n_neurons': 16, 'module__nonlin': ReLU()}
2024-06-05 17:08:04,034 0.998410 (0.001529) with: {'batch_size': 64, 'lr': 0.01, 'max_epochs': 32, 'module__n_features': 73, 'module__n_neurons': 32, 'module__nonlin': Tanh()}
2024-06-05 17:08:04,034 0.998636 (0.001411) with: {'batch_size': 64, 'lr': 0.01, 'max_epochs': 32, 'module__n_features': 73, 'module__n_neurons': 32, 'module__nonlin': ReLU()}
2024-06-05 17:08:04,034 0.998692 (0.001489) with: {'batch_size': 64, 'lr': 0.01, 'max_epochs': 32, 'module__n_features': 73, 'module__n_neurons': 64, 'module__nonlin': Tanh()}
2024-06-05 17:08:04,034 0.998875 (0.001264) with: {'batch_size': 64, 'lr': 0.01, 'max_epochs': 32, 'module__n_features': 73, 'module__n_neurons': 64, 'module__nonlin': ReLU()}
2024-06-05 17:08:04,034 0.998385 (0.001768) with: {'batch_size': 64, 'lr': 0.01, 'max_epochs': 32, 'module__n_features': 73, 'module__n_neurons': 128, 'module__nonlin': Tanh()}
2024-06-05 17:08:04,034 0.998900 (0.001239) with: {'batch_size': 64, 'lr': 0.01, 'max_epochs': 32, 'module__n_features': 73, 'module__n_neurons': 128, 'module__nonlin': ReLU()}
2024-06-05 17:08:04,034 0.998529 (0.001882) with: {'batch_size': 64, 'lr': 0.01, 'max_epochs': 32, 'module__n_features': 73, 'module__n_neurons': 256, 'module__nonlin': Tanh()}
2024-06-05 17:08:04,034 0.998882 (0.001302) with: {'batch_size': 64, 'lr': 0.01, 'max_epochs': 32, 'module__n_features': 73, 'module__n_neurons': 256, 'module__nonlin': ReLU()}
2024-06-05 17:08:04,034 0.998407 (0.001619) with: {'batch_size': 64, 'lr': 0.01, 'max_epochs': 64, 'module__n_features': 73, 'module__n_neurons': 16, 'module__nonlin': Tanh()}
2024-06-05 17:08:04,034 0.998787 (0.000931) with: {'batch_size': 64, 'lr': 0.01, 'max_epochs': 64, 'module__n_features': 73, 'module__n_neurons': 16, 'module__nonlin': ReLU()}
2024-06-05 17:08:04,034 0.998544 (0.001647) with: {'batch_size': 64, 'lr': 0.01, 'max_epochs': 64, 'module__n_features': 73, 'module__n_neurons': 32, 'module__nonlin': Tanh()}
2024-06-05 17:08:04,034 0.998524 (0.001715) with: {'batch_size': 64, 'lr': 0.01, 'max_epochs': 64, 'module__n_features': 73, 'module__n_neurons': 32, 'module__nonlin': ReLU()}
2024-06-05 17:08:04,034 0.998507 (0.001739) with: {'batch_size': 64, 'lr': 0.01, 'max_epochs': 64, 'module__n_features': 73, 'module__n_neurons': 64, 'module__nonlin': Tanh()}
2024-06-05 17:08:04,034 0.998586 (0.001654) with: {'batch_size': 64, 'lr': 0.01, 'max_epochs': 64, 'module__n_features': 73, 'module__n_neurons': 64, 'module__nonlin': ReLU()}
2024-06-05 17:08:04,034 0.998514 (0.001785) with: {'batch_size': 64, 'lr': 0.01, 'max_epochs': 64, 'module__n_features': 73, 'module__n_neurons': 128, 'module__nonlin': Tanh()}
2024-06-05 17:08:04,034 0.998885 (0.001236) with: {'batch_size': 64, 'lr': 0.01, 'max_epochs': 64, 'module__n_features': 73, 'module__n_neurons': 128, 'module__nonlin': ReLU()}
2024-06-05 17:08:04,034 0.998375 (0.002151) with: {'batch_size': 64, 'lr': 0.01, 'max_epochs': 64, 'module__n_features': 73, 'module__n_neurons': 256, 'module__nonlin': Tanh()}
2024-06-05 17:08:04,034 0.998747 (0.001461) with: {'batch_size': 64, 'lr': 0.01, 'max_epochs': 64, 'module__n_features': 73, 'module__n_neurons': 256, 'module__nonlin': ReLU()}
2024-06-05 17:08:04,034 0.998212 (0.001793) with: {'batch_size': 64, 'lr': 0.01, 'max_epochs': 128, 'module__n_features': 73, 'module__n_neurons': 16, 'module__nonlin': Tanh()}
2024-06-05 17:08:04,034 0.998386 (0.001250) with: {'batch_size': 64, 'lr': 0.01, 'max_epochs': 128, 'module__n_features': 73, 'module__n_neurons': 16, 'module__nonlin': ReLU()}
2024-06-05 17:08:04,034 0.998443 (0.001757) with: {'batch_size': 64, 'lr': 0.01, 'max_epochs': 128, 'module__n_features': 73, 'module__n_neurons': 32, 'module__nonlin': Tanh()}
2024-06-05 17:08:04,034 0.998208 (0.001676) with: {'batch_size': 64, 'lr': 0.01, 'max_epochs': 128, 'module__n_features': 73, 'module__n_neurons': 32, 'module__nonlin': ReLU()}
2024-06-05 17:08:04,034 0.998652 (0.001635) with: {'batch_size': 64, 'lr': 0.01, 'max_epochs': 128, 'module__n_features': 73, 'module__n_neurons': 64, 'module__nonlin': Tanh()}
2024-06-05 17:08:04,034 0.998523 (0.001687) with: {'batch_size': 64, 'lr': 0.01, 'max_epochs': 128, 'module__n_features': 73, 'module__n_neurons': 64, 'module__nonlin': ReLU()}
2024-06-05 17:08:04,034 0.998440 (0.001994) with: {'batch_size': 64, 'lr': 0.01, 'max_epochs': 128, 'module__n_features': 73, 'module__n_neurons': 128, 'module__nonlin': Tanh()}
2024-06-05 17:08:04,034 0.998792 (0.001679) with: {'batch_size': 64, 'lr': 0.01, 'max_epochs': 128, 'module__n_features': 73, 'module__n_neurons': 128, 'module__nonlin': ReLU()}
2024-06-05 17:08:04,034 0.998431 (0.001978) with: {'batch_size': 64, 'lr': 0.01, 'max_epochs': 128, 'module__n_features': 73, 'module__n_neurons': 256, 'module__nonlin': Tanh()}
2024-06-05 17:08:04,034 0.998541 (0.001660) with: {'batch_size': 64, 'lr': 0.01, 'max_epochs': 128, 'module__n_features': 73, 'module__n_neurons': 256, 'module__nonlin': ReLU()}
2024-06-05 17:08:04,035 0.998370 (0.001428) with: {'batch_size': 64, 'lr': 0.02, 'max_epochs': 16, 'module__n_features': 73, 'module__n_neurons': 16, 'module__nonlin': Tanh()}
2024-06-05 17:08:04,035 0.997360 (0.001803) with: {'batch_size': 64, 'lr': 0.02, 'max_epochs': 16, 'module__n_features': 73, 'module__n_neurons': 16, 'module__nonlin': ReLU()}
2024-06-05 17:08:04,035 0.998428 (0.001351) with: {'batch_size': 64, 'lr': 0.02, 'max_epochs': 16, 'module__n_features': 73, 'module__n_neurons': 32, 'module__nonlin': Tanh()}
2024-06-05 17:08:04,035 0.998052 (0.001304) with: {'batch_size': 64, 'lr': 0.02, 'max_epochs': 16, 'module__n_features': 73, 'module__n_neurons': 32, 'module__nonlin': ReLU()}
2024-06-05 17:08:04,035 0.998511 (0.001303) with: {'batch_size': 64, 'lr': 0.02, 'max_epochs': 16, 'module__n_features': 73, 'module__n_neurons': 64, 'module__nonlin': Tanh()}
2024-06-05 17:08:04,035 0.998276 (0.001585) with: {'batch_size': 64, 'lr': 0.02, 'max_epochs': 16, 'module__n_features': 73, 'module__n_neurons': 64, 'module__nonlin': ReLU()}
2024-06-05 17:08:04,035 0.998116 (0.001745) with: {'batch_size': 64, 'lr': 0.02, 'max_epochs': 16, 'module__n_features': 73, 'module__n_neurons': 128, 'module__nonlin': Tanh()}
2024-06-05 17:08:04,035 0.998270 (0.001777) with: {'batch_size': 64, 'lr': 0.02, 'max_epochs': 16, 'module__n_features': 73, 'module__n_neurons': 128, 'module__nonlin': ReLU()}
2024-06-05 17:08:04,035 0.998063 (0.001603) with: {'batch_size': 64, 'lr': 0.02, 'max_epochs': 16, 'module__n_features': 73, 'module__n_neurons': 256, 'module__nonlin': Tanh()}
2024-06-05 17:08:04,035 0.997877 (0.002367) with: {'batch_size': 64, 'lr': 0.02, 'max_epochs': 16, 'module__n_features': 73, 'module__n_neurons': 256, 'module__nonlin': ReLU()}
2024-06-05 17:08:04,035 0.998352 (0.001761) with: {'batch_size': 64, 'lr': 0.02, 'max_epochs': 32, 'module__n_features': 73, 'module__n_neurons': 16, 'module__nonlin': Tanh()}
2024-06-05 17:08:04,035 0.998364 (0.001265) with: {'batch_size': 64, 'lr': 0.02, 'max_epochs': 32, 'module__n_features': 73, 'module__n_neurons': 16, 'module__nonlin': ReLU()}
2024-06-05 17:08:04,035 0.998312 (0.001755) with: {'batch_size': 64, 'lr': 0.02, 'max_epochs': 32, 'module__n_features': 73, 'module__n_neurons': 32, 'module__nonlin': Tanh()}
2024-06-05 17:08:04,035 0.998278 (0.001662) with: {'batch_size': 64, 'lr': 0.02, 'max_epochs': 32, 'module__n_features': 73, 'module__n_neurons': 32, 'module__nonlin': ReLU()}
2024-06-05 17:08:04,035 0.998661 (0.001600) with: {'batch_size': 64, 'lr': 0.02, 'max_epochs': 32, 'module__n_features': 73, 'module__n_neurons': 64, 'module__nonlin': Tanh()}
2024-06-05 17:08:04,035 0.998431 (0.001804) with: {'batch_size': 64, 'lr': 0.02, 'max_epochs': 32, 'module__n_features': 73, 'module__n_neurons': 64, 'module__nonlin': ReLU()}
2024-06-05 17:08:04,035 0.998535 (0.002088) with: {'batch_size': 64, 'lr': 0.02, 'max_epochs': 32, 'module__n_features': 73, 'module__n_neurons': 128, 'module__nonlin': Tanh()}
2024-06-05 17:08:04,035 0.998545 (0.001417) with: {'batch_size': 64, 'lr': 0.02, 'max_epochs': 32, 'module__n_features': 73, 'module__n_neurons': 128, 'module__nonlin': ReLU()}
2024-06-05 17:08:04,035 0.998088 (0.002097) with: {'batch_size': 64, 'lr': 0.02, 'max_epochs': 32, 'module__n_features': 73, 'module__n_neurons': 256, 'module__nonlin': Tanh()}
2024-06-05 17:08:04,035 0.998872 (0.001236) with: {'batch_size': 64, 'lr': 0.02, 'max_epochs': 32, 'module__n_features': 73, 'module__n_neurons': 256, 'module__nonlin': ReLU()}
2024-06-05 17:08:04,035 0.998469 (0.001668) with: {'batch_size': 64, 'lr': 0.02, 'max_epochs': 64, 'module__n_features': 73, 'module__n_neurons': 16, 'module__nonlin': Tanh()}
2024-06-05 17:08:04,035 0.998502 (0.001476) with: {'batch_size': 64, 'lr': 0.02, 'max_epochs': 64, 'module__n_features': 73, 'module__n_neurons': 16, 'module__nonlin': ReLU()}
2024-06-05 17:08:04,035 0.998081 (0.001920) with: {'batch_size': 64, 'lr': 0.02, 'max_epochs': 64, 'module__n_features': 73, 'module__n_neurons': 32, 'module__nonlin': Tanh()}
2024-06-05 17:08:04,035 0.998194 (0.001897) with: {'batch_size': 64, 'lr': 0.02, 'max_epochs': 64, 'module__n_features': 73, 'module__n_neurons': 32, 'module__nonlin': ReLU()}
2024-06-05 17:08:04,035 0.998520 (0.001730) with: {'batch_size': 64, 'lr': 0.02, 'max_epochs': 64, 'module__n_features': 73, 'module__n_neurons': 64, 'module__nonlin': Tanh()}
2024-06-05 17:08:04,035 0.998058 (0.001989) with: {'batch_size': 64, 'lr': 0.02, 'max_epochs': 64, 'module__n_features': 73, 'module__n_neurons': 64, 'module__nonlin': ReLU()}
2024-06-05 17:08:04,035 0.998547 (0.001755) with: {'batch_size': 64, 'lr': 0.02, 'max_epochs': 64, 'module__n_features': 73, 'module__n_neurons': 128, 'module__nonlin': Tanh()}
2024-06-05 17:08:04,035 0.998483 (0.001798) with: {'batch_size': 64, 'lr': 0.02, 'max_epochs': 64, 'module__n_features': 73, 'module__n_neurons': 128, 'module__nonlin': ReLU()}
2024-06-05 17:08:04,035 0.998302 (0.002273) with: {'batch_size': 64, 'lr': 0.02, 'max_epochs': 64, 'module__n_features': 73, 'module__n_neurons': 256, 'module__nonlin': Tanh()}
2024-06-05 17:08:04,035 0.998909 (0.001214) with: {'batch_size': 64, 'lr': 0.02, 'max_epochs': 64, 'module__n_features': 73, 'module__n_neurons': 256, 'module__nonlin': ReLU()}
2024-06-05 17:08:04,035 0.998297 (0.001723) with: {'batch_size': 64, 'lr': 0.02, 'max_epochs': 128, 'module__n_features': 73, 'module__n_neurons': 16, 'module__nonlin': Tanh()}
2024-06-05 17:08:04,035 0.998184 (0.001712) with: {'batch_size': 64, 'lr': 0.02, 'max_epochs': 128, 'module__n_features': 73, 'module__n_neurons': 16, 'module__nonlin': ReLU()}
2024-06-05 17:08:04,035 0.998465 (0.001785) with: {'batch_size': 64, 'lr': 0.02, 'max_epochs': 128, 'module__n_features': 73, 'module__n_neurons': 32, 'module__nonlin': Tanh()}
2024-06-05 17:08:04,035 0.998400 (0.001839) with: {'batch_size': 64, 'lr': 0.02, 'max_epochs': 128, 'module__n_features': 73, 'module__n_neurons': 32, 'module__nonlin': ReLU()}
2024-06-05 17:08:04,035 0.998382 (0.001764) with: {'batch_size': 64, 'lr': 0.02, 'max_epochs': 128, 'module__n_features': 73, 'module__n_neurons': 64, 'module__nonlin': Tanh()}
2024-06-05 17:08:04,035 0.998349 (0.001808) with: {'batch_size': 64, 'lr': 0.02, 'max_epochs': 128, 'module__n_features': 73, 'module__n_neurons': 64, 'module__nonlin': ReLU()}
2024-06-05 17:08:04,035 0.998848 (0.001476) with: {'batch_size': 64, 'lr': 0.02, 'max_epochs': 128, 'module__n_features': 73, 'module__n_neurons': 128, 'module__nonlin': Tanh()}
2024-06-05 17:08:04,035 0.998028 (0.002123) with: {'batch_size': 64, 'lr': 0.02, 'max_epochs': 128, 'module__n_features': 73, 'module__n_neurons': 128, 'module__nonlin': ReLU()}
2024-06-05 17:08:04,035 0.998358 (0.001808) with: {'batch_size': 64, 'lr': 0.02, 'max_epochs': 128, 'module__n_features': 73, 'module__n_neurons': 256, 'module__nonlin': Tanh()}
2024-06-05 17:08:04,035 0.998983 (0.001140) with: {'batch_size': 64, 'lr': 0.02, 'max_epochs': 128, 'module__n_features': 73, 'module__n_neurons': 256, 'module__nonlin': ReLU()}
2024-06-05 17:08:04,035 0.959918 (0.010922) with: {'batch_size': 128, 'lr': 0.001, 'max_epochs': 16, 'module__n_features': 73, 'module__n_neurons': 16, 'module__nonlin': Tanh()}
2024-06-05 17:08:04,035 0.939632 (0.020402) with: {'batch_size': 128, 'lr': 0.001, 'max_epochs': 16, 'module__n_features': 73, 'module__n_neurons': 16, 'module__nonlin': ReLU()}
2024-06-05 17:08:04,035 0.980843 (0.006122) with: {'batch_size': 128, 'lr': 0.001, 'max_epochs': 16, 'module__n_features': 73, 'module__n_neurons': 32, 'module__nonlin': Tanh()}
2024-06-05 17:08:04,035 0.966186 (0.009198) with: {'batch_size': 128, 'lr': 0.001, 'max_epochs': 16, 'module__n_features': 73, 'module__n_neurons': 32, 'module__nonlin': ReLU()}
2024-06-05 17:08:04,035 0.989577 (0.003268) with: {'batch_size': 128, 'lr': 0.001, 'max_epochs': 16, 'module__n_features': 73, 'module__n_neurons': 64, 'module__nonlin': Tanh()}
2024-06-05 17:08:04,035 0.986401 (0.003847) with: {'batch_size': 128, 'lr': 0.001, 'max_epochs': 16, 'module__n_features': 73, 'module__n_neurons': 64, 'module__nonlin': ReLU()}
2024-06-05 17:08:04,035 0.993058 (0.002164) with: {'batch_size': 128, 'lr': 0.001, 'max_epochs': 16, 'module__n_features': 73, 'module__n_neurons': 128, 'module__nonlin': Tanh()}
2024-06-05 17:08:04,035 0.993045 (0.002815) with: {'batch_size': 128, 'lr': 0.001, 'max_epochs': 16, 'module__n_features': 73, 'module__n_neurons': 128, 'module__nonlin': ReLU()}
2024-06-05 17:08:04,036 0.994525 (0.001720) with: {'batch_size': 128, 'lr': 0.001, 'max_epochs': 16, 'module__n_features': 73, 'module__n_neurons': 256, 'module__nonlin': Tanh()}
2024-06-05 17:08:04,036 0.996535 (0.001750) with: {'batch_size': 128, 'lr': 0.001, 'max_epochs': 16, 'module__n_features': 73, 'module__n_neurons': 256, 'module__nonlin': ReLU()}
2024-06-05 17:08:04,036 0.988603 (0.003900) with: {'batch_size': 128, 'lr': 0.001, 'max_epochs': 32, 'module__n_features': 73, 'module__n_neurons': 16, 'module__nonlin': Tanh()}
2024-06-05 17:08:04,036 0.980802 (0.008282) with: {'batch_size': 128, 'lr': 0.001, 'max_epochs': 32, 'module__n_features': 73, 'module__n_neurons': 16, 'module__nonlin': ReLU()}
2024-06-05 17:08:04,036 0.992840 (0.002336) with: {'batch_size': 128, 'lr': 0.001, 'max_epochs': 32, 'module__n_features': 73, 'module__n_neurons': 32, 'module__nonlin': Tanh()}
2024-06-05 17:08:04,036 0.990270 (0.003938) with: {'batch_size': 128, 'lr': 0.001, 'max_epochs': 32, 'module__n_features': 73, 'module__n_neurons': 32, 'module__nonlin': ReLU()}
2024-06-05 17:08:04,036 0.994308 (0.001844) with: {'batch_size': 128, 'lr': 0.001, 'max_epochs': 32, 'module__n_features': 73, 'module__n_neurons': 64, 'module__nonlin': Tanh()}
2024-06-05 17:08:04,036 0.994725 (0.002149) with: {'batch_size': 128, 'lr': 0.001, 'max_epochs': 32, 'module__n_features': 73, 'module__n_neurons': 64, 'module__nonlin': ReLU()}
2024-06-05 17:08:04,036 0.995239 (0.001380) with: {'batch_size': 128, 'lr': 0.001, 'max_epochs': 32, 'module__n_features': 73, 'module__n_neurons': 128, 'module__nonlin': Tanh()}
2024-06-05 17:08:04,036 0.997620 (0.001356) with: {'batch_size': 128, 'lr': 0.001, 'max_epochs': 32, 'module__n_features': 73, 'module__n_neurons': 128, 'module__nonlin': ReLU()}
2024-06-05 17:08:04,036 0.995806 (0.001690) with: {'batch_size': 128, 'lr': 0.001, 'max_epochs': 32, 'module__n_features': 73, 'module__n_neurons': 256, 'module__nonlin': Tanh()}
2024-06-05 17:08:04,036 0.998542 (0.001382) with: {'batch_size': 128, 'lr': 0.001, 'max_epochs': 32, 'module__n_features': 73, 'module__n_neurons': 256, 'module__nonlin': ReLU()}
2024-06-05 17:08:04,036 0.994638 (0.001566) with: {'batch_size': 128, 'lr': 0.001, 'max_epochs': 64, 'module__n_features': 73, 'module__n_neurons': 16, 'module__nonlin': Tanh()}
2024-06-05 17:08:04,036 0.992992 (0.002579) with: {'batch_size': 128, 'lr': 0.001, 'max_epochs': 64, 'module__n_features': 73, 'module__n_neurons': 16, 'module__nonlin': ReLU()}
2024-06-05 17:08:04,036 0.995249 (0.001737) with: {'batch_size': 128, 'lr': 0.001, 'max_epochs': 64, 'module__n_features': 73, 'module__n_neurons': 32, 'module__nonlin': Tanh()}
2024-06-05 17:08:04,036 0.996283 (0.001245) with: {'batch_size': 128, 'lr': 0.001, 'max_epochs': 64, 'module__n_features': 73, 'module__n_neurons': 32, 'module__nonlin': ReLU()}
2024-06-05 17:08:04,036 0.995858 (0.001641) with: {'batch_size': 128, 'lr': 0.001, 'max_epochs': 64, 'module__n_features': 73, 'module__n_neurons': 64, 'module__nonlin': Tanh()}
2024-06-05 17:08:04,036 0.997611 (0.001644) with: {'batch_size': 128, 'lr': 0.001, 'max_epochs': 64, 'module__n_features': 73, 'module__n_neurons': 64, 'module__nonlin': ReLU()}
2024-06-05 17:08:04,036 0.996621 (0.001216) with: {'batch_size': 128, 'lr': 0.001, 'max_epochs': 64, 'module__n_features': 73, 'module__n_neurons': 128, 'module__nonlin': Tanh()}
2024-06-05 17:08:04,036 0.998741 (0.001236) with: {'batch_size': 128, 'lr': 0.001, 'max_epochs': 64, 'module__n_features': 73, 'module__n_neurons': 128, 'module__nonlin': ReLU()}
2024-06-05 17:08:04,036 0.997190 (0.001131) with: {'batch_size': 128, 'lr': 0.001, 'max_epochs': 64, 'module__n_features': 73, 'module__n_neurons': 256, 'module__nonlin': Tanh()}
2024-06-05 17:08:04,036 0.998790 (0.001364) with: {'batch_size': 128, 'lr': 0.001, 'max_epochs': 64, 'module__n_features': 73, 'module__n_neurons': 256, 'module__nonlin': ReLU()}
2024-06-05 17:08:04,036 0.996229 (0.001714) with: {'batch_size': 128, 'lr': 0.001, 'max_epochs': 128, 'module__n_features': 73, 'module__n_neurons': 16, 'module__nonlin': Tanh()}
2024-06-05 17:08:04,036 0.996347 (0.002664) with: {'batch_size': 128, 'lr': 0.001, 'max_epochs': 128, 'module__n_features': 73, 'module__n_neurons': 16, 'module__nonlin': ReLU()}
2024-06-05 17:08:04,036 0.997066 (0.001411) with: {'batch_size': 128, 'lr': 0.001, 'max_epochs': 128, 'module__n_features': 73, 'module__n_neurons': 32, 'module__nonlin': Tanh()}
2024-06-05 17:08:04,036 0.998014 (0.001039) with: {'batch_size': 128, 'lr': 0.001, 'max_epochs': 128, 'module__n_features': 73, 'module__n_neurons': 32, 'module__nonlin': ReLU()}
2024-06-05 17:08:04,036 0.997834 (0.001127) with: {'batch_size': 128, 'lr': 0.001, 'max_epochs': 128, 'module__n_features': 73, 'module__n_neurons': 64, 'module__nonlin': Tanh()}
2024-06-05 17:08:04,036 0.998753 (0.001503) with: {'batch_size': 128, 'lr': 0.001, 'max_epochs': 128, 'module__n_features': 73, 'module__n_neurons': 64, 'module__nonlin': ReLU()}
2024-06-05 17:08:04,036 0.998006 (0.001474) with: {'batch_size': 128, 'lr': 0.001, 'max_epochs': 128, 'module__n_features': 73, 'module__n_neurons': 128, 'module__nonlin': Tanh()}
2024-06-05 17:08:04,036 0.998625 (0.001660) with: {'batch_size': 128, 'lr': 0.001, 'max_epochs': 128, 'module__n_features': 73, 'module__n_neurons': 128, 'module__nonlin': ReLU()}
2024-06-05 17:08:04,036 0.998404 (0.001255) with: {'batch_size': 128, 'lr': 0.001, 'max_epochs': 128, 'module__n_features': 73, 'module__n_neurons': 256, 'module__nonlin': Tanh()}
2024-06-05 17:08:04,036 0.998691 (0.001634) with: {'batch_size': 128, 'lr': 0.001, 'max_epochs': 128, 'module__n_features': 73, 'module__n_neurons': 256, 'module__nonlin': ReLU()}
2024-06-05 17:08:04,036 0.996054 (0.001438) with: {'batch_size': 128, 'lr': 0.01, 'max_epochs': 16, 'module__n_features': 73, 'module__n_neurons': 16, 'module__nonlin': Tanh()}
2024-06-05 17:08:04,036 0.995680 (0.001179) with: {'batch_size': 128, 'lr': 0.01, 'max_epochs': 16, 'module__n_features': 73, 'module__n_neurons': 16, 'module__nonlin': ReLU()}
2024-06-05 17:08:04,036 0.996434 (0.001376) with: {'batch_size': 128, 'lr': 0.01, 'max_epochs': 16, 'module__n_features': 73, 'module__n_neurons': 32, 'module__nonlin': Tanh()}
2024-06-05 17:08:04,036 0.996773 (0.001233) with: {'batch_size': 128, 'lr': 0.01, 'max_epochs': 16, 'module__n_features': 73, 'module__n_neurons': 32, 'module__nonlin': ReLU()}
2024-06-05 17:08:04,036 0.996495 (0.001423) with: {'batch_size': 128, 'lr': 0.01, 'max_epochs': 16, 'module__n_features': 73, 'module__n_neurons': 64, 'module__nonlin': Tanh()}
2024-06-05 17:08:04,036 0.998426 (0.001224) with: {'batch_size': 128, 'lr': 0.01, 'max_epochs': 16, 'module__n_features': 73, 'module__n_neurons': 64, 'module__nonlin': ReLU()}
2024-06-05 17:08:04,036 0.996725 (0.001343) with: {'batch_size': 128, 'lr': 0.01, 'max_epochs': 16, 'module__n_features': 73, 'module__n_neurons': 128, 'module__nonlin': Tanh()}
2024-06-05 17:08:04,036 0.998744 (0.001366) with: {'batch_size': 128, 'lr': 0.01, 'max_epochs': 16, 'module__n_features': 73, 'module__n_neurons': 128, 'module__nonlin': ReLU()}
2024-06-05 17:08:04,036 0.996728 (0.001193) with: {'batch_size': 128, 'lr': 0.01, 'max_epochs': 16, 'module__n_features': 73, 'module__n_neurons': 256, 'module__nonlin': Tanh()}
2024-06-05 17:08:04,036 0.998481 (0.001488) with: {'batch_size': 128, 'lr': 0.01, 'max_epochs': 16, 'module__n_features': 73, 'module__n_neurons': 256, 'module__nonlin': ReLU()}
2024-06-05 17:08:04,036 0.998076 (0.001301) with: {'batch_size': 128, 'lr': 0.01, 'max_epochs': 32, 'module__n_features': 73, 'module__n_neurons': 16, 'module__nonlin': Tanh()}
2024-06-05 17:08:04,036 0.997144 (0.002789) with: {'batch_size': 128, 'lr': 0.01, 'max_epochs': 32, 'module__n_features': 73, 'module__n_neurons': 16, 'module__nonlin': ReLU()}
2024-06-05 17:08:04,036 0.998226 (0.001364) with: {'batch_size': 128, 'lr': 0.01, 'max_epochs': 32, 'module__n_features': 73, 'module__n_neurons': 32, 'module__nonlin': Tanh()}
2024-06-05 17:08:04,036 0.997767 (0.001545) with: {'batch_size': 128, 'lr': 0.01, 'max_epochs': 32, 'module__n_features': 73, 'module__n_neurons': 32, 'module__nonlin': ReLU()}
2024-06-05 17:08:04,036 0.998413 (0.001373) with: {'batch_size': 128, 'lr': 0.01, 'max_epochs': 32, 'module__n_features': 73, 'module__n_neurons': 64, 'module__nonlin': Tanh()}
2024-06-05 17:08:04,036 0.998716 (0.001259) with: {'batch_size': 128, 'lr': 0.01, 'max_epochs': 32, 'module__n_features': 73, 'module__n_neurons': 64, 'module__nonlin': ReLU()}
2024-06-05 17:08:04,036 0.998435 (0.001214) with: {'batch_size': 128, 'lr': 0.01, 'max_epochs': 32, 'module__n_features': 73, 'module__n_neurons': 128, 'module__nonlin': Tanh()}
2024-06-05 17:08:04,037 0.998627 (0.001669) with: {'batch_size': 128, 'lr': 0.01, 'max_epochs': 32, 'module__n_features': 73, 'module__n_neurons': 128, 'module__nonlin': ReLU()}
2024-06-05 17:08:04,037 0.998398 (0.001651) with: {'batch_size': 128, 'lr': 0.01, 'max_epochs': 32, 'module__n_features': 73, 'module__n_neurons': 256, 'module__nonlin': Tanh()}
2024-06-05 17:08:04,037 0.998591 (0.001388) with: {'batch_size': 128, 'lr': 0.01, 'max_epochs': 32, 'module__n_features': 73, 'module__n_neurons': 256, 'module__nonlin': ReLU()}
2024-06-05 17:08:04,037 0.998456 (0.001462) with: {'batch_size': 128, 'lr': 0.01, 'max_epochs': 64, 'module__n_features': 73, 'module__n_neurons': 16, 'module__nonlin': Tanh()}
2024-06-05 17:08:04,037 0.997359 (0.003162) with: {'batch_size': 128, 'lr': 0.01, 'max_epochs': 64, 'module__n_features': 73, 'module__n_neurons': 16, 'module__nonlin': ReLU()}
2024-06-05 17:08:04,037 0.998441 (0.001695) with: {'batch_size': 128, 'lr': 0.01, 'max_epochs': 64, 'module__n_features': 73, 'module__n_neurons': 32, 'module__nonlin': Tanh()}
2024-06-05 17:08:04,037 0.998278 (0.002096) with: {'batch_size': 128, 'lr': 0.01, 'max_epochs': 64, 'module__n_features': 73, 'module__n_neurons': 32, 'module__nonlin': ReLU()}
2024-06-05 17:08:04,037 0.998627 (0.001637) with: {'batch_size': 128, 'lr': 0.01, 'max_epochs': 64, 'module__n_features': 73, 'module__n_neurons': 64, 'module__nonlin': Tanh()}
2024-06-05 17:08:04,037 0.998616 (0.001349) with: {'batch_size': 128, 'lr': 0.01, 'max_epochs': 64, 'module__n_features': 73, 'module__n_neurons': 64, 'module__nonlin': ReLU()}
2024-06-05 17:08:04,037 0.998489 (0.001657) with: {'batch_size': 128, 'lr': 0.01, 'max_epochs': 64, 'module__n_features': 73, 'module__n_neurons': 128, 'module__nonlin': Tanh()}
2024-06-05 17:08:04,037 0.998924 (0.001367) with: {'batch_size': 128, 'lr': 0.01, 'max_epochs': 64, 'module__n_features': 73, 'module__n_neurons': 128, 'module__nonlin': ReLU()}
2024-06-05 17:08:04,037 0.998710 (0.001487) with: {'batch_size': 128, 'lr': 0.01, 'max_epochs': 64, 'module__n_features': 73, 'module__n_neurons': 256, 'module__nonlin': Tanh()}
2024-06-05 17:08:04,037 0.998554 (0.001816) with: {'batch_size': 128, 'lr': 0.01, 'max_epochs': 64, 'module__n_features': 73, 'module__n_neurons': 256, 'module__nonlin': ReLU()}
2024-06-05 17:08:04,037 0.998765 (0.001343) with: {'batch_size': 128, 'lr': 0.01, 'max_epochs': 128, 'module__n_features': 73, 'module__n_neurons': 16, 'module__nonlin': Tanh()}
2024-06-05 17:08:04,037 0.998089 (0.001700) with: {'batch_size': 128, 'lr': 0.01, 'max_epochs': 128, 'module__n_features': 73, 'module__n_neurons': 16, 'module__nonlin': ReLU()}
2024-06-05 17:08:04,037 0.998621 (0.001471) with: {'batch_size': 128, 'lr': 0.01, 'max_epochs': 128, 'module__n_features': 73, 'module__n_neurons': 32, 'module__nonlin': Tanh()}
2024-06-05 17:08:04,037 0.998490 (0.001018) with: {'batch_size': 128, 'lr': 0.01, 'max_epochs': 128, 'module__n_features': 73, 'module__n_neurons': 32, 'module__nonlin': ReLU()}
2024-06-05 17:08:04,037 0.998149 (0.001708) with: {'batch_size': 128, 'lr': 0.01, 'max_epochs': 128, 'module__n_features': 73, 'module__n_neurons': 64, 'module__nonlin': Tanh()}
2024-06-05 17:08:04,037 0.998723 (0.001486) with: {'batch_size': 128, 'lr': 0.01, 'max_epochs': 128, 'module__n_features': 73, 'module__n_neurons': 64, 'module__nonlin': ReLU()}
2024-06-05 17:08:04,037 0.998551 (0.001818) with: {'batch_size': 128, 'lr': 0.01, 'max_epochs': 128, 'module__n_features': 73, 'module__n_neurons': 128, 'module__nonlin': Tanh()}
2024-06-05 17:08:04,037 0.998891 (0.001339) with: {'batch_size': 128, 'lr': 0.01, 'max_epochs': 128, 'module__n_features': 73, 'module__n_neurons': 128, 'module__nonlin': ReLU()}
2024-06-05 17:08:04,037 0.998746 (0.001552) with: {'batch_size': 128, 'lr': 0.01, 'max_epochs': 128, 'module__n_features': 73, 'module__n_neurons': 256, 'module__nonlin': Tanh()}
2024-06-05 17:08:04,037 0.998787 (0.001262) with: {'batch_size': 128, 'lr': 0.01, 'max_epochs': 128, 'module__n_features': 73, 'module__n_neurons': 256, 'module__nonlin': ReLU()}
2024-06-05 17:08:04,037 0.997399 (0.001005) with: {'batch_size': 128, 'lr': 0.02, 'max_epochs': 16, 'module__n_features': 73, 'module__n_neurons': 16, 'module__nonlin': Tanh()}
2024-06-05 17:08:04,037 0.995304 (0.002278) with: {'batch_size': 128, 'lr': 0.02, 'max_epochs': 16, 'module__n_features': 73, 'module__n_neurons': 16, 'module__nonlin': ReLU()}
2024-06-05 17:08:04,037 0.997877 (0.001336) with: {'batch_size': 128, 'lr': 0.02, 'max_epochs': 16, 'module__n_features': 73, 'module__n_neurons': 32, 'module__nonlin': Tanh()}
2024-06-05 17:08:04,037 0.997352 (0.000846) with: {'batch_size': 128, 'lr': 0.02, 'max_epochs': 16, 'module__n_features': 73, 'module__n_neurons': 32, 'module__nonlin': ReLU()}
2024-06-05 17:08:04,037 0.997819 (0.001182) with: {'batch_size': 128, 'lr': 0.02, 'max_epochs': 16, 'module__n_features': 73, 'module__n_neurons': 64, 'module__nonlin': Tanh()}
2024-06-05 17:08:04,037 0.998341 (0.001637) with: {'batch_size': 128, 'lr': 0.02, 'max_epochs': 16, 'module__n_features': 73, 'module__n_neurons': 64, 'module__nonlin': ReLU()}
2024-06-05 17:08:04,037 0.997697 (0.001367) with: {'batch_size': 128, 'lr': 0.02, 'max_epochs': 16, 'module__n_features': 73, 'module__n_neurons': 128, 'module__nonlin': Tanh()}
2024-06-05 17:08:04,037 0.998612 (0.001443) with: {'batch_size': 128, 'lr': 0.02, 'max_epochs': 16, 'module__n_features': 73, 'module__n_neurons': 128, 'module__nonlin': ReLU()}
2024-06-05 17:08:04,037 0.994657 (0.003492) with: {'batch_size': 128, 'lr': 0.02, 'max_epochs': 16, 'module__n_features': 73, 'module__n_neurons': 256, 'module__nonlin': Tanh()}
2024-06-05 17:08:04,037 0.998398 (0.001507) with: {'batch_size': 128, 'lr': 0.02, 'max_epochs': 16, 'module__n_features': 73, 'module__n_neurons': 256, 'module__nonlin': ReLU()}
2024-06-05 17:08:04,037 0.998624 (0.001263) with: {'batch_size': 128, 'lr': 0.02, 'max_epochs': 32, 'module__n_features': 73, 'module__n_neurons': 16, 'module__nonlin': Tanh()}
2024-06-05 17:08:04,037 0.996954 (0.002741) with: {'batch_size': 128, 'lr': 0.02, 'max_epochs': 32, 'module__n_features': 73, 'module__n_neurons': 16, 'module__nonlin': ReLU()}
2024-06-05 17:08:04,037 0.998487 (0.001644) with: {'batch_size': 128, 'lr': 0.02, 'max_epochs': 32, 'module__n_features': 73, 'module__n_neurons': 32, 'module__nonlin': Tanh()}
2024-06-05 17:08:04,037 0.998131 (0.001710) with: {'batch_size': 128, 'lr': 0.02, 'max_epochs': 32, 'module__n_features': 73, 'module__n_neurons': 32, 'module__nonlin': ReLU()}
2024-06-05 17:08:04,037 0.998692 (0.001565) with: {'batch_size': 128, 'lr': 0.02, 'max_epochs': 32, 'module__n_features': 73, 'module__n_neurons': 64, 'module__nonlin': Tanh()}
2024-06-05 17:08:04,037 0.998272 (0.001902) with: {'batch_size': 128, 'lr': 0.02, 'max_epochs': 32, 'module__n_features': 73, 'module__n_neurons': 64, 'module__nonlin': ReLU()}
2024-06-05 17:08:04,037 0.998398 (0.001918) with: {'batch_size': 128, 'lr': 0.02, 'max_epochs': 32, 'module__n_features': 73, 'module__n_neurons': 128, 'module__nonlin': Tanh()}
2024-06-05 17:08:04,037 0.998368 (0.001763) with: {'batch_size': 128, 'lr': 0.02, 'max_epochs': 32, 'module__n_features': 73, 'module__n_neurons': 128, 'module__nonlin': ReLU()}
2024-06-05 17:08:04,037 0.998005 (0.001844) with: {'batch_size': 128, 'lr': 0.02, 'max_epochs': 32, 'module__n_features': 73, 'module__n_neurons': 256, 'module__nonlin': Tanh()}
2024-06-05 17:08:04,037 0.998591 (0.001222) with: {'batch_size': 128, 'lr': 0.02, 'max_epochs': 32, 'module__n_features': 73, 'module__n_neurons': 256, 'module__nonlin': ReLU()}
2024-06-05 17:08:04,037 0.998397 (0.001755) with: {'batch_size': 128, 'lr': 0.02, 'max_epochs': 64, 'module__n_features': 73, 'module__n_neurons': 16, 'module__nonlin': Tanh()}
2024-06-05 17:08:04,037 0.997775 (0.001249) with: {'batch_size': 128, 'lr': 0.02, 'max_epochs': 64, 'module__n_features': 73, 'module__n_neurons': 16, 'module__nonlin': ReLU()}
2024-06-05 17:08:04,037 0.998542 (0.001520) with: {'batch_size': 128, 'lr': 0.02, 'max_epochs': 64, 'module__n_features': 73, 'module__n_neurons': 32, 'module__nonlin': Tanh()}
2024-06-05 17:08:04,037 0.997892 (0.001164) with: {'batch_size': 128, 'lr': 0.02, 'max_epochs': 64, 'module__n_features': 73, 'module__n_neurons': 32, 'module__nonlin': ReLU()}
2024-06-05 17:08:04,037 0.998327 (0.002127) with: {'batch_size': 128, 'lr': 0.02, 'max_epochs': 64, 'module__n_features': 73, 'module__n_neurons': 64, 'module__nonlin': Tanh()}
2024-06-05 17:08:04,037 0.998297 (0.002007) with: {'batch_size': 128, 'lr': 0.02, 'max_epochs': 64, 'module__n_features': 73, 'module__n_neurons': 64, 'module__nonlin': ReLU()}
2024-06-05 17:08:04,038 0.998526 (0.001825) with: {'batch_size': 128, 'lr': 0.02, 'max_epochs': 64, 'module__n_features': 73, 'module__n_neurons': 128, 'module__nonlin': Tanh()}
2024-06-05 17:08:04,038 0.998229 (0.002035) with: {'batch_size': 128, 'lr': 0.02, 'max_epochs': 64, 'module__n_features': 73, 'module__n_neurons': 128, 'module__nonlin': ReLU()}
2024-06-05 17:08:04,038 0.998238 (0.001808) with: {'batch_size': 128, 'lr': 0.02, 'max_epochs': 64, 'module__n_features': 73, 'module__n_neurons': 256, 'module__nonlin': Tanh()}
2024-06-05 17:08:04,038 0.998732 (0.001494) with: {'batch_size': 128, 'lr': 0.02, 'max_epochs': 64, 'module__n_features': 73, 'module__n_neurons': 256, 'module__nonlin': ReLU()}
2024-06-05 17:08:04,038 0.998882 (0.001373) with: {'batch_size': 128, 'lr': 0.02, 'max_epochs': 128, 'module__n_features': 73, 'module__n_neurons': 16, 'module__nonlin': Tanh()}
2024-06-05 17:08:04,038 0.998165 (0.001727) with: {'batch_size': 128, 'lr': 0.02, 'max_epochs': 128, 'module__n_features': 73, 'module__n_neurons': 16, 'module__nonlin': ReLU()}
2024-06-05 17:08:04,038 0.998425 (0.002050) with: {'batch_size': 128, 'lr': 0.02, 'max_epochs': 128, 'module__n_features': 73, 'module__n_neurons': 32, 'module__nonlin': Tanh()}
2024-06-05 17:08:04,038 0.998246 (0.002019) with: {'batch_size': 128, 'lr': 0.02, 'max_epochs': 128, 'module__n_features': 73, 'module__n_neurons': 32, 'module__nonlin': ReLU()}
2024-06-05 17:08:04,038 0.998615 (0.001670) with: {'batch_size': 128, 'lr': 0.02, 'max_epochs': 128, 'module__n_features': 73, 'module__n_neurons': 64, 'module__nonlin': Tanh()}
2024-06-05 17:08:04,038 0.998999 (0.001089) with: {'batch_size': 128, 'lr': 0.02, 'max_epochs': 128, 'module__n_features': 73, 'module__n_neurons': 64, 'module__nonlin': ReLU()}
2024-06-05 17:08:04,038 0.998379 (0.001974) with: {'batch_size': 128, 'lr': 0.02, 'max_epochs': 128, 'module__n_features': 73, 'module__n_neurons': 128, 'module__nonlin': Tanh()}
2024-06-05 17:08:04,038 0.998593 (0.001613) with: {'batch_size': 128, 'lr': 0.02, 'max_epochs': 128, 'module__n_features': 73, 'module__n_neurons': 128, 'module__nonlin': ReLU()}
2024-06-05 17:08:04,038 0.998483 (0.001678) with: {'batch_size': 128, 'lr': 0.02, 'max_epochs': 128, 'module__n_features': 73, 'module__n_neurons': 256, 'module__nonlin': Tanh()}
2024-06-05 17:08:04,038 0.998811 (0.001315) with: {'batch_size': 128, 'lr': 0.02, 'max_epochs': 128, 'module__n_features': 73, 'module__n_neurons': 256, 'module__nonlin': ReLU()}
2024-06-05 20:34:33,634 Best: 0.999203 using {'batch_size': 64, 'lr': 0.01, 'max_epochs': 128, 'module__n_features': 73, 'module__n_neurons': 32, 'module__nonlin': ReLU()}
2024-06-05 20:34:33,649 Best estimator configuration: 
 <class 'skorch.classifier.NeuralNetClassifier'>[initialized](
  module_=Module3Layers(
    (act): ReLU()
    (dense0): Linear(in_features=73, out_features=32, bias=True)
    (dense1): Linear(in_features=32, out_features=32, bias=True)
    (dense2): Linear(in_features=32, out_features=32, bias=True)
    (output): Linear(in_features=32, out_features=1, bias=True)
    (sigmoid): Sigmoid()
  ),
)
2024-06-05 20:34:33,649 0.994647 (0.001195) with: {'batch_size': 16, 'lr': 0.001, 'max_epochs': 16, 'module__n_features': 73, 'module__n_neurons': 16, 'module__nonlin': Tanh()}
2024-06-05 20:34:33,649 0.994155 (0.001985) with: {'batch_size': 16, 'lr': 0.001, 'max_epochs': 16, 'module__n_features': 73, 'module__n_neurons': 16, 'module__nonlin': ReLU()}
2024-06-05 20:34:33,650 0.995052 (0.001623) with: {'batch_size': 16, 'lr': 0.001, 'max_epochs': 16, 'module__n_features': 73, 'module__n_neurons': 32, 'module__nonlin': Tanh()}
2024-06-05 20:34:33,650 0.996153 (0.002216) with: {'batch_size': 16, 'lr': 0.001, 'max_epochs': 16, 'module__n_features': 73, 'module__n_neurons': 32, 'module__nonlin': ReLU()}
2024-06-05 20:34:33,650 0.995451 (0.001567) with: {'batch_size': 16, 'lr': 0.001, 'max_epochs': 16, 'module__n_features': 73, 'module__n_neurons': 64, 'module__nonlin': Tanh()}
2024-06-05 20:34:33,650 0.997454 (0.001259) with: {'batch_size': 16, 'lr': 0.001, 'max_epochs': 16, 'module__n_features': 73, 'module__n_neurons': 64, 'module__nonlin': ReLU()}
2024-06-05 20:34:33,650 0.995313 (0.001950) with: {'batch_size': 16, 'lr': 0.001, 'max_epochs': 16, 'module__n_features': 73, 'module__n_neurons': 128, 'module__nonlin': Tanh()}
2024-06-05 20:34:33,650 0.998459 (0.001132) with: {'batch_size': 16, 'lr': 0.001, 'max_epochs': 16, 'module__n_features': 73, 'module__n_neurons': 128, 'module__nonlin': ReLU()}
2024-06-05 20:34:33,650 0.995182 (0.002140) with: {'batch_size': 16, 'lr': 0.001, 'max_epochs': 16, 'module__n_features': 73, 'module__n_neurons': 256, 'module__nonlin': Tanh()}
2024-06-05 20:34:33,650 0.998698 (0.001222) with: {'batch_size': 16, 'lr': 0.001, 'max_epochs': 16, 'module__n_features': 73, 'module__n_neurons': 256, 'module__nonlin': ReLU()}
2024-06-05 20:34:33,650 0.995632 (0.001881) with: {'batch_size': 16, 'lr': 0.001, 'max_epochs': 32, 'module__n_features': 73, 'module__n_neurons': 16, 'module__nonlin': Tanh()}
2024-06-05 20:34:33,650 0.996045 (0.001395) with: {'batch_size': 16, 'lr': 0.001, 'max_epochs': 32, 'module__n_features': 73, 'module__n_neurons': 16, 'module__nonlin': ReLU()}
2024-06-05 20:34:33,650 0.996140 (0.001641) with: {'batch_size': 16, 'lr': 0.001, 'max_epochs': 32, 'module__n_features': 73, 'module__n_neurons': 32, 'module__nonlin': Tanh()}
2024-06-05 20:34:33,650 0.997528 (0.001594) with: {'batch_size': 16, 'lr': 0.001, 'max_epochs': 32, 'module__n_features': 73, 'module__n_neurons': 32, 'module__nonlin': ReLU()}
2024-06-05 20:34:33,650 0.996089 (0.001934) with: {'batch_size': 16, 'lr': 0.001, 'max_epochs': 32, 'module__n_features': 73, 'module__n_neurons': 64, 'module__nonlin': Tanh()}
2024-06-05 20:34:33,650 0.998548 (0.001185) with: {'batch_size': 16, 'lr': 0.001, 'max_epochs': 32, 'module__n_features': 73, 'module__n_neurons': 64, 'module__nonlin': ReLU()}
2024-06-05 20:34:33,650 0.996630 (0.001483) with: {'batch_size': 16, 'lr': 0.001, 'max_epochs': 32, 'module__n_features': 73, 'module__n_neurons': 128, 'module__nonlin': Tanh()}
2024-06-05 20:34:33,650 0.998796 (0.000881) with: {'batch_size': 16, 'lr': 0.001, 'max_epochs': 32, 'module__n_features': 73, 'module__n_neurons': 128, 'module__nonlin': ReLU()}
2024-06-05 20:34:33,650 0.997720 (0.001490) with: {'batch_size': 16, 'lr': 0.001, 'max_epochs': 32, 'module__n_features': 73, 'module__n_neurons': 256, 'module__nonlin': Tanh()}
2024-06-05 20:34:33,650 0.998331 (0.001519) with: {'batch_size': 16, 'lr': 0.001, 'max_epochs': 32, 'module__n_features': 73, 'module__n_neurons': 256, 'module__nonlin': ReLU()}
2024-06-05 20:34:33,650 0.996526 (0.001566) with: {'batch_size': 16, 'lr': 0.001, 'max_epochs': 64, 'module__n_features': 73, 'module__n_neurons': 16, 'module__nonlin': Tanh()}
2024-06-05 20:34:33,650 0.997812 (0.001058) with: {'batch_size': 16, 'lr': 0.001, 'max_epochs': 64, 'module__n_features': 73, 'module__n_neurons': 16, 'module__nonlin': ReLU()}
2024-06-05 20:34:33,650 0.997537 (0.001049) with: {'batch_size': 16, 'lr': 0.001, 'max_epochs': 64, 'module__n_features': 73, 'module__n_neurons': 32, 'module__nonlin': Tanh()}
2024-06-05 20:34:33,650 0.998362 (0.001382) with: {'batch_size': 16, 'lr': 0.001, 'max_epochs': 64, 'module__n_features': 73, 'module__n_neurons': 32, 'module__nonlin': ReLU()}
2024-06-05 20:34:33,650 0.997770 (0.001231) with: {'batch_size': 16, 'lr': 0.001, 'max_epochs': 64, 'module__n_features': 73, 'module__n_neurons': 64, 'module__nonlin': Tanh()}
2024-06-05 20:34:33,650 0.998562 (0.001277) with: {'batch_size': 16, 'lr': 0.001, 'max_epochs': 64, 'module__n_features': 73, 'module__n_neurons': 64, 'module__nonlin': ReLU()}
2024-06-05 20:34:33,650 0.998508 (0.001362) with: {'batch_size': 16, 'lr': 0.001, 'max_epochs': 64, 'module__n_features': 73, 'module__n_neurons': 128, 'module__nonlin': Tanh()}
2024-06-05 20:34:33,650 0.998919 (0.000795) with: {'batch_size': 16, 'lr': 0.001, 'max_epochs': 64, 'module__n_features': 73, 'module__n_neurons': 128, 'module__nonlin': ReLU()}
2024-06-05 20:34:33,650 0.998421 (0.002125) with: {'batch_size': 16, 'lr': 0.001, 'max_epochs': 64, 'module__n_features': 73, 'module__n_neurons': 256, 'module__nonlin': Tanh()}
2024-06-05 20:34:33,650 0.998961 (0.001138) with: {'batch_size': 16, 'lr': 0.001, 'max_epochs': 64, 'module__n_features': 73, 'module__n_neurons': 256, 'module__nonlin': ReLU()}
2024-06-05 20:34:33,650 0.998111 (0.001290) with: {'batch_size': 16, 'lr': 0.001, 'max_epochs': 128, 'module__n_features': 73, 'module__n_neurons': 16, 'module__nonlin': Tanh()}
2024-06-05 20:34:33,650 0.998413 (0.000721) with: {'batch_size': 16, 'lr': 0.001, 'max_epochs': 128, 'module__n_features': 73, 'module__n_neurons': 16, 'module__nonlin': ReLU()}
2024-06-05 20:34:33,650 0.998304 (0.001380) with: {'batch_size': 16, 'lr': 0.001, 'max_epochs': 128, 'module__n_features': 73, 'module__n_neurons': 32, 'module__nonlin': Tanh()}
2024-06-05 20:34:33,650 0.998173 (0.001966) with: {'batch_size': 16, 'lr': 0.001, 'max_epochs': 128, 'module__n_features': 73, 'module__n_neurons': 32, 'module__nonlin': ReLU()}
2024-06-05 20:34:33,650 0.998043 (0.001642) with: {'batch_size': 16, 'lr': 0.001, 'max_epochs': 128, 'module__n_features': 73, 'module__n_neurons': 64, 'module__nonlin': Tanh()}
2024-06-05 20:34:33,650 0.998924 (0.001111) with: {'batch_size': 16, 'lr': 0.001, 'max_epochs': 128, 'module__n_features': 73, 'module__n_neurons': 64, 'module__nonlin': ReLU()}
2024-06-05 20:34:33,650 0.998554 (0.001557) with: {'batch_size': 16, 'lr': 0.001, 'max_epochs': 128, 'module__n_features': 73, 'module__n_neurons': 128, 'module__nonlin': Tanh()}
2024-06-05 20:34:33,650 0.998526 (0.001172) with: {'batch_size': 16, 'lr': 0.001, 'max_epochs': 128, 'module__n_features': 73, 'module__n_neurons': 128, 'module__nonlin': ReLU()}
2024-06-05 20:34:33,650 0.998304 (0.001792) with: {'batch_size': 16, 'lr': 0.001, 'max_epochs': 128, 'module__n_features': 73, 'module__n_neurons': 256, 'module__nonlin': Tanh()}
2024-06-05 20:34:33,651 0.999114 (0.001140) with: {'batch_size': 16, 'lr': 0.001, 'max_epochs': 128, 'module__n_features': 73, 'module__n_neurons': 256, 'module__nonlin': ReLU()}
2024-06-05 20:34:33,651 0.997982 (0.001402) with: {'batch_size': 16, 'lr': 0.01, 'max_epochs': 16, 'module__n_features': 73, 'module__n_neurons': 16, 'module__nonlin': Tanh()}
2024-06-05 20:34:33,651 0.997038 (0.001967) with: {'batch_size': 16, 'lr': 0.01, 'max_epochs': 16, 'module__n_features': 73, 'module__n_neurons': 16, 'module__nonlin': ReLU()}
2024-06-05 20:34:33,651 0.997963 (0.001891) with: {'batch_size': 16, 'lr': 0.01, 'max_epochs': 16, 'module__n_features': 73, 'module__n_neurons': 32, 'module__nonlin': Tanh()}
2024-06-05 20:34:33,651 0.996689 (0.002152) with: {'batch_size': 16, 'lr': 0.01, 'max_epochs': 16, 'module__n_features': 73, 'module__n_neurons': 32, 'module__nonlin': ReLU()}
2024-06-05 20:34:33,651 0.997469 (0.002347) with: {'batch_size': 16, 'lr': 0.01, 'max_epochs': 16, 'module__n_features': 73, 'module__n_neurons': 64, 'module__nonlin': Tanh()}
2024-06-05 20:34:33,674 0.998894 (0.001130) with: {'batch_size': 16, 'lr': 0.01, 'max_epochs': 16, 'module__n_features': 73, 'module__n_neurons': 64, 'module__nonlin': ReLU()}
2024-06-05 20:34:33,674 0.997054 (0.002862) with: {'batch_size': 16, 'lr': 0.01, 'max_epochs': 16, 'module__n_features': 73, 'module__n_neurons': 128, 'module__nonlin': Tanh()}
2024-06-05 20:34:33,674 0.998346 (0.001567) with: {'batch_size': 16, 'lr': 0.01, 'max_epochs': 16, 'module__n_features': 73, 'module__n_neurons': 128, 'module__nonlin': ReLU()}
2024-06-05 20:34:33,674 0.997807 (0.001519) with: {'batch_size': 16, 'lr': 0.01, 'max_epochs': 16, 'module__n_features': 73, 'module__n_neurons': 256, 'module__nonlin': Tanh()}
2024-06-05 20:34:33,674 0.998637 (0.001478) with: {'batch_size': 16, 'lr': 0.01, 'max_epochs': 16, 'module__n_features': 73, 'module__n_neurons': 256, 'module__nonlin': ReLU()}
2024-06-05 20:34:33,674 0.998496 (0.001643) with: {'batch_size': 16, 'lr': 0.01, 'max_epochs': 32, 'module__n_features': 73, 'module__n_neurons': 16, 'module__nonlin': Tanh()}
2024-06-05 20:34:33,674 0.998711 (0.001315) with: {'batch_size': 16, 'lr': 0.01, 'max_epochs': 32, 'module__n_features': 73, 'module__n_neurons': 16, 'module__nonlin': ReLU()}
2024-06-05 20:34:33,674 0.998340 (0.001970) with: {'batch_size': 16, 'lr': 0.01, 'max_epochs': 32, 'module__n_features': 73, 'module__n_neurons': 32, 'module__nonlin': Tanh()}
2024-06-05 20:34:33,674 0.998555 (0.001280) with: {'batch_size': 16, 'lr': 0.01, 'max_epochs': 32, 'module__n_features': 73, 'module__n_neurons': 32, 'module__nonlin': ReLU()}
2024-06-05 20:34:33,674 0.998116 (0.002128) with: {'batch_size': 16, 'lr': 0.01, 'max_epochs': 32, 'module__n_features': 73, 'module__n_neurons': 64, 'module__nonlin': Tanh()}
2024-06-05 20:34:33,674 0.998844 (0.001535) with: {'batch_size': 16, 'lr': 0.01, 'max_epochs': 32, 'module__n_features': 73, 'module__n_neurons': 64, 'module__nonlin': ReLU()}
2024-06-05 20:34:33,674 0.998502 (0.001412) with: {'batch_size': 16, 'lr': 0.01, 'max_epochs': 32, 'module__n_features': 73, 'module__n_neurons': 128, 'module__nonlin': Tanh()}
2024-06-05 20:34:33,674 0.998796 (0.001463) with: {'batch_size': 16, 'lr': 0.01, 'max_epochs': 32, 'module__n_features': 73, 'module__n_neurons': 128, 'module__nonlin': ReLU()}
2024-06-05 20:34:33,674 0.997558 (0.002077) with: {'batch_size': 16, 'lr': 0.01, 'max_epochs': 32, 'module__n_features': 73, 'module__n_neurons': 256, 'module__nonlin': Tanh()}
2024-06-05 20:34:33,674 0.998590 (0.001926) with: {'batch_size': 16, 'lr': 0.01, 'max_epochs': 32, 'module__n_features': 73, 'module__n_neurons': 256, 'module__nonlin': ReLU()}
2024-06-05 20:34:33,674 0.997854 (0.002882) with: {'batch_size': 16, 'lr': 0.01, 'max_epochs': 64, 'module__n_features': 73, 'module__n_neurons': 16, 'module__nonlin': Tanh()}
2024-06-05 20:34:33,674 0.998541 (0.001642) with: {'batch_size': 16, 'lr': 0.01, 'max_epochs': 64, 'module__n_features': 73, 'module__n_neurons': 16, 'module__nonlin': ReLU()}
2024-06-05 20:34:33,674 0.997960 (0.002328) with: {'batch_size': 16, 'lr': 0.01, 'max_epochs': 64, 'module__n_features': 73, 'module__n_neurons': 32, 'module__nonlin': Tanh()}
2024-06-05 20:34:33,674 0.998354 (0.002342) with: {'batch_size': 16, 'lr': 0.01, 'max_epochs': 64, 'module__n_features': 73, 'module__n_neurons': 32, 'module__nonlin': ReLU()}
2024-06-05 20:34:33,674 0.998376 (0.001631) with: {'batch_size': 16, 'lr': 0.01, 'max_epochs': 64, 'module__n_features': 73, 'module__n_neurons': 64, 'module__nonlin': Tanh()}
2024-06-05 20:34:33,674 0.998256 (0.002093) with: {'batch_size': 16, 'lr': 0.01, 'max_epochs': 64, 'module__n_features': 73, 'module__n_neurons': 64, 'module__nonlin': ReLU()}
2024-06-05 20:34:33,674 0.996397 (0.004104) with: {'batch_size': 16, 'lr': 0.01, 'max_epochs': 64, 'module__n_features': 73, 'module__n_neurons': 128, 'module__nonlin': Tanh()}
2024-06-05 20:34:33,674 0.998366 (0.002274) with: {'batch_size': 16, 'lr': 0.01, 'max_epochs': 64, 'module__n_features': 73, 'module__n_neurons': 128, 'module__nonlin': ReLU()}
2024-06-05 20:34:33,674 0.997795 (0.002543) with: {'batch_size': 16, 'lr': 0.01, 'max_epochs': 64, 'module__n_features': 73, 'module__n_neurons': 256, 'module__nonlin': Tanh()}
2024-06-05 20:34:33,675 0.998311 (0.001549) with: {'batch_size': 16, 'lr': 0.01, 'max_epochs': 64, 'module__n_features': 73, 'module__n_neurons': 256, 'module__nonlin': ReLU()}
2024-06-05 20:34:33,675 0.997983 (0.002347) with: {'batch_size': 16, 'lr': 0.01, 'max_epochs': 128, 'module__n_features': 73, 'module__n_neurons': 16, 'module__nonlin': Tanh()}
2024-06-05 20:34:33,675 0.998700 (0.001156) with: {'batch_size': 16, 'lr': 0.01, 'max_epochs': 128, 'module__n_features': 73, 'module__n_neurons': 16, 'module__nonlin': ReLU()}
2024-06-05 20:34:33,675 0.997789 (0.001763) with: {'batch_size': 16, 'lr': 0.01, 'max_epochs': 128, 'module__n_features': 73, 'module__n_neurons': 32, 'module__nonlin': Tanh()}
2024-06-05 20:34:33,675 0.996939 (0.002993) with: {'batch_size': 16, 'lr': 0.01, 'max_epochs': 128, 'module__n_features': 73, 'module__n_neurons': 32, 'module__nonlin': ReLU()}
2024-06-05 20:34:33,675 0.997901 (0.001095) with: {'batch_size': 16, 'lr': 0.01, 'max_epochs': 128, 'module__n_features': 73, 'module__n_neurons': 64, 'module__nonlin': Tanh()}
2024-06-05 20:34:33,675 0.998299 (0.001594) with: {'batch_size': 16, 'lr': 0.01, 'max_epochs': 128, 'module__n_features': 73, 'module__n_neurons': 64, 'module__nonlin': ReLU()}
2024-06-05 20:34:33,675 0.998057 (0.002109) with: {'batch_size': 16, 'lr': 0.01, 'max_epochs': 128, 'module__n_features': 73, 'module__n_neurons': 128, 'module__nonlin': Tanh()}
2024-06-05 20:34:33,675 0.997048 (0.001948) with: {'batch_size': 16, 'lr': 0.01, 'max_epochs': 128, 'module__n_features': 73, 'module__n_neurons': 128, 'module__nonlin': ReLU()}
2024-06-05 20:34:33,675 0.998641 (0.001739) with: {'batch_size': 16, 'lr': 0.01, 'max_epochs': 128, 'module__n_features': 73, 'module__n_neurons': 256, 'module__nonlin': Tanh()}
2024-06-05 20:34:33,675 0.997691 (0.002120) with: {'batch_size': 16, 'lr': 0.01, 'max_epochs': 128, 'module__n_features': 73, 'module__n_neurons': 256, 'module__nonlin': ReLU()}
2024-06-05 20:34:33,675 0.998094 (0.002209) with: {'batch_size': 16, 'lr': 0.02, 'max_epochs': 16, 'module__n_features': 73, 'module__n_neurons': 16, 'module__nonlin': Tanh()}
2024-06-05 20:34:33,675 0.997659 (0.002454) with: {'batch_size': 16, 'lr': 0.02, 'max_epochs': 16, 'module__n_features': 73, 'module__n_neurons': 16, 'module__nonlin': ReLU()}
2024-06-05 20:34:33,675 0.998005 (0.001701) with: {'batch_size': 16, 'lr': 0.02, 'max_epochs': 16, 'module__n_features': 73, 'module__n_neurons': 32, 'module__nonlin': Tanh()}
2024-06-05 20:34:33,675 0.998401 (0.001949) with: {'batch_size': 16, 'lr': 0.02, 'max_epochs': 16, 'module__n_features': 73, 'module__n_neurons': 32, 'module__nonlin': ReLU()}
2024-06-05 20:34:33,675 0.997988 (0.002056) with: {'batch_size': 16, 'lr': 0.02, 'max_epochs': 16, 'module__n_features': 73, 'module__n_neurons': 64, 'module__nonlin': Tanh()}
2024-06-05 20:34:33,675 0.998101 (0.001923) with: {'batch_size': 16, 'lr': 0.02, 'max_epochs': 16, 'module__n_features': 73, 'module__n_neurons': 64, 'module__nonlin': ReLU()}
2024-06-05 20:34:33,675 0.995131 (0.005230) with: {'batch_size': 16, 'lr': 0.02, 'max_epochs': 16, 'module__n_features': 73, 'module__n_neurons': 128, 'module__nonlin': Tanh()}
2024-06-05 20:34:33,675 0.998241 (0.001926) with: {'batch_size': 16, 'lr': 0.02, 'max_epochs': 16, 'module__n_features': 73, 'module__n_neurons': 128, 'module__nonlin': ReLU()}
2024-06-05 20:34:33,675 0.698822 (0.272753) with: {'batch_size': 16, 'lr': 0.02, 'max_epochs': 16, 'module__n_features': 73, 'module__n_neurons': 256, 'module__nonlin': Tanh()}
2024-06-05 20:34:33,675 0.998616 (0.001483) with: {'batch_size': 16, 'lr': 0.02, 'max_epochs': 16, 'module__n_features': 73, 'module__n_neurons': 256, 'module__nonlin': ReLU()}
2024-06-05 20:34:33,675 0.998468 (0.001540) with: {'batch_size': 16, 'lr': 0.02, 'max_epochs': 32, 'module__n_features': 73, 'module__n_neurons': 16, 'module__nonlin': Tanh()}
2024-06-05 20:34:33,675 0.998101 (0.001931) with: {'batch_size': 16, 'lr': 0.02, 'max_epochs': 32, 'module__n_features': 73, 'module__n_neurons': 16, 'module__nonlin': ReLU()}
2024-06-05 20:34:33,675 0.998100 (0.002187) with: {'batch_size': 16, 'lr': 0.02, 'max_epochs': 32, 'module__n_features': 73, 'module__n_neurons': 32, 'module__nonlin': Tanh()}
2024-06-05 20:34:33,675 0.998713 (0.001588) with: {'batch_size': 16, 'lr': 0.02, 'max_epochs': 32, 'module__n_features': 73, 'module__n_neurons': 32, 'module__nonlin': ReLU()}
2024-06-05 20:34:33,675 0.998157 (0.001974) with: {'batch_size': 16, 'lr': 0.02, 'max_epochs': 32, 'module__n_features': 73, 'module__n_neurons': 64, 'module__nonlin': Tanh()}
2024-06-05 20:34:33,675 0.998167 (0.002257) with: {'batch_size': 16, 'lr': 0.02, 'max_epochs': 32, 'module__n_features': 73, 'module__n_neurons': 64, 'module__nonlin': ReLU()}
2024-06-05 20:34:33,675 0.997144 (0.003411) with: {'batch_size': 16, 'lr': 0.02, 'max_epochs': 32, 'module__n_features': 73, 'module__n_neurons': 128, 'module__nonlin': Tanh()}
2024-06-05 20:34:33,675 0.998197 (0.001836) with: {'batch_size': 16, 'lr': 0.02, 'max_epochs': 32, 'module__n_features': 73, 'module__n_neurons': 128, 'module__nonlin': ReLU()}
2024-06-05 20:34:33,675 0.885613 (0.222018) with: {'batch_size': 16, 'lr': 0.02, 'max_epochs': 32, 'module__n_features': 73, 'module__n_neurons': 256, 'module__nonlin': Tanh()}
2024-06-05 20:34:33,676 0.998548 (0.002154) with: {'batch_size': 16, 'lr': 0.02, 'max_epochs': 32, 'module__n_features': 73, 'module__n_neurons': 256, 'module__nonlin': ReLU()}
2024-06-05 20:34:33,676 0.998011 (0.001535) with: {'batch_size': 16, 'lr': 0.02, 'max_epochs': 64, 'module__n_features': 73, 'module__n_neurons': 16, 'module__nonlin': Tanh()}
2024-06-05 20:34:33,676 0.999012 (0.001182) with: {'batch_size': 16, 'lr': 0.02, 'max_epochs': 64, 'module__n_features': 73, 'module__n_neurons': 16, 'module__nonlin': ReLU()}
2024-06-05 20:34:33,676 0.997993 (0.002615) with: {'batch_size': 16, 'lr': 0.02, 'max_epochs': 64, 'module__n_features': 73, 'module__n_neurons': 32, 'module__nonlin': Tanh()}
2024-06-05 20:34:33,676 0.998778 (0.001439) with: {'batch_size': 16, 'lr': 0.02, 'max_epochs': 64, 'module__n_features': 73, 'module__n_neurons': 32, 'module__nonlin': ReLU()}
2024-06-05 20:34:33,676 0.998264 (0.001827) with: {'batch_size': 16, 'lr': 0.02, 'max_epochs': 64, 'module__n_features': 73, 'module__n_neurons': 64, 'module__nonlin': Tanh()}
2024-06-05 20:34:33,676 0.998633 (0.001738) with: {'batch_size': 16, 'lr': 0.02, 'max_epochs': 64, 'module__n_features': 73, 'module__n_neurons': 64, 'module__nonlin': ReLU()}
2024-06-05 20:34:33,676 0.996375 (0.004305) with: {'batch_size': 16, 'lr': 0.02, 'max_epochs': 64, 'module__n_features': 73, 'module__n_neurons': 128, 'module__nonlin': Tanh()}
2024-06-05 20:34:33,676 0.997792 (0.002159) with: {'batch_size': 16, 'lr': 0.02, 'max_epochs': 64, 'module__n_features': 73, 'module__n_neurons': 128, 'module__nonlin': ReLU()}
2024-06-05 20:34:33,676 0.895826 (0.197963) with: {'batch_size': 16, 'lr': 0.02, 'max_epochs': 64, 'module__n_features': 73, 'module__n_neurons': 256, 'module__nonlin': Tanh()}
2024-06-05 20:34:33,676 0.998166 (0.001624) with: {'batch_size': 16, 'lr': 0.02, 'max_epochs': 64, 'module__n_features': 73, 'module__n_neurons': 256, 'module__nonlin': ReLU()}
2024-06-05 20:34:33,676 0.998393 (0.001717) with: {'batch_size': 16, 'lr': 0.02, 'max_epochs': 128, 'module__n_features': 73, 'module__n_neurons': 16, 'module__nonlin': Tanh()}
2024-06-05 20:34:33,676 0.998160 (0.001538) with: {'batch_size': 16, 'lr': 0.02, 'max_epochs': 128, 'module__n_features': 73, 'module__n_neurons': 16, 'module__nonlin': ReLU()}
2024-06-05 20:34:33,676 0.997856 (0.002079) with: {'batch_size': 16, 'lr': 0.02, 'max_epochs': 128, 'module__n_features': 73, 'module__n_neurons': 32, 'module__nonlin': Tanh()}
2024-06-05 20:34:33,676 0.997659 (0.002136) with: {'batch_size': 16, 'lr': 0.02, 'max_epochs': 128, 'module__n_features': 73, 'module__n_neurons': 32, 'module__nonlin': ReLU()}
2024-06-05 20:34:33,676 0.997540 (0.001701) with: {'batch_size': 16, 'lr': 0.02, 'max_epochs': 128, 'module__n_features': 73, 'module__n_neurons': 64, 'module__nonlin': Tanh()}
2024-06-05 20:34:33,676 0.997502 (0.001913) with: {'batch_size': 16, 'lr': 0.02, 'max_epochs': 128, 'module__n_features': 73, 'module__n_neurons': 64, 'module__nonlin': ReLU()}
2024-06-05 20:34:33,676 0.997603 (0.002372) with: {'batch_size': 16, 'lr': 0.02, 'max_epochs': 128, 'module__n_features': 73, 'module__n_neurons': 128, 'module__nonlin': Tanh()}
2024-06-05 20:34:33,676 0.996812 (0.002330) with: {'batch_size': 16, 'lr': 0.02, 'max_epochs': 128, 'module__n_features': 73, 'module__n_neurons': 128, 'module__nonlin': ReLU()}
2024-06-05 20:34:33,676 0.697583 (0.241990) with: {'batch_size': 16, 'lr': 0.02, 'max_epochs': 128, 'module__n_features': 73, 'module__n_neurons': 256, 'module__nonlin': Tanh()}
2024-06-05 20:34:33,676 0.898509 (0.199257) with: {'batch_size': 16, 'lr': 0.02, 'max_epochs': 128, 'module__n_features': 73, 'module__n_neurons': 256, 'module__nonlin': ReLU()}
2024-06-05 20:34:33,676 0.993234 (0.001501) with: {'batch_size': 32, 'lr': 0.001, 'max_epochs': 16, 'module__n_features': 73, 'module__n_neurons': 16, 'module__nonlin': Tanh()}
2024-06-05 20:34:33,676 0.990792 (0.002083) with: {'batch_size': 32, 'lr': 0.001, 'max_epochs': 16, 'module__n_features': 73, 'module__n_neurons': 16, 'module__nonlin': ReLU()}
2024-06-05 20:34:33,676 0.994767 (0.001160) with: {'batch_size': 32, 'lr': 0.001, 'max_epochs': 16, 'module__n_features': 73, 'module__n_neurons': 32, 'module__nonlin': Tanh()}
2024-06-05 20:34:33,676 0.995295 (0.002096) with: {'batch_size': 32, 'lr': 0.001, 'max_epochs': 16, 'module__n_features': 73, 'module__n_neurons': 32, 'module__nonlin': ReLU()}
2024-06-05 20:34:33,676 0.995328 (0.001675) with: {'batch_size': 32, 'lr': 0.001, 'max_epochs': 16, 'module__n_features': 73, 'module__n_neurons': 64, 'module__nonlin': Tanh()}
2024-06-05 20:34:33,676 0.996939 (0.001232) with: {'batch_size': 32, 'lr': 0.001, 'max_epochs': 16, 'module__n_features': 73, 'module__n_neurons': 64, 'module__nonlin': ReLU()}
2024-06-05 20:34:33,676 0.995455 (0.002183) with: {'batch_size': 32, 'lr': 0.001, 'max_epochs': 16, 'module__n_features': 73, 'module__n_neurons': 128, 'module__nonlin': Tanh()}
2024-06-05 20:34:33,676 0.998312 (0.001237) with: {'batch_size': 32, 'lr': 0.001, 'max_epochs': 16, 'module__n_features': 73, 'module__n_neurons': 128, 'module__nonlin': ReLU()}
2024-06-05 20:34:33,676 0.995213 (0.002319) with: {'batch_size': 32, 'lr': 0.001, 'max_epochs': 16, 'module__n_features': 73, 'module__n_neurons': 256, 'module__nonlin': Tanh()}
2024-06-05 20:34:33,676 0.998943 (0.001122) with: {'batch_size': 32, 'lr': 0.001, 'max_epochs': 16, 'module__n_features': 73, 'module__n_neurons': 256, 'module__nonlin': ReLU()}
2024-06-05 20:34:33,676 0.995551 (0.001217) with: {'batch_size': 32, 'lr': 0.001, 'max_epochs': 32, 'module__n_features': 73, 'module__n_neurons': 16, 'module__nonlin': Tanh()}
2024-06-05 20:34:33,676 0.995670 (0.001347) with: {'batch_size': 32, 'lr': 0.001, 'max_epochs': 32, 'module__n_features': 73, 'module__n_neurons': 16, 'module__nonlin': ReLU()}
2024-06-05 20:34:33,676 0.995903 (0.001171) with: {'batch_size': 32, 'lr': 0.001, 'max_epochs': 32, 'module__n_features': 73, 'module__n_neurons': 32, 'module__nonlin': Tanh()}
2024-06-05 20:34:33,676 0.997337 (0.000564) with: {'batch_size': 32, 'lr': 0.001, 'max_epochs': 32, 'module__n_features': 73, 'module__n_neurons': 32, 'module__nonlin': ReLU()}
2024-06-05 20:34:33,676 0.995950 (0.001708) with: {'batch_size': 32, 'lr': 0.001, 'max_epochs': 32, 'module__n_features': 73, 'module__n_neurons': 64, 'module__nonlin': Tanh()}
2024-06-05 20:34:33,676 0.998674 (0.001038) with: {'batch_size': 32, 'lr': 0.001, 'max_epochs': 32, 'module__n_features': 73, 'module__n_neurons': 64, 'module__nonlin': ReLU()}
2024-06-05 20:34:33,676 0.996312 (0.001626) with: {'batch_size': 32, 'lr': 0.001, 'max_epochs': 32, 'module__n_features': 73, 'module__n_neurons': 128, 'module__nonlin': Tanh()}
2024-06-05 20:34:33,677 0.998549 (0.001232) with: {'batch_size': 32, 'lr': 0.001, 'max_epochs': 32, 'module__n_features': 73, 'module__n_neurons': 128, 'module__nonlin': ReLU()}
2024-06-05 20:34:33,677 0.997641 (0.001460) with: {'batch_size': 32, 'lr': 0.001, 'max_epochs': 32, 'module__n_features': 73, 'module__n_neurons': 256, 'module__nonlin': Tanh()}
2024-06-05 20:34:33,677 0.998741 (0.001310) with: {'batch_size': 32, 'lr': 0.001, 'max_epochs': 32, 'module__n_features': 73, 'module__n_neurons': 256, 'module__nonlin': ReLU()}
2024-06-05 20:34:33,677 0.997032 (0.001335) with: {'batch_size': 32, 'lr': 0.001, 'max_epochs': 64, 'module__n_features': 73, 'module__n_neurons': 16, 'module__nonlin': Tanh()}
2024-06-05 20:34:33,677 0.997569 (0.001215) with: {'batch_size': 32, 'lr': 0.001, 'max_epochs': 64, 'module__n_features': 73, 'module__n_neurons': 16, 'module__nonlin': ReLU()}
2024-06-05 20:34:33,677 0.997414 (0.001136) with: {'batch_size': 32, 'lr': 0.001, 'max_epochs': 64, 'module__n_features': 73, 'module__n_neurons': 32, 'module__nonlin': Tanh()}
2024-06-05 20:34:33,677 0.999197 (0.000614) with: {'batch_size': 32, 'lr': 0.001, 'max_epochs': 64, 'module__n_features': 73, 'module__n_neurons': 32, 'module__nonlin': ReLU()}
2024-06-05 20:34:33,677 0.997764 (0.001348) with: {'batch_size': 32, 'lr': 0.001, 'max_epochs': 64, 'module__n_features': 73, 'module__n_neurons': 64, 'module__nonlin': Tanh()}
2024-06-05 20:34:33,677 0.998660 (0.001083) with: {'batch_size': 32, 'lr': 0.001, 'max_epochs': 64, 'module__n_features': 73, 'module__n_neurons': 64, 'module__nonlin': ReLU()}
2024-06-05 20:34:33,677 0.997873 (0.001350) with: {'batch_size': 32, 'lr': 0.001, 'max_epochs': 64, 'module__n_features': 73, 'module__n_neurons': 128, 'module__nonlin': Tanh()}
2024-06-05 20:34:33,677 0.998882 (0.001138) with: {'batch_size': 32, 'lr': 0.001, 'max_epochs': 64, 'module__n_features': 73, 'module__n_neurons': 128, 'module__nonlin': ReLU()}
2024-06-05 20:34:33,677 0.998676 (0.001788) with: {'batch_size': 32, 'lr': 0.001, 'max_epochs': 64, 'module__n_features': 73, 'module__n_neurons': 256, 'module__nonlin': Tanh()}
2024-06-05 20:34:33,677 0.998876 (0.001119) with: {'batch_size': 32, 'lr': 0.001, 'max_epochs': 64, 'module__n_features': 73, 'module__n_neurons': 256, 'module__nonlin': ReLU()}
2024-06-05 20:34:33,677 0.998129 (0.001214) with: {'batch_size': 32, 'lr': 0.001, 'max_epochs': 128, 'module__n_features': 73, 'module__n_neurons': 16, 'module__nonlin': Tanh()}
2024-06-05 20:34:33,677 0.998275 (0.001327) with: {'batch_size': 32, 'lr': 0.001, 'max_epochs': 128, 'module__n_features': 73, 'module__n_neurons': 16, 'module__nonlin': ReLU()}
2024-06-05 20:34:33,677 0.998263 (0.001113) with: {'batch_size': 32, 'lr': 0.001, 'max_epochs': 128, 'module__n_features': 73, 'module__n_neurons': 32, 'module__nonlin': Tanh()}
2024-06-05 20:34:33,677 0.997821 (0.001698) with: {'batch_size': 32, 'lr': 0.001, 'max_epochs': 128, 'module__n_features': 73, 'module__n_neurons': 32, 'module__nonlin': ReLU()}
2024-06-05 20:34:33,677 0.998385 (0.001345) with: {'batch_size': 32, 'lr': 0.001, 'max_epochs': 128, 'module__n_features': 73, 'module__n_neurons': 64, 'module__nonlin': Tanh()}
2024-06-05 20:34:33,677 0.998865 (0.000991) with: {'batch_size': 32, 'lr': 0.001, 'max_epochs': 128, 'module__n_features': 73, 'module__n_neurons': 64, 'module__nonlin': ReLU()}
2024-06-05 20:34:33,677 0.998575 (0.001273) with: {'batch_size': 32, 'lr': 0.001, 'max_epochs': 128, 'module__n_features': 73, 'module__n_neurons': 128, 'module__nonlin': Tanh()}
2024-06-05 20:34:33,677 0.998612 (0.001338) with: {'batch_size': 32, 'lr': 0.001, 'max_epochs': 128, 'module__n_features': 73, 'module__n_neurons': 128, 'module__nonlin': ReLU()}
2024-06-05 20:34:33,677 0.998710 (0.001558) with: {'batch_size': 32, 'lr': 0.001, 'max_epochs': 128, 'module__n_features': 73, 'module__n_neurons': 256, 'module__nonlin': Tanh()}
2024-06-05 20:34:33,677 0.998867 (0.001178) with: {'batch_size': 32, 'lr': 0.001, 'max_epochs': 128, 'module__n_features': 73, 'module__n_neurons': 256, 'module__nonlin': ReLU()}
2024-06-05 20:34:33,677 0.997466 (0.001679) with: {'batch_size': 32, 'lr': 0.01, 'max_epochs': 16, 'module__n_features': 73, 'module__n_neurons': 16, 'module__nonlin': Tanh()}
2024-06-05 20:34:33,677 0.997706 (0.001742) with: {'batch_size': 32, 'lr': 0.01, 'max_epochs': 16, 'module__n_features': 73, 'module__n_neurons': 16, 'module__nonlin': ReLU()}
2024-06-05 20:34:33,677 0.997546 (0.001748) with: {'batch_size': 32, 'lr': 0.01, 'max_epochs': 16, 'module__n_features': 73, 'module__n_neurons': 32, 'module__nonlin': Tanh()}
2024-06-05 20:34:33,677 0.997813 (0.001756) with: {'batch_size': 32, 'lr': 0.01, 'max_epochs': 16, 'module__n_features': 73, 'module__n_neurons': 32, 'module__nonlin': ReLU()}
2024-06-05 20:34:33,677 0.997597 (0.002043) with: {'batch_size': 32, 'lr': 0.01, 'max_epochs': 16, 'module__n_features': 73, 'module__n_neurons': 64, 'module__nonlin': Tanh()}
2024-06-05 20:34:33,678 0.998267 (0.001793) with: {'batch_size': 32, 'lr': 0.01, 'max_epochs': 16, 'module__n_features': 73, 'module__n_neurons': 64, 'module__nonlin': ReLU()}
2024-06-05 20:34:33,678 0.997597 (0.002062) with: {'batch_size': 32, 'lr': 0.01, 'max_epochs': 16, 'module__n_features': 73, 'module__n_neurons': 128, 'module__nonlin': Tanh()}
2024-06-05 20:34:33,678 0.998649 (0.001325) with: {'batch_size': 32, 'lr': 0.01, 'max_epochs': 16, 'module__n_features': 73, 'module__n_neurons': 128, 'module__nonlin': ReLU()}
2024-06-05 20:34:33,678 0.997285 (0.002786) with: {'batch_size': 32, 'lr': 0.01, 'max_epochs': 16, 'module__n_features': 73, 'module__n_neurons': 256, 'module__nonlin': Tanh()}
2024-06-05 20:34:33,678 0.998597 (0.001566) with: {'batch_size': 32, 'lr': 0.01, 'max_epochs': 16, 'module__n_features': 73, 'module__n_neurons': 256, 'module__nonlin': ReLU()}
2024-06-05 20:34:33,678 0.998333 (0.001732) with: {'batch_size': 32, 'lr': 0.01, 'max_epochs': 32, 'module__n_features': 73, 'module__n_neurons': 16, 'module__nonlin': Tanh()}
2024-06-05 20:34:33,678 0.998119 (0.001705) with: {'batch_size': 32, 'lr': 0.01, 'max_epochs': 32, 'module__n_features': 73, 'module__n_neurons': 16, 'module__nonlin': ReLU()}
2024-06-05 20:34:33,678 0.997847 (0.002484) with: {'batch_size': 32, 'lr': 0.01, 'max_epochs': 32, 'module__n_features': 73, 'module__n_neurons': 32, 'module__nonlin': Tanh()}
2024-06-05 20:34:33,678 0.998533 (0.001185) with: {'batch_size': 32, 'lr': 0.01, 'max_epochs': 32, 'module__n_features': 73, 'module__n_neurons': 32, 'module__nonlin': ReLU()}
2024-06-05 20:34:33,678 0.997753 (0.002963) with: {'batch_size': 32, 'lr': 0.01, 'max_epochs': 32, 'module__n_features': 73, 'module__n_neurons': 64, 'module__nonlin': Tanh()}
2024-06-05 20:34:33,678 0.998827 (0.001148) with: {'batch_size': 32, 'lr': 0.01, 'max_epochs': 32, 'module__n_features': 73, 'module__n_neurons': 64, 'module__nonlin': ReLU()}
2024-06-05 20:34:33,678 0.997825 (0.002509) with: {'batch_size': 32, 'lr': 0.01, 'max_epochs': 32, 'module__n_features': 73, 'module__n_neurons': 128, 'module__nonlin': Tanh()}
2024-06-05 20:34:33,678 0.998820 (0.001475) with: {'batch_size': 32, 'lr': 0.01, 'max_epochs': 32, 'module__n_features': 73, 'module__n_neurons': 128, 'module__nonlin': ReLU()}
2024-06-05 20:34:33,678 0.997914 (0.002167) with: {'batch_size': 32, 'lr': 0.01, 'max_epochs': 32, 'module__n_features': 73, 'module__n_neurons': 256, 'module__nonlin': Tanh()}
2024-06-05 20:34:33,678 0.998897 (0.001423) with: {'batch_size': 32, 'lr': 0.01, 'max_epochs': 32, 'module__n_features': 73, 'module__n_neurons': 256, 'module__nonlin': ReLU()}
2024-06-05 20:34:33,678 0.997713 (0.003073) with: {'batch_size': 32, 'lr': 0.01, 'max_epochs': 64, 'module__n_features': 73, 'module__n_neurons': 16, 'module__nonlin': Tanh()}
2024-06-05 20:34:33,678 0.998072 (0.001688) with: {'batch_size': 32, 'lr': 0.01, 'max_epochs': 64, 'module__n_features': 73, 'module__n_neurons': 16, 'module__nonlin': ReLU()}
2024-06-05 20:34:33,678 0.998321 (0.001998) with: {'batch_size': 32, 'lr': 0.01, 'max_epochs': 64, 'module__n_features': 73, 'module__n_neurons': 32, 'module__nonlin': Tanh()}
2024-06-05 20:34:33,678 0.998741 (0.001054) with: {'batch_size': 32, 'lr': 0.01, 'max_epochs': 64, 'module__n_features': 73, 'module__n_neurons': 32, 'module__nonlin': ReLU()}
2024-06-05 20:34:33,678 0.998633 (0.001887) with: {'batch_size': 32, 'lr': 0.01, 'max_epochs': 64, 'module__n_features': 73, 'module__n_neurons': 64, 'module__nonlin': Tanh()}
2024-06-05 20:34:33,678 0.998618 (0.001521) with: {'batch_size': 32, 'lr': 0.01, 'max_epochs': 64, 'module__n_features': 73, 'module__n_neurons': 64, 'module__nonlin': ReLU()}
2024-06-05 20:34:33,678 0.998373 (0.001805) with: {'batch_size': 32, 'lr': 0.01, 'max_epochs': 64, 'module__n_features': 73, 'module__n_neurons': 128, 'module__nonlin': Tanh()}
2024-06-05 20:34:33,678 0.998797 (0.001467) with: {'batch_size': 32, 'lr': 0.01, 'max_epochs': 64, 'module__n_features': 73, 'module__n_neurons': 128, 'module__nonlin': ReLU()}
2024-06-05 20:34:33,678 0.998078 (0.002594) with: {'batch_size': 32, 'lr': 0.01, 'max_epochs': 64, 'module__n_features': 73, 'module__n_neurons': 256, 'module__nonlin': Tanh()}
2024-06-05 20:34:33,678 0.998792 (0.001513) with: {'batch_size': 32, 'lr': 0.01, 'max_epochs': 64, 'module__n_features': 73, 'module__n_neurons': 256, 'module__nonlin': ReLU()}
2024-06-05 20:34:33,678 0.998193 (0.001864) with: {'batch_size': 32, 'lr': 0.01, 'max_epochs': 128, 'module__n_features': 73, 'module__n_neurons': 16, 'module__nonlin': Tanh()}
2024-06-05 20:34:33,678 0.997815 (0.001899) with: {'batch_size': 32, 'lr': 0.01, 'max_epochs': 128, 'module__n_features': 73, 'module__n_neurons': 16, 'module__nonlin': ReLU()}
2024-06-05 20:34:33,678 0.998118 (0.002298) with: {'batch_size': 32, 'lr': 0.01, 'max_epochs': 128, 'module__n_features': 73, 'module__n_neurons': 32, 'module__nonlin': Tanh()}
2024-06-05 20:34:33,678 0.998570 (0.001756) with: {'batch_size': 32, 'lr': 0.01, 'max_epochs': 128, 'module__n_features': 73, 'module__n_neurons': 32, 'module__nonlin': ReLU()}
2024-06-05 20:34:33,678 0.998771 (0.001471) with: {'batch_size': 32, 'lr': 0.01, 'max_epochs': 128, 'module__n_features': 73, 'module__n_neurons': 64, 'module__nonlin': Tanh()}
2024-06-05 20:34:33,678 0.998593 (0.001534) with: {'batch_size': 32, 'lr': 0.01, 'max_epochs': 128, 'module__n_features': 73, 'module__n_neurons': 64, 'module__nonlin': ReLU()}
2024-06-05 20:34:33,678 0.998349 (0.001679) with: {'batch_size': 32, 'lr': 0.01, 'max_epochs': 128, 'module__n_features': 73, 'module__n_neurons': 128, 'module__nonlin': Tanh()}
2024-06-05 20:34:33,678 0.998078 (0.002319) with: {'batch_size': 32, 'lr': 0.01, 'max_epochs': 128, 'module__n_features': 73, 'module__n_neurons': 128, 'module__nonlin': ReLU()}
2024-06-05 20:34:33,678 0.998412 (0.001552) with: {'batch_size': 32, 'lr': 0.01, 'max_epochs': 128, 'module__n_features': 73, 'module__n_neurons': 256, 'module__nonlin': Tanh()}
2024-06-05 20:34:33,678 0.998334 (0.001582) with: {'batch_size': 32, 'lr': 0.01, 'max_epochs': 128, 'module__n_features': 73, 'module__n_neurons': 256, 'module__nonlin': ReLU()}
2024-06-05 20:34:33,678 0.997393 (0.001459) with: {'batch_size': 32, 'lr': 0.02, 'max_epochs': 16, 'module__n_features': 73, 'module__n_neurons': 16, 'module__nonlin': Tanh()}
2024-06-05 20:34:33,678 0.997780 (0.001802) with: {'batch_size': 32, 'lr': 0.02, 'max_epochs': 16, 'module__n_features': 73, 'module__n_neurons': 16, 'module__nonlin': ReLU()}
2024-06-05 20:34:33,678 0.998136 (0.002170) with: {'batch_size': 32, 'lr': 0.02, 'max_epochs': 16, 'module__n_features': 73, 'module__n_neurons': 32, 'module__nonlin': Tanh()}
2024-06-05 20:34:33,678 0.997609 (0.002287) with: {'batch_size': 32, 'lr': 0.02, 'max_epochs': 16, 'module__n_features': 73, 'module__n_neurons': 32, 'module__nonlin': ReLU()}
2024-06-05 20:34:33,679 0.998005 (0.002154) with: {'batch_size': 32, 'lr': 0.02, 'max_epochs': 16, 'module__n_features': 73, 'module__n_neurons': 64, 'module__nonlin': Tanh()}
2024-06-05 20:34:33,679 0.998154 (0.001945) with: {'batch_size': 32, 'lr': 0.02, 'max_epochs': 16, 'module__n_features': 73, 'module__n_neurons': 64, 'module__nonlin': ReLU()}
2024-06-05 20:34:33,679 0.998291 (0.001433) with: {'batch_size': 32, 'lr': 0.02, 'max_epochs': 16, 'module__n_features': 73, 'module__n_neurons': 128, 'module__nonlin': Tanh()}
2024-06-05 20:34:33,679 0.998407 (0.001751) with: {'batch_size': 32, 'lr': 0.02, 'max_epochs': 16, 'module__n_features': 73, 'module__n_neurons': 128, 'module__nonlin': ReLU()}
2024-06-05 20:34:33,679 0.700517 (0.188773) with: {'batch_size': 32, 'lr': 0.02, 'max_epochs': 16, 'module__n_features': 73, 'module__n_neurons': 256, 'module__nonlin': Tanh()}
2024-06-05 20:34:33,679 0.998594 (0.001782) with: {'batch_size': 32, 'lr': 0.02, 'max_epochs': 16, 'module__n_features': 73, 'module__n_neurons': 256, 'module__nonlin': ReLU()}
2024-06-05 20:34:33,679 0.998153 (0.002199) with: {'batch_size': 32, 'lr': 0.02, 'max_epochs': 32, 'module__n_features': 73, 'module__n_neurons': 16, 'module__nonlin': Tanh()}
2024-06-05 20:34:33,679 0.998273 (0.001542) with: {'batch_size': 32, 'lr': 0.02, 'max_epochs': 32, 'module__n_features': 73, 'module__n_neurons': 16, 'module__nonlin': ReLU()}
2024-06-05 20:34:33,679 0.997812 (0.002706) with: {'batch_size': 32, 'lr': 0.02, 'max_epochs': 32, 'module__n_features': 73, 'module__n_neurons': 32, 'module__nonlin': Tanh()}
2024-06-05 20:34:33,679 0.998480 (0.001824) with: {'batch_size': 32, 'lr': 0.02, 'max_epochs': 32, 'module__n_features': 73, 'module__n_neurons': 32, 'module__nonlin': ReLU()}
2024-06-05 20:34:33,679 0.997405 (0.002854) with: {'batch_size': 32, 'lr': 0.02, 'max_epochs': 32, 'module__n_features': 73, 'module__n_neurons': 64, 'module__nonlin': Tanh()}
2024-06-05 20:34:33,679 0.998630 (0.001790) with: {'batch_size': 32, 'lr': 0.02, 'max_epochs': 32, 'module__n_features': 73, 'module__n_neurons': 64, 'module__nonlin': ReLU()}
2024-06-05 20:34:33,679 0.997042 (0.003598) with: {'batch_size': 32, 'lr': 0.02, 'max_epochs': 32, 'module__n_features': 73, 'module__n_neurons': 128, 'module__nonlin': Tanh()}
2024-06-05 20:34:33,679 0.998728 (0.001744) with: {'batch_size': 32, 'lr': 0.02, 'max_epochs': 32, 'module__n_features': 73, 'module__n_neurons': 128, 'module__nonlin': ReLU()}
2024-06-05 20:34:33,679 0.646916 (0.247059) with: {'batch_size': 32, 'lr': 0.02, 'max_epochs': 32, 'module__n_features': 73, 'module__n_neurons': 256, 'module__nonlin': Tanh()}
2024-06-05 20:34:33,679 0.998083 (0.002317) with: {'batch_size': 32, 'lr': 0.02, 'max_epochs': 32, 'module__n_features': 73, 'module__n_neurons': 256, 'module__nonlin': ReLU()}
2024-06-05 20:34:33,679 0.998109 (0.002328) with: {'batch_size': 32, 'lr': 0.02, 'max_epochs': 64, 'module__n_features': 73, 'module__n_neurons': 16, 'module__nonlin': Tanh()}
2024-06-05 20:34:33,679 0.997895 (0.002301) with: {'batch_size': 32, 'lr': 0.02, 'max_epochs': 64, 'module__n_features': 73, 'module__n_neurons': 16, 'module__nonlin': ReLU()}
2024-06-05 20:34:33,679 0.997984 (0.002192) with: {'batch_size': 32, 'lr': 0.02, 'max_epochs': 64, 'module__n_features': 73, 'module__n_neurons': 32, 'module__nonlin': Tanh()}
2024-06-05 20:34:33,679 0.998517 (0.001807) with: {'batch_size': 32, 'lr': 0.02, 'max_epochs': 64, 'module__n_features': 73, 'module__n_neurons': 32, 'module__nonlin': ReLU()}
2024-06-05 20:34:33,679 0.998606 (0.001645) with: {'batch_size': 32, 'lr': 0.02, 'max_epochs': 64, 'module__n_features': 73, 'module__n_neurons': 64, 'module__nonlin': Tanh()}
2024-06-05 20:34:33,679 0.998453 (0.001530) with: {'batch_size': 32, 'lr': 0.02, 'max_epochs': 64, 'module__n_features': 73, 'module__n_neurons': 64, 'module__nonlin': ReLU()}
2024-06-05 20:34:33,679 0.996913 (0.003260) with: {'batch_size': 32, 'lr': 0.02, 'max_epochs': 64, 'module__n_features': 73, 'module__n_neurons': 128, 'module__nonlin': Tanh()}
2024-06-05 20:34:33,679 0.998574 (0.001897) with: {'batch_size': 32, 'lr': 0.02, 'max_epochs': 64, 'module__n_features': 73, 'module__n_neurons': 128, 'module__nonlin': ReLU()}
2024-06-05 20:34:33,679 0.885875 (0.154160) with: {'batch_size': 32, 'lr': 0.02, 'max_epochs': 64, 'module__n_features': 73, 'module__n_neurons': 256, 'module__nonlin': Tanh()}
2024-06-05 20:34:33,679 0.998530 (0.001906) with: {'batch_size': 32, 'lr': 0.02, 'max_epochs': 64, 'module__n_features': 73, 'module__n_neurons': 256, 'module__nonlin': ReLU()}
2024-06-05 20:34:33,679 0.997995 (0.002487) with: {'batch_size': 32, 'lr': 0.02, 'max_epochs': 128, 'module__n_features': 73, 'module__n_neurons': 16, 'module__nonlin': Tanh()}
2024-06-05 20:34:33,725 0.997891 (0.001798) with: {'batch_size': 32, 'lr': 0.02, 'max_epochs': 128, 'module__n_features': 73, 'module__n_neurons': 16, 'module__nonlin': ReLU()}
2024-06-05 20:34:33,725 0.998132 (0.002384) with: {'batch_size': 32, 'lr': 0.02, 'max_epochs': 128, 'module__n_features': 73, 'module__n_neurons': 32, 'module__nonlin': Tanh()}
2024-06-05 20:34:33,725 0.998684 (0.001144) with: {'batch_size': 32, 'lr': 0.02, 'max_epochs': 128, 'module__n_features': 73, 'module__n_neurons': 32, 'module__nonlin': ReLU()}
2024-06-05 20:34:33,725 0.998375 (0.001596) with: {'batch_size': 32, 'lr': 0.02, 'max_epochs': 128, 'module__n_features': 73, 'module__n_neurons': 64, 'module__nonlin': Tanh()}
2024-06-05 20:34:33,725 0.997303 (0.002653) with: {'batch_size': 32, 'lr': 0.02, 'max_epochs': 128, 'module__n_features': 73, 'module__n_neurons': 64, 'module__nonlin': ReLU()}
2024-06-05 20:34:33,725 0.998153 (0.002214) with: {'batch_size': 32, 'lr': 0.02, 'max_epochs': 128, 'module__n_features': 73, 'module__n_neurons': 128, 'module__nonlin': Tanh()}
2024-06-05 20:34:33,725 0.998091 (0.002023) with: {'batch_size': 32, 'lr': 0.02, 'max_epochs': 128, 'module__n_features': 73, 'module__n_neurons': 128, 'module__nonlin': ReLU()}
2024-06-05 20:34:33,725 0.997916 (0.002619) with: {'batch_size': 32, 'lr': 0.02, 'max_epochs': 128, 'module__n_features': 73, 'module__n_neurons': 256, 'module__nonlin': Tanh()}
2024-06-05 20:34:33,725 0.998090 (0.001341) with: {'batch_size': 32, 'lr': 0.02, 'max_epochs': 128, 'module__n_features': 73, 'module__n_neurons': 256, 'module__nonlin': ReLU()}
2024-06-05 20:34:33,725 0.988942 (0.004869) with: {'batch_size': 64, 'lr': 0.001, 'max_epochs': 16, 'module__n_features': 73, 'module__n_neurons': 16, 'module__nonlin': Tanh()}
2024-06-05 20:34:33,725 0.974946 (0.008630) with: {'batch_size': 64, 'lr': 0.001, 'max_epochs': 16, 'module__n_features': 73, 'module__n_neurons': 16, 'module__nonlin': ReLU()}
2024-06-05 20:34:33,725 0.993753 (0.001693) with: {'batch_size': 64, 'lr': 0.001, 'max_epochs': 16, 'module__n_features': 73, 'module__n_neurons': 32, 'module__nonlin': Tanh()}
2024-06-05 20:34:33,725 0.991079 (0.004080) with: {'batch_size': 64, 'lr': 0.001, 'max_epochs': 16, 'module__n_features': 73, 'module__n_neurons': 32, 'module__nonlin': ReLU()}
2024-06-05 20:34:33,725 0.995037 (0.001666) with: {'batch_size': 64, 'lr': 0.001, 'max_epochs': 16, 'module__n_features': 73, 'module__n_neurons': 64, 'module__nonlin': Tanh()}
2024-06-05 20:34:33,725 0.995788 (0.001462) with: {'batch_size': 64, 'lr': 0.001, 'max_epochs': 16, 'module__n_features': 73, 'module__n_neurons': 64, 'module__nonlin': ReLU()}
2024-06-05 20:34:33,725 0.995493 (0.001362) with: {'batch_size': 64, 'lr': 0.001, 'max_epochs': 16, 'module__n_features': 73, 'module__n_neurons': 128, 'module__nonlin': Tanh()}
2024-06-05 20:34:33,725 0.998052 (0.001305) with: {'batch_size': 64, 'lr': 0.001, 'max_epochs': 16, 'module__n_features': 73, 'module__n_neurons': 128, 'module__nonlin': ReLU()}
2024-06-05 20:34:33,725 0.995727 (0.001710) with: {'batch_size': 64, 'lr': 0.001, 'max_epochs': 16, 'module__n_features': 73, 'module__n_neurons': 256, 'module__nonlin': Tanh()}
2024-06-05 20:34:33,725 0.998545 (0.001343) with: {'batch_size': 64, 'lr': 0.001, 'max_epochs': 16, 'module__n_features': 73, 'module__n_neurons': 256, 'module__nonlin': ReLU()}
2024-06-05 20:34:33,725 0.994813 (0.001756) with: {'batch_size': 64, 'lr': 0.001, 'max_epochs': 32, 'module__n_features': 73, 'module__n_neurons': 16, 'module__nonlin': Tanh()}
2024-06-05 20:34:33,725 0.993928 (0.002010) with: {'batch_size': 64, 'lr': 0.001, 'max_epochs': 32, 'module__n_features': 73, 'module__n_neurons': 16, 'module__nonlin': ReLU()}
2024-06-05 20:34:33,725 0.995502 (0.001379) with: {'batch_size': 64, 'lr': 0.001, 'max_epochs': 32, 'module__n_features': 73, 'module__n_neurons': 32, 'module__nonlin': Tanh()}
2024-06-05 20:34:33,725 0.996851 (0.001286) with: {'batch_size': 64, 'lr': 0.001, 'max_epochs': 32, 'module__n_features': 73, 'module__n_neurons': 32, 'module__nonlin': ReLU()}
2024-06-05 20:34:33,725 0.996091 (0.001503) with: {'batch_size': 64, 'lr': 0.001, 'max_epochs': 32, 'module__n_features': 73, 'module__n_neurons': 64, 'module__nonlin': Tanh()}
2024-06-05 20:34:33,725 0.998257 (0.001199) with: {'batch_size': 64, 'lr': 0.001, 'max_epochs': 32, 'module__n_features': 73, 'module__n_neurons': 64, 'module__nonlin': ReLU()}
2024-06-05 20:34:33,725 0.996501 (0.001306) with: {'batch_size': 64, 'lr': 0.001, 'max_epochs': 32, 'module__n_features': 73, 'module__n_neurons': 128, 'module__nonlin': Tanh()}
2024-06-05 20:34:33,725 0.998625 (0.001323) with: {'batch_size': 64, 'lr': 0.001, 'max_epochs': 32, 'module__n_features': 73, 'module__n_neurons': 128, 'module__nonlin': ReLU()}
2024-06-05 20:34:33,725 0.996634 (0.001655) with: {'batch_size': 64, 'lr': 0.001, 'max_epochs': 32, 'module__n_features': 73, 'module__n_neurons': 256, 'module__nonlin': Tanh()}
2024-06-05 20:34:33,725 0.998882 (0.001065) with: {'batch_size': 64, 'lr': 0.001, 'max_epochs': 32, 'module__n_features': 73, 'module__n_neurons': 256, 'module__nonlin': ReLU()}
2024-06-05 20:34:33,725 0.995978 (0.001610) with: {'batch_size': 64, 'lr': 0.001, 'max_epochs': 64, 'module__n_features': 73, 'module__n_neurons': 16, 'module__nonlin': Tanh()}
2024-06-05 20:34:33,725 0.997559 (0.001608) with: {'batch_size': 64, 'lr': 0.001, 'max_epochs': 64, 'module__n_features': 73, 'module__n_neurons': 16, 'module__nonlin': ReLU()}
2024-06-05 20:34:33,725 0.996893 (0.001229) with: {'batch_size': 64, 'lr': 0.001, 'max_epochs': 64, 'module__n_features': 73, 'module__n_neurons': 32, 'module__nonlin': Tanh()}
2024-06-05 20:34:33,725 0.997712 (0.001473) with: {'batch_size': 64, 'lr': 0.001, 'max_epochs': 64, 'module__n_features': 73, 'module__n_neurons': 32, 'module__nonlin': ReLU()}
2024-06-05 20:34:33,725 0.997270 (0.001152) with: {'batch_size': 64, 'lr': 0.001, 'max_epochs': 64, 'module__n_features': 73, 'module__n_neurons': 64, 'module__nonlin': Tanh()}
2024-06-05 20:34:33,726 0.998622 (0.001512) with: {'batch_size': 64, 'lr': 0.001, 'max_epochs': 64, 'module__n_features': 73, 'module__n_neurons': 64, 'module__nonlin': ReLU()}
2024-06-05 20:34:33,726 0.997729 (0.000790) with: {'batch_size': 64, 'lr': 0.001, 'max_epochs': 64, 'module__n_features': 73, 'module__n_neurons': 128, 'module__nonlin': Tanh()}
2024-06-05 20:34:33,726 0.998631 (0.001652) with: {'batch_size': 64, 'lr': 0.001, 'max_epochs': 64, 'module__n_features': 73, 'module__n_neurons': 128, 'module__nonlin': ReLU()}
2024-06-05 20:34:33,726 0.997950 (0.001413) with: {'batch_size': 64, 'lr': 0.001, 'max_epochs': 64, 'module__n_features': 73, 'module__n_neurons': 256, 'module__nonlin': Tanh()}
2024-06-05 20:34:33,726 0.998387 (0.001746) with: {'batch_size': 64, 'lr': 0.001, 'max_epochs': 64, 'module__n_features': 73, 'module__n_neurons': 256, 'module__nonlin': ReLU()}
2024-06-05 20:34:33,726 0.997647 (0.001206) with: {'batch_size': 64, 'lr': 0.001, 'max_epochs': 128, 'module__n_features': 73, 'module__n_neurons': 16, 'module__nonlin': Tanh()}
2024-06-05 20:34:33,726 0.997996 (0.000776) with: {'batch_size': 64, 'lr': 0.001, 'max_epochs': 128, 'module__n_features': 73, 'module__n_neurons': 16, 'module__nonlin': ReLU()}
2024-06-05 20:34:33,726 0.998294 (0.001031) with: {'batch_size': 64, 'lr': 0.001, 'max_epochs': 128, 'module__n_features': 73, 'module__n_neurons': 32, 'module__nonlin': Tanh()}
2024-06-05 20:34:33,726 0.998863 (0.001280) with: {'batch_size': 64, 'lr': 0.001, 'max_epochs': 128, 'module__n_features': 73, 'module__n_neurons': 32, 'module__nonlin': ReLU()}
2024-06-05 20:34:33,726 0.998016 (0.001262) with: {'batch_size': 64, 'lr': 0.001, 'max_epochs': 128, 'module__n_features': 73, 'module__n_neurons': 64, 'module__nonlin': Tanh()}
2024-06-05 20:34:33,726 0.998643 (0.001533) with: {'batch_size': 64, 'lr': 0.001, 'max_epochs': 128, 'module__n_features': 73, 'module__n_neurons': 64, 'module__nonlin': ReLU()}
2024-06-05 20:34:33,726 0.998051 (0.001395) with: {'batch_size': 64, 'lr': 0.001, 'max_epochs': 128, 'module__n_features': 73, 'module__n_neurons': 128, 'module__nonlin': Tanh()}
2024-06-05 20:34:33,726 0.999096 (0.000927) with: {'batch_size': 64, 'lr': 0.001, 'max_epochs': 128, 'module__n_features': 73, 'module__n_neurons': 128, 'module__nonlin': ReLU()}
2024-06-05 20:34:33,726 0.998535 (0.001668) with: {'batch_size': 64, 'lr': 0.001, 'max_epochs': 128, 'module__n_features': 73, 'module__n_neurons': 256, 'module__nonlin': Tanh()}
2024-06-05 20:34:33,726 0.998676 (0.001397) with: {'batch_size': 64, 'lr': 0.001, 'max_epochs': 128, 'module__n_features': 73, 'module__n_neurons': 256, 'module__nonlin': ReLU()}
2024-06-05 20:34:33,726 0.997224 (0.001080) with: {'batch_size': 64, 'lr': 0.01, 'max_epochs': 16, 'module__n_features': 73, 'module__n_neurons': 16, 'module__nonlin': Tanh()}
2024-06-05 20:34:33,726 0.996758 (0.001342) with: {'batch_size': 64, 'lr': 0.01, 'max_epochs': 16, 'module__n_features': 73, 'module__n_neurons': 16, 'module__nonlin': ReLU()}
2024-06-05 20:34:33,726 0.997494 (0.001067) with: {'batch_size': 64, 'lr': 0.01, 'max_epochs': 16, 'module__n_features': 73, 'module__n_neurons': 32, 'module__nonlin': Tanh()}
2024-06-05 20:34:33,726 0.997874 (0.001544) with: {'batch_size': 64, 'lr': 0.01, 'max_epochs': 16, 'module__n_features': 73, 'module__n_neurons': 32, 'module__nonlin': ReLU()}
2024-06-05 20:34:33,726 0.997956 (0.001530) with: {'batch_size': 64, 'lr': 0.01, 'max_epochs': 16, 'module__n_features': 73, 'module__n_neurons': 64, 'module__nonlin': Tanh()}
2024-06-05 20:34:33,726 0.998576 (0.001345) with: {'batch_size': 64, 'lr': 0.01, 'max_epochs': 16, 'module__n_features': 73, 'module__n_neurons': 64, 'module__nonlin': ReLU()}
2024-06-05 20:34:33,726 0.997329 (0.002479) with: {'batch_size': 64, 'lr': 0.01, 'max_epochs': 16, 'module__n_features': 73, 'module__n_neurons': 128, 'module__nonlin': Tanh()}
2024-06-05 20:34:33,726 0.998581 (0.001232) with: {'batch_size': 64, 'lr': 0.01, 'max_epochs': 16, 'module__n_features': 73, 'module__n_neurons': 128, 'module__nonlin': ReLU()}
2024-06-05 20:34:33,726 0.997876 (0.001287) with: {'batch_size': 64, 'lr': 0.01, 'max_epochs': 16, 'module__n_features': 73, 'module__n_neurons': 256, 'module__nonlin': Tanh()}
2024-06-05 20:34:33,726 0.998823 (0.001303) with: {'batch_size': 64, 'lr': 0.01, 'max_epochs': 16, 'module__n_features': 73, 'module__n_neurons': 256, 'module__nonlin': ReLU()}
2024-06-05 20:34:33,726 0.998545 (0.001402) with: {'batch_size': 64, 'lr': 0.01, 'max_epochs': 32, 'module__n_features': 73, 'module__n_neurons': 16, 'module__nonlin': Tanh()}
2024-06-05 20:34:33,726 0.998551 (0.001175) with: {'batch_size': 64, 'lr': 0.01, 'max_epochs': 32, 'module__n_features': 73, 'module__n_neurons': 16, 'module__nonlin': ReLU()}
2024-06-05 20:34:33,726 0.998254 (0.001748) with: {'batch_size': 64, 'lr': 0.01, 'max_epochs': 32, 'module__n_features': 73, 'module__n_neurons': 32, 'module__nonlin': Tanh()}
2024-06-05 20:34:33,726 0.998652 (0.001288) with: {'batch_size': 64, 'lr': 0.01, 'max_epochs': 32, 'module__n_features': 73, 'module__n_neurons': 32, 'module__nonlin': ReLU()}
2024-06-05 20:34:33,726 0.998504 (0.001682) with: {'batch_size': 64, 'lr': 0.01, 'max_epochs': 32, 'module__n_features': 73, 'module__n_neurons': 64, 'module__nonlin': Tanh()}
2024-06-05 20:34:33,726 0.998330 (0.001854) with: {'batch_size': 64, 'lr': 0.01, 'max_epochs': 32, 'module__n_features': 73, 'module__n_neurons': 64, 'module__nonlin': ReLU()}
2024-06-05 20:34:33,726 0.998375 (0.002094) with: {'batch_size': 64, 'lr': 0.01, 'max_epochs': 32, 'module__n_features': 73, 'module__n_neurons': 128, 'module__nonlin': Tanh()}
2024-06-05 20:34:33,726 0.998979 (0.001261) with: {'batch_size': 64, 'lr': 0.01, 'max_epochs': 32, 'module__n_features': 73, 'module__n_neurons': 128, 'module__nonlin': ReLU()}
2024-06-05 20:34:33,726 0.998461 (0.001870) with: {'batch_size': 64, 'lr': 0.01, 'max_epochs': 32, 'module__n_features': 73, 'module__n_neurons': 256, 'module__nonlin': Tanh()}
2024-06-05 20:34:33,726 0.998553 (0.001809) with: {'batch_size': 64, 'lr': 0.01, 'max_epochs': 32, 'module__n_features': 73, 'module__n_neurons': 256, 'module__nonlin': ReLU()}
2024-06-05 20:34:33,727 0.998101 (0.001939) with: {'batch_size': 64, 'lr': 0.01, 'max_epochs': 64, 'module__n_features': 73, 'module__n_neurons': 16, 'module__nonlin': Tanh()}
2024-06-05 20:34:33,727 0.998545 (0.000815) with: {'batch_size': 64, 'lr': 0.01, 'max_epochs': 64, 'module__n_features': 73, 'module__n_neurons': 16, 'module__nonlin': ReLU()}
2024-06-05 20:34:33,727 0.998308 (0.001689) with: {'batch_size': 64, 'lr': 0.01, 'max_epochs': 64, 'module__n_features': 73, 'module__n_neurons': 32, 'module__nonlin': Tanh()}
2024-06-05 20:34:33,727 0.998827 (0.001071) with: {'batch_size': 64, 'lr': 0.01, 'max_epochs': 64, 'module__n_features': 73, 'module__n_neurons': 32, 'module__nonlin': ReLU()}
2024-06-05 20:34:33,727 0.998504 (0.001834) with: {'batch_size': 64, 'lr': 0.01, 'max_epochs': 64, 'module__n_features': 73, 'module__n_neurons': 64, 'module__nonlin': Tanh()}
2024-06-05 20:34:33,727 0.998450 (0.001547) with: {'batch_size': 64, 'lr': 0.01, 'max_epochs': 64, 'module__n_features': 73, 'module__n_neurons': 64, 'module__nonlin': ReLU()}
2024-06-05 20:34:33,727 0.998299 (0.001977) with: {'batch_size': 64, 'lr': 0.01, 'max_epochs': 64, 'module__n_features': 73, 'module__n_neurons': 128, 'module__nonlin': Tanh()}
2024-06-05 20:34:33,727 0.999007 (0.000902) with: {'batch_size': 64, 'lr': 0.01, 'max_epochs': 64, 'module__n_features': 73, 'module__n_neurons': 128, 'module__nonlin': ReLU()}
2024-06-05 20:34:33,727 0.997789 (0.002333) with: {'batch_size': 64, 'lr': 0.01, 'max_epochs': 64, 'module__n_features': 73, 'module__n_neurons': 256, 'module__nonlin': Tanh()}
2024-06-05 20:34:33,727 0.998967 (0.001201) with: {'batch_size': 64, 'lr': 0.01, 'max_epochs': 64, 'module__n_features': 73, 'module__n_neurons': 256, 'module__nonlin': ReLU()}
2024-06-05 20:34:33,727 0.998413 (0.001762) with: {'batch_size': 64, 'lr': 0.01, 'max_epochs': 128, 'module__n_features': 73, 'module__n_neurons': 16, 'module__nonlin': Tanh()}
2024-06-05 20:34:33,727 0.998184 (0.001654) with: {'batch_size': 64, 'lr': 0.01, 'max_epochs': 128, 'module__n_features': 73, 'module__n_neurons': 16, 'module__nonlin': ReLU()}
2024-06-05 20:34:33,727 0.998180 (0.002032) with: {'batch_size': 64, 'lr': 0.01, 'max_epochs': 128, 'module__n_features': 73, 'module__n_neurons': 32, 'module__nonlin': Tanh()}
2024-06-05 20:34:33,727 0.999203 (0.000808) with: {'batch_size': 64, 'lr': 0.01, 'max_epochs': 128, 'module__n_features': 73, 'module__n_neurons': 32, 'module__nonlin': ReLU()}
2024-06-05 20:34:33,727 0.998391 (0.002104) with: {'batch_size': 64, 'lr': 0.01, 'max_epochs': 128, 'module__n_features': 73, 'module__n_neurons': 64, 'module__nonlin': Tanh()}
2024-06-05 20:34:33,727 0.998612 (0.001639) with: {'batch_size': 64, 'lr': 0.01, 'max_epochs': 128, 'module__n_features': 73, 'module__n_neurons': 64, 'module__nonlin': ReLU()}
2024-06-05 20:34:33,727 0.998237 (0.002010) with: {'batch_size': 64, 'lr': 0.01, 'max_epochs': 128, 'module__n_features': 73, 'module__n_neurons': 128, 'module__nonlin': Tanh()}
2024-06-05 20:34:33,727 0.999072 (0.001100) with: {'batch_size': 64, 'lr': 0.01, 'max_epochs': 128, 'module__n_features': 73, 'module__n_neurons': 128, 'module__nonlin': ReLU()}
2024-06-05 20:34:33,727 0.998121 (0.002311) with: {'batch_size': 64, 'lr': 0.01, 'max_epochs': 128, 'module__n_features': 73, 'module__n_neurons': 256, 'module__nonlin': Tanh()}
2024-06-05 20:34:33,727 0.998154 (0.001546) with: {'batch_size': 64, 'lr': 0.01, 'max_epochs': 128, 'module__n_features': 73, 'module__n_neurons': 256, 'module__nonlin': ReLU()}
2024-06-05 20:34:33,727 0.998036 (0.001269) with: {'batch_size': 64, 'lr': 0.02, 'max_epochs': 16, 'module__n_features': 73, 'module__n_neurons': 16, 'module__nonlin': Tanh()}
2024-06-05 20:34:33,727 0.997954 (0.001688) with: {'batch_size': 64, 'lr': 0.02, 'max_epochs': 16, 'module__n_features': 73, 'module__n_neurons': 16, 'module__nonlin': ReLU()}
2024-06-05 20:34:33,727 0.998440 (0.001722) with: {'batch_size': 64, 'lr': 0.02, 'max_epochs': 16, 'module__n_features': 73, 'module__n_neurons': 32, 'module__nonlin': Tanh()}
2024-06-05 20:34:33,727 0.997650 (0.002059) with: {'batch_size': 64, 'lr': 0.02, 'max_epochs': 16, 'module__n_features': 73, 'module__n_neurons': 32, 'module__nonlin': ReLU()}
2024-06-05 20:34:33,727 0.997231 (0.002427) with: {'batch_size': 64, 'lr': 0.02, 'max_epochs': 16, 'module__n_features': 73, 'module__n_neurons': 64, 'module__nonlin': Tanh()}
2024-06-05 20:34:33,727 0.998454 (0.001486) with: {'batch_size': 64, 'lr': 0.02, 'max_epochs': 16, 'module__n_features': 73, 'module__n_neurons': 64, 'module__nonlin': ReLU()}
2024-06-05 20:34:33,727 0.998382 (0.001240) with: {'batch_size': 64, 'lr': 0.02, 'max_epochs': 16, 'module__n_features': 73, 'module__n_neurons': 128, 'module__nonlin': Tanh()}
2024-06-05 20:34:33,727 0.998373 (0.001524) with: {'batch_size': 64, 'lr': 0.02, 'max_epochs': 16, 'module__n_features': 73, 'module__n_neurons': 128, 'module__nonlin': ReLU()}
2024-06-05 20:34:33,727 0.653502 (0.390286) with: {'batch_size': 64, 'lr': 0.02, 'max_epochs': 16, 'module__n_features': 73, 'module__n_neurons': 256, 'module__nonlin': Tanh()}
2024-06-05 20:34:33,727 0.998226 (0.001770) with: {'batch_size': 64, 'lr': 0.02, 'max_epochs': 16, 'module__n_features': 73, 'module__n_neurons': 256, 'module__nonlin': ReLU()}
2024-06-05 20:34:33,727 0.998358 (0.001696) with: {'batch_size': 64, 'lr': 0.02, 'max_epochs': 32, 'module__n_features': 73, 'module__n_neurons': 16, 'module__nonlin': Tanh()}
2024-06-05 20:34:33,727 0.998049 (0.001526) with: {'batch_size': 64, 'lr': 0.02, 'max_epochs': 32, 'module__n_features': 73, 'module__n_neurons': 16, 'module__nonlin': ReLU()}
2024-06-05 20:34:33,727 0.998104 (0.002260) with: {'batch_size': 64, 'lr': 0.02, 'max_epochs': 32, 'module__n_features': 73, 'module__n_neurons': 32, 'module__nonlin': Tanh()}
2024-06-05 20:34:33,728 0.998370 (0.001872) with: {'batch_size': 64, 'lr': 0.02, 'max_epochs': 32, 'module__n_features': 73, 'module__n_neurons': 32, 'module__nonlin': ReLU()}
2024-06-05 20:34:33,728 0.997921 (0.002443) with: {'batch_size': 64, 'lr': 0.02, 'max_epochs': 32, 'module__n_features': 73, 'module__n_neurons': 64, 'module__nonlin': Tanh()}
2024-06-05 20:34:33,728 0.998162 (0.001418) with: {'batch_size': 64, 'lr': 0.02, 'max_epochs': 32, 'module__n_features': 73, 'module__n_neurons': 64, 'module__nonlin': ReLU()}
2024-06-05 20:34:33,728 0.997941 (0.001896) with: {'batch_size': 64, 'lr': 0.02, 'max_epochs': 32, 'module__n_features': 73, 'module__n_neurons': 128, 'module__nonlin': Tanh()}
2024-06-05 20:34:33,728 0.998088 (0.002189) with: {'batch_size': 64, 'lr': 0.02, 'max_epochs': 32, 'module__n_features': 73, 'module__n_neurons': 128, 'module__nonlin': ReLU()}
2024-06-05 20:34:33,728 0.562493 (0.380721) with: {'batch_size': 64, 'lr': 0.02, 'max_epochs': 32, 'module__n_features': 73, 'module__n_neurons': 256, 'module__nonlin': Tanh()}
2024-06-05 20:34:33,728 0.998029 (0.002304) with: {'batch_size': 64, 'lr': 0.02, 'max_epochs': 32, 'module__n_features': 73, 'module__n_neurons': 256, 'module__nonlin': ReLU()}
2024-06-05 20:34:33,728 0.998269 (0.001679) with: {'batch_size': 64, 'lr': 0.02, 'max_epochs': 64, 'module__n_features': 73, 'module__n_neurons': 16, 'module__nonlin': Tanh()}
2024-06-05 20:34:33,728 0.998342 (0.001631) with: {'batch_size': 64, 'lr': 0.02, 'max_epochs': 64, 'module__n_features': 73, 'module__n_neurons': 16, 'module__nonlin': ReLU()}
2024-06-05 20:34:33,728 0.998244 (0.002130) with: {'batch_size': 64, 'lr': 0.02, 'max_epochs': 64, 'module__n_features': 73, 'module__n_neurons': 32, 'module__nonlin': Tanh()}
2024-06-05 20:34:33,728 0.998456 (0.001442) with: {'batch_size': 64, 'lr': 0.02, 'max_epochs': 64, 'module__n_features': 73, 'module__n_neurons': 32, 'module__nonlin': ReLU()}
2024-06-05 20:34:33,728 0.998321 (0.002005) with: {'batch_size': 64, 'lr': 0.02, 'max_epochs': 64, 'module__n_features': 73, 'module__n_neurons': 64, 'module__nonlin': Tanh()}
2024-06-05 20:34:33,728 0.998817 (0.001349) with: {'batch_size': 64, 'lr': 0.02, 'max_epochs': 64, 'module__n_features': 73, 'module__n_neurons': 64, 'module__nonlin': ReLU()}
2024-06-05 20:34:33,728 0.997651 (0.002603) with: {'batch_size': 64, 'lr': 0.02, 'max_epochs': 64, 'module__n_features': 73, 'module__n_neurons': 128, 'module__nonlin': Tanh()}
2024-06-05 20:34:33,728 0.998303 (0.001755) with: {'batch_size': 64, 'lr': 0.02, 'max_epochs': 64, 'module__n_features': 73, 'module__n_neurons': 128, 'module__nonlin': ReLU()}
2024-06-05 20:34:33,728 0.587277 (0.352350) with: {'batch_size': 64, 'lr': 0.02, 'max_epochs': 64, 'module__n_features': 73, 'module__n_neurons': 256, 'module__nonlin': Tanh()}
2024-06-05 20:34:33,728 0.998180 (0.001445) with: {'batch_size': 64, 'lr': 0.02, 'max_epochs': 64, 'module__n_features': 73, 'module__n_neurons': 256, 'module__nonlin': ReLU()}
2024-06-05 20:34:33,728 0.998392 (0.001948) with: {'batch_size': 64, 'lr': 0.02, 'max_epochs': 128, 'module__n_features': 73, 'module__n_neurons': 16, 'module__nonlin': Tanh()}
2024-06-05 20:34:33,728 0.998008 (0.002115) with: {'batch_size': 64, 'lr': 0.02, 'max_epochs': 128, 'module__n_features': 73, 'module__n_neurons': 16, 'module__nonlin': ReLU()}
2024-06-05 20:34:33,728 0.998272 (0.002008) with: {'batch_size': 64, 'lr': 0.02, 'max_epochs': 128, 'module__n_features': 73, 'module__n_neurons': 32, 'module__nonlin': Tanh()}
2024-06-05 20:34:33,728 0.997909 (0.002431) with: {'batch_size': 64, 'lr': 0.02, 'max_epochs': 128, 'module__n_features': 73, 'module__n_neurons': 32, 'module__nonlin': ReLU()}
2024-06-05 20:34:33,728 0.998023 (0.002439) with: {'batch_size': 64, 'lr': 0.02, 'max_epochs': 128, 'module__n_features': 73, 'module__n_neurons': 64, 'module__nonlin': Tanh()}
2024-06-05 20:34:33,728 0.997409 (0.002201) with: {'batch_size': 64, 'lr': 0.02, 'max_epochs': 128, 'module__n_features': 73, 'module__n_neurons': 64, 'module__nonlin': ReLU()}
2024-06-05 20:34:33,728 0.998044 (0.002296) with: {'batch_size': 64, 'lr': 0.02, 'max_epochs': 128, 'module__n_features': 73, 'module__n_neurons': 128, 'module__nonlin': Tanh()}
2024-06-05 20:34:33,728 0.998372 (0.002217) with: {'batch_size': 64, 'lr': 0.02, 'max_epochs': 128, 'module__n_features': 73, 'module__n_neurons': 128, 'module__nonlin': ReLU()}
2024-06-05 20:34:33,728 0.908803 (0.176002) with: {'batch_size': 64, 'lr': 0.02, 'max_epochs': 128, 'module__n_features': 73, 'module__n_neurons': 256, 'module__nonlin': Tanh()}
2024-06-05 20:34:33,728 0.997552 (0.002225) with: {'batch_size': 64, 'lr': 0.02, 'max_epochs': 128, 'module__n_features': 73, 'module__n_neurons': 256, 'module__nonlin': ReLU()}
2024-06-05 20:34:33,728 0.972024 (0.011058) with: {'batch_size': 128, 'lr': 0.001, 'max_epochs': 16, 'module__n_features': 73, 'module__n_neurons': 16, 'module__nonlin': Tanh()}
2024-06-05 20:34:33,728 0.939147 (0.023594) with: {'batch_size': 128, 'lr': 0.001, 'max_epochs': 16, 'module__n_features': 73, 'module__n_neurons': 16, 'module__nonlin': ReLU()}
2024-06-05 20:34:33,728 0.988452 (0.003259) with: {'batch_size': 128, 'lr': 0.001, 'max_epochs': 16, 'module__n_features': 73, 'module__n_neurons': 32, 'module__nonlin': Tanh()}
2024-06-05 20:34:33,728 0.979616 (0.006765) with: {'batch_size': 128, 'lr': 0.001, 'max_epochs': 16, 'module__n_features': 73, 'module__n_neurons': 32, 'module__nonlin': ReLU()}
2024-06-05 20:34:33,728 0.993395 (0.002130) with: {'batch_size': 128, 'lr': 0.001, 'max_epochs': 16, 'module__n_features': 73, 'module__n_neurons': 64, 'module__nonlin': Tanh()}
2024-06-05 20:34:33,728 0.991474 (0.003237) with: {'batch_size': 128, 'lr': 0.001, 'max_epochs': 16, 'module__n_features': 73, 'module__n_neurons': 64, 'module__nonlin': ReLU()}
2024-06-05 20:34:33,728 0.995227 (0.002022) with: {'batch_size': 128, 'lr': 0.001, 'max_epochs': 16, 'module__n_features': 73, 'module__n_neurons': 128, 'module__nonlin': Tanh()}
2024-06-05 20:34:33,728 0.996738 (0.001883) with: {'batch_size': 128, 'lr': 0.001, 'max_epochs': 16, 'module__n_features': 73, 'module__n_neurons': 128, 'module__nonlin': ReLU()}
2024-06-05 20:34:33,728 0.995702 (0.001852) with: {'batch_size': 128, 'lr': 0.001, 'max_epochs': 16, 'module__n_features': 73, 'module__n_neurons': 256, 'module__nonlin': Tanh()}
2024-06-05 20:34:33,729 0.998331 (0.001345) with: {'batch_size': 128, 'lr': 0.001, 'max_epochs': 16, 'module__n_features': 73, 'module__n_neurons': 256, 'module__nonlin': ReLU()}
2024-06-05 20:34:33,729 0.992641 (0.002291) with: {'batch_size': 128, 'lr': 0.001, 'max_epochs': 32, 'module__n_features': 73, 'module__n_neurons': 16, 'module__nonlin': Tanh()}
2024-06-05 20:34:33,729 0.986041 (0.005506) with: {'batch_size': 128, 'lr': 0.001, 'max_epochs': 32, 'module__n_features': 73, 'module__n_neurons': 16, 'module__nonlin': ReLU()}
2024-06-05 20:34:33,729 0.994590 (0.001918) with: {'batch_size': 128, 'lr': 0.001, 'max_epochs': 32, 'module__n_features': 73, 'module__n_neurons': 32, 'module__nonlin': Tanh()}
2024-06-05 20:34:33,729 0.994013 (0.003411) with: {'batch_size': 128, 'lr': 0.001, 'max_epochs': 32, 'module__n_features': 73, 'module__n_neurons': 32, 'module__nonlin': ReLU()}
2024-06-05 20:34:33,729 0.995644 (0.001488) with: {'batch_size': 128, 'lr': 0.001, 'max_epochs': 32, 'module__n_features': 73, 'module__n_neurons': 64, 'module__nonlin': Tanh()}
2024-06-05 20:34:33,729 0.996634 (0.001894) with: {'batch_size': 128, 'lr': 0.001, 'max_epochs': 32, 'module__n_features': 73, 'module__n_neurons': 64, 'module__nonlin': ReLU()}
2024-06-05 20:34:33,729 0.996278 (0.001525) with: {'batch_size': 128, 'lr': 0.001, 'max_epochs': 32, 'module__n_features': 73, 'module__n_neurons': 128, 'module__nonlin': Tanh()}
2024-06-05 20:34:33,729 0.998463 (0.001174) with: {'batch_size': 128, 'lr': 0.001, 'max_epochs': 32, 'module__n_features': 73, 'module__n_neurons': 128, 'module__nonlin': ReLU()}
2024-06-05 20:34:33,729 0.996428 (0.001401) with: {'batch_size': 128, 'lr': 0.001, 'max_epochs': 32, 'module__n_features': 73, 'module__n_neurons': 256, 'module__nonlin': Tanh()}
2024-06-05 20:34:33,729 0.998386 (0.001656) with: {'batch_size': 128, 'lr': 0.001, 'max_epochs': 32, 'module__n_features': 73, 'module__n_neurons': 256, 'module__nonlin': ReLU()}
2024-06-05 20:34:33,729 0.995209 (0.002032) with: {'batch_size': 128, 'lr': 0.001, 'max_epochs': 64, 'module__n_features': 73, 'module__n_neurons': 16, 'module__nonlin': Tanh()}
2024-06-05 20:34:33,729 0.994966 (0.001083) with: {'batch_size': 128, 'lr': 0.001, 'max_epochs': 64, 'module__n_features': 73, 'module__n_neurons': 16, 'module__nonlin': ReLU()}
2024-06-05 20:34:33,729 0.995693 (0.001857) with: {'batch_size': 128, 'lr': 0.001, 'max_epochs': 64, 'module__n_features': 73, 'module__n_neurons': 32, 'module__nonlin': Tanh()}
2024-06-05 20:34:33,729 0.997304 (0.001639) with: {'batch_size': 128, 'lr': 0.001, 'max_epochs': 64, 'module__n_features': 73, 'module__n_neurons': 32, 'module__nonlin': ReLU()}
2024-06-05 20:34:33,729 0.996615 (0.001552) with: {'batch_size': 128, 'lr': 0.001, 'max_epochs': 64, 'module__n_features': 73, 'module__n_neurons': 64, 'module__nonlin': Tanh()}
2024-06-05 20:34:33,729 0.998591 (0.001101) with: {'batch_size': 128, 'lr': 0.001, 'max_epochs': 64, 'module__n_features': 73, 'module__n_neurons': 64, 'module__nonlin': ReLU()}
2024-06-05 20:34:33,729 0.997451 (0.000769) with: {'batch_size': 128, 'lr': 0.001, 'max_epochs': 64, 'module__n_features': 73, 'module__n_neurons': 128, 'module__nonlin': Tanh()}
2024-06-05 20:34:33,729 0.998573 (0.001513) with: {'batch_size': 128, 'lr': 0.001, 'max_epochs': 64, 'module__n_features': 73, 'module__n_neurons': 128, 'module__nonlin': ReLU()}
2024-06-05 20:34:33,729 0.997602 (0.001137) with: {'batch_size': 128, 'lr': 0.001, 'max_epochs': 64, 'module__n_features': 73, 'module__n_neurons': 256, 'module__nonlin': Tanh()}
2024-06-05 20:34:33,729 0.998740 (0.001408) with: {'batch_size': 128, 'lr': 0.001, 'max_epochs': 64, 'module__n_features': 73, 'module__n_neurons': 256, 'module__nonlin': ReLU()}
2024-06-05 20:34:33,729 0.996572 (0.001854) with: {'batch_size': 128, 'lr': 0.001, 'max_epochs': 128, 'module__n_features': 73, 'module__n_neurons': 16, 'module__nonlin': Tanh()}
2024-06-05 20:34:33,729 0.998132 (0.001642) with: {'batch_size': 128, 'lr': 0.001, 'max_epochs': 128, 'module__n_features': 73, 'module__n_neurons': 16, 'module__nonlin': ReLU()}
2024-06-05 20:34:33,729 0.997390 (0.001438) with: {'batch_size': 128, 'lr': 0.001, 'max_epochs': 128, 'module__n_features': 73, 'module__n_neurons': 32, 'module__nonlin': Tanh()}
2024-06-05 20:34:33,729 0.998469 (0.001325) with: {'batch_size': 128, 'lr': 0.001, 'max_epochs': 128, 'module__n_features': 73, 'module__n_neurons': 32, 'module__nonlin': ReLU()}
2024-06-05 20:34:33,729 0.997823 (0.001409) with: {'batch_size': 128, 'lr': 0.001, 'max_epochs': 128, 'module__n_features': 73, 'module__n_neurons': 64, 'module__nonlin': Tanh()}
2024-06-05 20:34:33,729 0.998693 (0.001437) with: {'batch_size': 128, 'lr': 0.001, 'max_epochs': 128, 'module__n_features': 73, 'module__n_neurons': 64, 'module__nonlin': ReLU()}
2024-06-05 20:34:33,729 0.997501 (0.001532) with: {'batch_size': 128, 'lr': 0.001, 'max_epochs': 128, 'module__n_features': 73, 'module__n_neurons': 128, 'module__nonlin': Tanh()}
2024-06-05 20:34:33,729 0.999136 (0.000900) with: {'batch_size': 128, 'lr': 0.001, 'max_epochs': 128, 'module__n_features': 73, 'module__n_neurons': 128, 'module__nonlin': ReLU()}
2024-06-05 20:34:33,729 0.998286 (0.001029) with: {'batch_size': 128, 'lr': 0.001, 'max_epochs': 128, 'module__n_features': 73, 'module__n_neurons': 256, 'module__nonlin': Tanh()}
2024-06-05 20:34:33,729 0.998695 (0.001496) with: {'batch_size': 128, 'lr': 0.001, 'max_epochs': 128, 'module__n_features': 73, 'module__n_neurons': 256, 'module__nonlin': ReLU()}
2024-06-05 20:34:33,729 0.996235 (0.001441) with: {'batch_size': 128, 'lr': 0.01, 'max_epochs': 16, 'module__n_features': 73, 'module__n_neurons': 16, 'module__nonlin': Tanh()}
2024-06-05 20:34:33,730 0.997007 (0.002793) with: {'batch_size': 128, 'lr': 0.01, 'max_epochs': 16, 'module__n_features': 73, 'module__n_neurons': 16, 'module__nonlin': ReLU()}
2024-06-05 20:34:33,730 0.996284 (0.001667) with: {'batch_size': 128, 'lr': 0.01, 'max_epochs': 16, 'module__n_features': 73, 'module__n_neurons': 32, 'module__nonlin': Tanh()}
2024-06-05 20:34:33,730 0.997418 (0.001864) with: {'batch_size': 128, 'lr': 0.01, 'max_epochs': 16, 'module__n_features': 73, 'module__n_neurons': 32, 'module__nonlin': ReLU()}
2024-06-05 20:34:33,730 0.996618 (0.001114) with: {'batch_size': 128, 'lr': 0.01, 'max_epochs': 16, 'module__n_features': 73, 'module__n_neurons': 64, 'module__nonlin': Tanh()}
2024-06-05 20:34:33,730 0.998491 (0.001596) with: {'batch_size': 128, 'lr': 0.01, 'max_epochs': 16, 'module__n_features': 73, 'module__n_neurons': 64, 'module__nonlin': ReLU()}
2024-06-05 20:34:33,730 0.997360 (0.001528) with: {'batch_size': 128, 'lr': 0.01, 'max_epochs': 16, 'module__n_features': 73, 'module__n_neurons': 128, 'module__nonlin': Tanh()}
2024-06-05 20:34:33,730 0.998437 (0.001786) with: {'batch_size': 128, 'lr': 0.01, 'max_epochs': 16, 'module__n_features': 73, 'module__n_neurons': 128, 'module__nonlin': ReLU()}
2024-06-05 20:34:33,730 0.996861 (0.002266) with: {'batch_size': 128, 'lr': 0.01, 'max_epochs': 16, 'module__n_features': 73, 'module__n_neurons': 256, 'module__nonlin': Tanh()}
2024-06-05 20:34:33,730 0.998364 (0.001565) with: {'batch_size': 128, 'lr': 0.01, 'max_epochs': 16, 'module__n_features': 73, 'module__n_neurons': 256, 'module__nonlin': ReLU()}
2024-06-05 20:34:33,730 0.997997 (0.001195) with: {'batch_size': 128, 'lr': 0.01, 'max_epochs': 32, 'module__n_features': 73, 'module__n_neurons': 16, 'module__nonlin': Tanh()}
2024-06-05 20:34:33,730 0.996006 (0.001948) with: {'batch_size': 128, 'lr': 0.01, 'max_epochs': 32, 'module__n_features': 73, 'module__n_neurons': 16, 'module__nonlin': ReLU()}
2024-06-05 20:34:33,730 0.998137 (0.001244) with: {'batch_size': 128, 'lr': 0.01, 'max_epochs': 32, 'module__n_features': 73, 'module__n_neurons': 32, 'module__nonlin': Tanh()}
2024-06-05 20:34:33,730 0.998107 (0.001547) with: {'batch_size': 128, 'lr': 0.01, 'max_epochs': 32, 'module__n_features': 73, 'module__n_neurons': 32, 'module__nonlin': ReLU()}
2024-06-05 20:34:33,730 0.998361 (0.001280) with: {'batch_size': 128, 'lr': 0.01, 'max_epochs': 32, 'module__n_features': 73, 'module__n_neurons': 64, 'module__nonlin': Tanh()}
2024-06-05 20:34:33,730 0.998236 (0.001721) with: {'batch_size': 128, 'lr': 0.01, 'max_epochs': 32, 'module__n_features': 73, 'module__n_neurons': 64, 'module__nonlin': ReLU()}
2024-06-05 20:34:33,730 0.998168 (0.001866) with: {'batch_size': 128, 'lr': 0.01, 'max_epochs': 32, 'module__n_features': 73, 'module__n_neurons': 128, 'module__nonlin': Tanh()}
2024-06-05 20:34:33,730 0.998455 (0.001538) with: {'batch_size': 128, 'lr': 0.01, 'max_epochs': 32, 'module__n_features': 73, 'module__n_neurons': 128, 'module__nonlin': ReLU()}
2024-06-05 20:34:33,730 0.998425 (0.001528) with: {'batch_size': 128, 'lr': 0.01, 'max_epochs': 32, 'module__n_features': 73, 'module__n_neurons': 256, 'module__nonlin': Tanh()}
2024-06-05 20:34:33,730 0.998578 (0.001698) with: {'batch_size': 128, 'lr': 0.01, 'max_epochs': 32, 'module__n_features': 73, 'module__n_neurons': 256, 'module__nonlin': ReLU()}
2024-06-05 20:34:33,730 0.998367 (0.001646) with: {'batch_size': 128, 'lr': 0.01, 'max_epochs': 64, 'module__n_features': 73, 'module__n_neurons': 16, 'module__nonlin': Tanh()}
2024-06-05 20:34:33,730 0.998165 (0.001520) with: {'batch_size': 128, 'lr': 0.01, 'max_epochs': 64, 'module__n_features': 73, 'module__n_neurons': 16, 'module__nonlin': ReLU()}
2024-06-05 20:34:33,730 0.998214 (0.001714) with: {'batch_size': 128, 'lr': 0.01, 'max_epochs': 64, 'module__n_features': 73, 'module__n_neurons': 32, 'module__nonlin': Tanh()}
2024-06-05 20:34:33,730 0.998168 (0.001435) with: {'batch_size': 128, 'lr': 0.01, 'max_epochs': 64, 'module__n_features': 73, 'module__n_neurons': 32, 'module__nonlin': ReLU()}
2024-06-05 20:34:33,730 0.998272 (0.002094) with: {'batch_size': 128, 'lr': 0.01, 'max_epochs': 64, 'module__n_features': 73, 'module__n_neurons': 64, 'module__nonlin': Tanh()}
2024-06-05 20:34:33,730 0.998955 (0.001100) with: {'batch_size': 128, 'lr': 0.01, 'max_epochs': 64, 'module__n_features': 73, 'module__n_neurons': 64, 'module__nonlin': ReLU()}
2024-06-05 20:34:33,730 0.997754 (0.002197) with: {'batch_size': 128, 'lr': 0.01, 'max_epochs': 64, 'module__n_features': 73, 'module__n_neurons': 128, 'module__nonlin': Tanh()}
2024-06-05 20:34:33,730 0.998591 (0.001643) with: {'batch_size': 128, 'lr': 0.01, 'max_epochs': 64, 'module__n_features': 73, 'module__n_neurons': 128, 'module__nonlin': ReLU()}
2024-06-05 20:34:33,731 0.997653 (0.002994) with: {'batch_size': 128, 'lr': 0.01, 'max_epochs': 64, 'module__n_features': 73, 'module__n_neurons': 256, 'module__nonlin': Tanh()}
2024-06-05 20:34:33,731 0.998964 (0.001279) with: {'batch_size': 128, 'lr': 0.01, 'max_epochs': 64, 'module__n_features': 73, 'module__n_neurons': 256, 'module__nonlin': ReLU()}
2024-06-05 20:34:33,731 0.998450 (0.001477) with: {'batch_size': 128, 'lr': 0.01, 'max_epochs': 128, 'module__n_features': 73, 'module__n_neurons': 16, 'module__nonlin': Tanh()}
2024-06-05 20:34:33,731 0.998667 (0.001447) with: {'batch_size': 128, 'lr': 0.01, 'max_epochs': 128, 'module__n_features': 73, 'module__n_neurons': 16, 'module__nonlin': ReLU()}
2024-06-05 20:34:33,731 0.998422 (0.001730) with: {'batch_size': 128, 'lr': 0.01, 'max_epochs': 128, 'module__n_features': 73, 'module__n_neurons': 32, 'module__nonlin': Tanh()}
2024-06-05 20:34:33,731 0.998636 (0.001678) with: {'batch_size': 128, 'lr': 0.01, 'max_epochs': 128, 'module__n_features': 73, 'module__n_neurons': 32, 'module__nonlin': ReLU()}
2024-06-05 20:34:33,731 0.998416 (0.001758) with: {'batch_size': 128, 'lr': 0.01, 'max_epochs': 128, 'module__n_features': 73, 'module__n_neurons': 64, 'module__nonlin': Tanh()}
2024-06-05 20:34:33,731 0.998379 (0.001986) with: {'batch_size': 128, 'lr': 0.01, 'max_epochs': 128, 'module__n_features': 73, 'module__n_neurons': 64, 'module__nonlin': ReLU()}
2024-06-05 20:34:33,731 0.998268 (0.002261) with: {'batch_size': 128, 'lr': 0.01, 'max_epochs': 128, 'module__n_features': 73, 'module__n_neurons': 128, 'module__nonlin': Tanh()}
2024-06-05 20:34:33,731 0.998780 (0.001493) with: {'batch_size': 128, 'lr': 0.01, 'max_epochs': 128, 'module__n_features': 73, 'module__n_neurons': 128, 'module__nonlin': ReLU()}
2024-06-05 20:34:33,731 0.998241 (0.002367) with: {'batch_size': 128, 'lr': 0.01, 'max_epochs': 128, 'module__n_features': 73, 'module__n_neurons': 256, 'module__nonlin': Tanh()}
2024-06-05 20:34:33,731 0.998400 (0.001391) with: {'batch_size': 128, 'lr': 0.01, 'max_epochs': 128, 'module__n_features': 73, 'module__n_neurons': 256, 'module__nonlin': ReLU()}
2024-06-05 20:34:33,731 0.997614 (0.001634) with: {'batch_size': 128, 'lr': 0.02, 'max_epochs': 16, 'module__n_features': 73, 'module__n_neurons': 16, 'module__nonlin': Tanh()}
2024-06-05 20:34:33,731 0.996933 (0.001511) with: {'batch_size': 128, 'lr': 0.02, 'max_epochs': 16, 'module__n_features': 73, 'module__n_neurons': 16, 'module__nonlin': ReLU()}
2024-06-05 20:34:33,731 0.997935 (0.001284) with: {'batch_size': 128, 'lr': 0.02, 'max_epochs': 16, 'module__n_features': 73, 'module__n_neurons': 32, 'module__nonlin': Tanh()}
2024-06-05 20:34:33,731 0.997773 (0.001555) with: {'batch_size': 128, 'lr': 0.02, 'max_epochs': 16, 'module__n_features': 73, 'module__n_neurons': 32, 'module__nonlin': ReLU()}
2024-06-05 20:34:33,731 0.997593 (0.001904) with: {'batch_size': 128, 'lr': 0.02, 'max_epochs': 16, 'module__n_features': 73, 'module__n_neurons': 64, 'module__nonlin': Tanh()}
2024-06-05 20:34:33,731 0.998873 (0.001180) with: {'batch_size': 128, 'lr': 0.02, 'max_epochs': 16, 'module__n_features': 73, 'module__n_neurons': 64, 'module__nonlin': ReLU()}
2024-06-05 20:34:33,731 0.996677 (0.001945) with: {'batch_size': 128, 'lr': 0.02, 'max_epochs': 16, 'module__n_features': 73, 'module__n_neurons': 128, 'module__nonlin': Tanh()}
2024-06-05 20:34:33,731 0.998760 (0.001113) with: {'batch_size': 128, 'lr': 0.02, 'max_epochs': 16, 'module__n_features': 73, 'module__n_neurons': 128, 'module__nonlin': ReLU()}
2024-06-05 20:34:33,731 0.748485 (0.313134) with: {'batch_size': 128, 'lr': 0.02, 'max_epochs': 16, 'module__n_features': 73, 'module__n_neurons': 256, 'module__nonlin': Tanh()}
2024-06-05 20:34:33,731 0.998602 (0.001059) with: {'batch_size': 128, 'lr': 0.02, 'max_epochs': 16, 'module__n_features': 73, 'module__n_neurons': 256, 'module__nonlin': ReLU()}
2024-06-05 20:34:33,731 0.998389 (0.001507) with: {'batch_size': 128, 'lr': 0.02, 'max_epochs': 32, 'module__n_features': 73, 'module__n_neurons': 16, 'module__nonlin': Tanh()}
2024-06-05 20:34:33,731 0.996783 (0.001781) with: {'batch_size': 128, 'lr': 0.02, 'max_epochs': 32, 'module__n_features': 73, 'module__n_neurons': 16, 'module__nonlin': ReLU()}
2024-06-05 20:34:33,731 0.998064 (0.002086) with: {'batch_size': 128, 'lr': 0.02, 'max_epochs': 32, 'module__n_features': 73, 'module__n_neurons': 32, 'module__nonlin': Tanh()}
2024-06-05 20:34:33,731 0.998713 (0.001460) with: {'batch_size': 128, 'lr': 0.02, 'max_epochs': 32, 'module__n_features': 73, 'module__n_neurons': 32, 'module__nonlin': ReLU()}
2024-06-05 20:34:33,731 0.998095 (0.002141) with: {'batch_size': 128, 'lr': 0.02, 'max_epochs': 32, 'module__n_features': 73, 'module__n_neurons': 64, 'module__nonlin': Tanh()}
2024-06-05 20:34:33,731 0.998613 (0.001460) with: {'batch_size': 128, 'lr': 0.02, 'max_epochs': 32, 'module__n_features': 73, 'module__n_neurons': 64, 'module__nonlin': ReLU()}
2024-06-05 20:34:33,731 0.997894 (0.001977) with: {'batch_size': 128, 'lr': 0.02, 'max_epochs': 32, 'module__n_features': 73, 'module__n_neurons': 128, 'module__nonlin': Tanh()}
2024-06-05 20:34:33,731 0.998744 (0.001420) with: {'batch_size': 128, 'lr': 0.02, 'max_epochs': 32, 'module__n_features': 73, 'module__n_neurons': 128, 'module__nonlin': ReLU()}
2024-06-05 20:34:33,731 0.769894 (0.279743) with: {'batch_size': 128, 'lr': 0.02, 'max_epochs': 32, 'module__n_features': 73, 'module__n_neurons': 256, 'module__nonlin': Tanh()}
2024-06-05 20:34:33,731 0.998676 (0.001445) with: {'batch_size': 128, 'lr': 0.02, 'max_epochs': 32, 'module__n_features': 73, 'module__n_neurons': 256, 'module__nonlin': ReLU()}
2024-06-05 20:34:33,731 0.998658 (0.001543) with: {'batch_size': 128, 'lr': 0.02, 'max_epochs': 64, 'module__n_features': 73, 'module__n_neurons': 16, 'module__nonlin': Tanh()}
2024-06-05 20:34:33,732 0.997905 (0.001987) with: {'batch_size': 128, 'lr': 0.02, 'max_epochs': 64, 'module__n_features': 73, 'module__n_neurons': 16, 'module__nonlin': ReLU()}
2024-06-05 20:34:33,732 0.998664 (0.001509) with: {'batch_size': 128, 'lr': 0.02, 'max_epochs': 64, 'module__n_features': 73, 'module__n_neurons': 32, 'module__nonlin': Tanh()}
2024-06-05 20:34:33,732 0.998419 (0.001053) with: {'batch_size': 128, 'lr': 0.02, 'max_epochs': 64, 'module__n_features': 73, 'module__n_neurons': 32, 'module__nonlin': ReLU()}
2024-06-05 20:34:33,732 0.998336 (0.002274) with: {'batch_size': 128, 'lr': 0.02, 'max_epochs': 64, 'module__n_features': 73, 'module__n_neurons': 64, 'module__nonlin': Tanh()}
2024-06-05 20:34:33,732 0.998630 (0.001575) with: {'batch_size': 128, 'lr': 0.02, 'max_epochs': 64, 'module__n_features': 73, 'module__n_neurons': 64, 'module__nonlin': ReLU()}
2024-06-05 20:34:33,732 0.997883 (0.002622) with: {'batch_size': 128, 'lr': 0.02, 'max_epochs': 64, 'module__n_features': 73, 'module__n_neurons': 128, 'module__nonlin': Tanh()}
2024-06-05 20:34:33,732 0.998686 (0.001400) with: {'batch_size': 128, 'lr': 0.02, 'max_epochs': 64, 'module__n_features': 73, 'module__n_neurons': 128, 'module__nonlin': ReLU()}
2024-06-05 20:34:33,732 0.942658 (0.109841) with: {'batch_size': 128, 'lr': 0.02, 'max_epochs': 64, 'module__n_features': 73, 'module__n_neurons': 256, 'module__nonlin': Tanh()}
2024-06-05 20:34:33,732 0.999025 (0.001063) with: {'batch_size': 128, 'lr': 0.02, 'max_epochs': 64, 'module__n_features': 73, 'module__n_neurons': 256, 'module__nonlin': ReLU()}
2024-06-05 20:34:33,732 0.998061 (0.002208) with: {'batch_size': 128, 'lr': 0.02, 'max_epochs': 128, 'module__n_features': 73, 'module__n_neurons': 16, 'module__nonlin': Tanh()}
2024-06-05 20:34:33,732 0.996931 (0.003536) with: {'batch_size': 128, 'lr': 0.02, 'max_epochs': 128, 'module__n_features': 73, 'module__n_neurons': 16, 'module__nonlin': ReLU()}
2024-06-05 20:34:33,732 0.998287 (0.001742) with: {'batch_size': 128, 'lr': 0.02, 'max_epochs': 128, 'module__n_features': 73, 'module__n_neurons': 32, 'module__nonlin': Tanh()}
2024-06-05 20:34:33,732 0.998607 (0.001637) with: {'batch_size': 128, 'lr': 0.02, 'max_epochs': 128, 'module__n_features': 73, 'module__n_neurons': 32, 'module__nonlin': ReLU()}
2024-06-05 20:34:33,732 0.998272 (0.002092) with: {'batch_size': 128, 'lr': 0.02, 'max_epochs': 128, 'module__n_features': 73, 'module__n_neurons': 64, 'module__nonlin': Tanh()}
2024-06-05 20:34:33,732 0.998540 (0.001533) with: {'batch_size': 128, 'lr': 0.02, 'max_epochs': 128, 'module__n_features': 73, 'module__n_neurons': 64, 'module__nonlin': ReLU()}
2024-06-05 20:34:33,732 0.997499 (0.003018) with: {'batch_size': 128, 'lr': 0.02, 'max_epochs': 128, 'module__n_features': 73, 'module__n_neurons': 128, 'module__nonlin': Tanh()}
2024-06-05 20:34:33,732 0.998435 (0.001717) with: {'batch_size': 128, 'lr': 0.02, 'max_epochs': 128, 'module__n_features': 73, 'module__n_neurons': 128, 'module__nonlin': ReLU()}
2024-06-05 20:34:33,732 0.884881 (0.225913) with: {'batch_size': 128, 'lr': 0.02, 'max_epochs': 128, 'module__n_features': 73, 'module__n_neurons': 256, 'module__nonlin': Tanh()}
2024-06-05 20:34:33,732 0.998213 (0.001872) with: {'batch_size': 128, 'lr': 0.02, 'max_epochs': 128, 'module__n_features': 73, 'module__n_neurons': 256, 'module__nonlin': ReLU()}
