2024-05-29 17:25:01,468 Best: 0.849094 using {'batch_size': 32, 'lr': 0.02, 'max_epochs': 128, 'module__n_features': 8, 'module__n_neurons': 64, 'module__nonlin': Tanh()}
2024-05-29 17:25:01,468 Best estimator configuration: 
 <class 'skorch.classifier.NeuralNetClassifier'>[initialized](
  module_=Module1Layer(
    (dense0): Linear(in_features=8, out_features=64, bias=True)
    (act): Tanh()
    (output): Linear(in_features=64, out_features=1, bias=True)
    (sigmoid): Sigmoid()
  ),
)
2024-05-29 17:25:01,468 0.584287 (0.052221) with: {'batch_size': 16, 'lr': 0.001, 'max_epochs': 16, 'module__n_features': 8, 'module__n_neurons': 16, 'module__nonlin': Tanh()}
2024-05-29 17:25:01,468 0.501218 (0.124421) with: {'batch_size': 16, 'lr': 0.001, 'max_epochs': 16, 'module__n_features': 8, 'module__n_neurons': 16, 'module__nonlin': ReLU()}
2024-05-29 17:25:01,468 0.730320 (0.058767) with: {'batch_size': 16, 'lr': 0.001, 'max_epochs': 16, 'module__n_features': 8, 'module__n_neurons': 32, 'module__nonlin': Tanh()}
2024-05-29 17:25:01,468 0.555901 (0.072279) with: {'batch_size': 16, 'lr': 0.001, 'max_epochs': 16, 'module__n_features': 8, 'module__n_neurons': 32, 'module__nonlin': ReLU()}
2024-05-29 17:25:01,468 0.754929 (0.036576) with: {'batch_size': 16, 'lr': 0.001, 'max_epochs': 16, 'module__n_features': 8, 'module__n_neurons': 64, 'module__nonlin': Tanh()}
2024-05-29 17:25:01,468 0.682830 (0.122773) with: {'batch_size': 16, 'lr': 0.001, 'max_epochs': 16, 'module__n_features': 8, 'module__n_neurons': 64, 'module__nonlin': ReLU()}
2024-05-29 17:25:01,468 0.771481 (0.024912) with: {'batch_size': 16, 'lr': 0.001, 'max_epochs': 16, 'module__n_features': 8, 'module__n_neurons': 128, 'module__nonlin': Tanh()}
2024-05-29 17:25:01,468 0.776673 (0.027142) with: {'batch_size': 16, 'lr': 0.001, 'max_epochs': 16, 'module__n_features': 8, 'module__n_neurons': 128, 'module__nonlin': ReLU()}
2024-05-29 17:25:01,468 0.797453 (0.025553) with: {'batch_size': 16, 'lr': 0.001, 'max_epochs': 16, 'module__n_features': 8, 'module__n_neurons': 256, 'module__nonlin': Tanh()}
2024-05-29 17:25:01,468 0.787361 (0.034232) with: {'batch_size': 16, 'lr': 0.001, 'max_epochs': 16, 'module__n_features': 8, 'module__n_neurons': 256, 'module__nonlin': ReLU()}
2024-05-29 17:25:01,468 0.675655 (0.068054) with: {'batch_size': 16, 'lr': 0.001, 'max_epochs': 32, 'module__n_features': 8, 'module__n_neurons': 16, 'module__nonlin': Tanh()}
2024-05-29 17:25:01,468 0.723408 (0.032929) with: {'batch_size': 16, 'lr': 0.001, 'max_epochs': 32, 'module__n_features': 8, 'module__n_neurons': 16, 'module__nonlin': ReLU()}
2024-05-29 17:25:01,468 0.754791 (0.028114) with: {'batch_size': 16, 'lr': 0.001, 'max_epochs': 32, 'module__n_features': 8, 'module__n_neurons': 32, 'module__nonlin': Tanh()}
2024-05-29 17:25:01,468 0.668250 (0.059609) with: {'batch_size': 16, 'lr': 0.001, 'max_epochs': 32, 'module__n_features': 8, 'module__n_neurons': 32, 'module__nonlin': ReLU()}
2024-05-29 17:25:01,468 0.776938 (0.029702) with: {'batch_size': 16, 'lr': 0.001, 'max_epochs': 32, 'module__n_features': 8, 'module__n_neurons': 64, 'module__nonlin': Tanh()}
2024-05-29 17:25:01,468 0.755899 (0.029740) with: {'batch_size': 16, 'lr': 0.001, 'max_epochs': 32, 'module__n_features': 8, 'module__n_neurons': 64, 'module__nonlin': ReLU()}
2024-05-29 17:25:01,468 0.795198 (0.029945) with: {'batch_size': 16, 'lr': 0.001, 'max_epochs': 32, 'module__n_features': 8, 'module__n_neurons': 128, 'module__nonlin': Tanh()}
2024-05-29 17:25:01,468 0.796680 (0.021834) with: {'batch_size': 16, 'lr': 0.001, 'max_epochs': 32, 'module__n_features': 8, 'module__n_neurons': 128, 'module__nonlin': ReLU()}
2024-05-29 17:25:01,468 0.817551 (0.027557) with: {'batch_size': 16, 'lr': 0.001, 'max_epochs': 32, 'module__n_features': 8, 'module__n_neurons': 256, 'module__nonlin': Tanh()}
2024-05-29 17:25:01,468 0.809499 (0.028623) with: {'batch_size': 16, 'lr': 0.001, 'max_epochs': 32, 'module__n_features': 8, 'module__n_neurons': 256, 'module__nonlin': ReLU()}
2024-05-29 17:25:01,472 0.772848 (0.028687) with: {'batch_size': 16, 'lr': 0.001, 'max_epochs': 64, 'module__n_features': 8, 'module__n_neurons': 16, 'module__nonlin': Tanh()}
2024-05-29 17:25:01,472 0.750963 (0.039061) with: {'batch_size': 16, 'lr': 0.001, 'max_epochs': 64, 'module__n_features': 8, 'module__n_neurons': 16, 'module__nonlin': ReLU()}
2024-05-29 17:25:01,472 0.775499 (0.027969) with: {'batch_size': 16, 'lr': 0.001, 'max_epochs': 64, 'module__n_features': 8, 'module__n_neurons': 32, 'module__nonlin': Tanh()}
2024-05-29 17:25:01,472 0.764278 (0.032663) with: {'batch_size': 16, 'lr': 0.001, 'max_epochs': 64, 'module__n_features': 8, 'module__n_neurons': 32, 'module__nonlin': ReLU()}
2024-05-29 17:25:01,472 0.808023 (0.029724) with: {'batch_size': 16, 'lr': 0.001, 'max_epochs': 64, 'module__n_features': 8, 'module__n_neurons': 64, 'module__nonlin': Tanh()}
2024-05-29 17:25:01,472 0.787131 (0.027108) with: {'batch_size': 16, 'lr': 0.001, 'max_epochs': 64, 'module__n_features': 8, 'module__n_neurons': 64, 'module__nonlin': ReLU()}
2024-05-29 17:25:01,472 0.820072 (0.025659) with: {'batch_size': 16, 'lr': 0.001, 'max_epochs': 64, 'module__n_features': 8, 'module__n_neurons': 128, 'module__nonlin': Tanh()}
2024-05-29 17:25:01,472 0.811796 (0.032348) with: {'batch_size': 16, 'lr': 0.001, 'max_epochs': 64, 'module__n_features': 8, 'module__n_neurons': 128, 'module__nonlin': ReLU()}
2024-05-29 17:25:01,472 0.834139 (0.020961) with: {'batch_size': 16, 'lr': 0.001, 'max_epochs': 64, 'module__n_features': 8, 'module__n_neurons': 256, 'module__nonlin': Tanh()}
2024-05-29 17:25:01,473 0.832185 (0.022088) with: {'batch_size': 16, 'lr': 0.001, 'max_epochs': 64, 'module__n_features': 8, 'module__n_neurons': 256, 'module__nonlin': ReLU()}
2024-05-29 17:25:01,473 0.810960 (0.026781) with: {'batch_size': 16, 'lr': 0.001, 'max_epochs': 128, 'module__n_features': 8, 'module__n_neurons': 16, 'module__nonlin': Tanh()}
2024-05-29 17:25:01,473 0.781945 (0.041003) with: {'batch_size': 16, 'lr': 0.001, 'max_epochs': 128, 'module__n_features': 8, 'module__n_neurons': 16, 'module__nonlin': ReLU()}
2024-05-29 17:25:01,473 0.809152 (0.035382) with: {'batch_size': 16, 'lr': 0.001, 'max_epochs': 128, 'module__n_features': 8, 'module__n_neurons': 32, 'module__nonlin': Tanh()}
2024-05-29 17:25:01,473 0.803948 (0.027031) with: {'batch_size': 16, 'lr': 0.001, 'max_epochs': 128, 'module__n_features': 8, 'module__n_neurons': 32, 'module__nonlin': ReLU()}
2024-05-29 17:25:01,473 0.829589 (0.023679) with: {'batch_size': 16, 'lr': 0.001, 'max_epochs': 128, 'module__n_features': 8, 'module__n_neurons': 64, 'module__nonlin': Tanh()}
2024-05-29 17:25:01,473 0.826589 (0.024550) with: {'batch_size': 16, 'lr': 0.001, 'max_epochs': 128, 'module__n_features': 8, 'module__n_neurons': 64, 'module__nonlin': ReLU()}
2024-05-29 17:25:01,473 0.835849 (0.021270) with: {'batch_size': 16, 'lr': 0.001, 'max_epochs': 128, 'module__n_features': 8, 'module__n_neurons': 128, 'module__nonlin': Tanh()}
2024-05-29 17:25:01,473 0.839265 (0.022568) with: {'batch_size': 16, 'lr': 0.001, 'max_epochs': 128, 'module__n_features': 8, 'module__n_neurons': 128, 'module__nonlin': ReLU()}
2024-05-29 17:25:01,473 0.836030 (0.022163) with: {'batch_size': 16, 'lr': 0.001, 'max_epochs': 128, 'module__n_features': 8, 'module__n_neurons': 256, 'module__nonlin': Tanh()}
2024-05-29 17:25:01,473 0.844430 (0.021152) with: {'batch_size': 16, 'lr': 0.001, 'max_epochs': 128, 'module__n_features': 8, 'module__n_neurons': 256, 'module__nonlin': ReLU()}
2024-05-29 17:25:01,473 0.797057 (0.034544) with: {'batch_size': 16, 'lr': 0.01, 'max_epochs': 16, 'module__n_features': 8, 'module__n_neurons': 16, 'module__nonlin': Tanh()}
2024-05-29 17:25:01,473 0.786162 (0.035092) with: {'batch_size': 16, 'lr': 0.01, 'max_epochs': 16, 'module__n_features': 8, 'module__n_neurons': 16, 'module__nonlin': ReLU()}
2024-05-29 17:25:01,473 0.822495 (0.024212) with: {'batch_size': 16, 'lr': 0.01, 'max_epochs': 16, 'module__n_features': 8, 'module__n_neurons': 32, 'module__nonlin': Tanh()}
2024-05-29 17:25:01,473 0.806051 (0.028073) with: {'batch_size': 16, 'lr': 0.01, 'max_epochs': 16, 'module__n_features': 8, 'module__n_neurons': 32, 'module__nonlin': ReLU()}
2024-05-29 17:25:01,473 0.830231 (0.023703) with: {'batch_size': 16, 'lr': 0.01, 'max_epochs': 16, 'module__n_features': 8, 'module__n_neurons': 64, 'module__nonlin': Tanh()}
2024-05-29 17:25:01,473 0.826926 (0.022243) with: {'batch_size': 16, 'lr': 0.01, 'max_epochs': 16, 'module__n_features': 8, 'module__n_neurons': 64, 'module__nonlin': ReLU()}
2024-05-29 17:25:01,473 0.833684 (0.021519) with: {'batch_size': 16, 'lr': 0.01, 'max_epochs': 16, 'module__n_features': 8, 'module__n_neurons': 128, 'module__nonlin': Tanh()}
2024-05-29 17:25:01,473 0.838433 (0.023163) with: {'batch_size': 16, 'lr': 0.01, 'max_epochs': 16, 'module__n_features': 8, 'module__n_neurons': 128, 'module__nonlin': ReLU()}
2024-05-29 17:25:01,473 0.834215 (0.021174) with: {'batch_size': 16, 'lr': 0.01, 'max_epochs': 16, 'module__n_features': 8, 'module__n_neurons': 256, 'module__nonlin': Tanh()}
2024-05-29 17:25:01,473 0.844148 (0.020567) with: {'batch_size': 16, 'lr': 0.01, 'max_epochs': 16, 'module__n_features': 8, 'module__n_neurons': 256, 'module__nonlin': ReLU()}
2024-05-29 17:25:01,473 0.830886 (0.023831) with: {'batch_size': 16, 'lr': 0.01, 'max_epochs': 32, 'module__n_features': 8, 'module__n_neurons': 16, 'module__nonlin': Tanh()}
2024-05-29 17:25:01,473 0.819116 (0.028294) with: {'batch_size': 16, 'lr': 0.01, 'max_epochs': 32, 'module__n_features': 8, 'module__n_neurons': 16, 'module__nonlin': ReLU()}
2024-05-29 17:25:01,473 0.833804 (0.021633) with: {'batch_size': 16, 'lr': 0.01, 'max_epochs': 32, 'module__n_features': 8, 'module__n_neurons': 32, 'module__nonlin': Tanh()}
2024-05-29 17:25:01,473 0.836976 (0.021877) with: {'batch_size': 16, 'lr': 0.01, 'max_epochs': 32, 'module__n_features': 8, 'module__n_neurons': 32, 'module__nonlin': ReLU()}
2024-05-29 17:25:01,473 0.834864 (0.021292) with: {'batch_size': 16, 'lr': 0.01, 'max_epochs': 32, 'module__n_features': 8, 'module__n_neurons': 64, 'module__nonlin': Tanh()}
2024-05-29 17:25:01,473 0.842230 (0.020220) with: {'batch_size': 16, 'lr': 0.01, 'max_epochs': 32, 'module__n_features': 8, 'module__n_neurons': 64, 'module__nonlin': ReLU()}
2024-05-29 17:25:01,473 0.834989 (0.021745) with: {'batch_size': 16, 'lr': 0.01, 'max_epochs': 32, 'module__n_features': 8, 'module__n_neurons': 128, 'module__nonlin': Tanh()}
2024-05-29 17:25:01,473 0.846546 (0.021984) with: {'batch_size': 16, 'lr': 0.01, 'max_epochs': 32, 'module__n_features': 8, 'module__n_neurons': 128, 'module__nonlin': ReLU()}
2024-05-29 17:25:01,473 0.834341 (0.022439) with: {'batch_size': 16, 'lr': 0.01, 'max_epochs': 32, 'module__n_features': 8, 'module__n_neurons': 256, 'module__nonlin': Tanh()}
2024-05-29 17:25:01,473 0.845733 (0.018924) with: {'batch_size': 16, 'lr': 0.01, 'max_epochs': 32, 'module__n_features': 8, 'module__n_neurons': 256, 'module__nonlin': ReLU()}
2024-05-29 17:25:01,473 0.835739 (0.021693) with: {'batch_size': 16, 'lr': 0.01, 'max_epochs': 64, 'module__n_features': 8, 'module__n_neurons': 16, 'module__nonlin': Tanh()}
2024-05-29 17:25:01,473 0.846035 (0.021313) with: {'batch_size': 16, 'lr': 0.01, 'max_epochs': 64, 'module__n_features': 8, 'module__n_neurons': 16, 'module__nonlin': ReLU()}
2024-05-29 17:25:01,473 0.836507 (0.022250) with: {'batch_size': 16, 'lr': 0.01, 'max_epochs': 64, 'module__n_features': 8, 'module__n_neurons': 32, 'module__nonlin': Tanh()}
2024-05-29 17:25:01,473 0.847416 (0.021069) with: {'batch_size': 16, 'lr': 0.01, 'max_epochs': 64, 'module__n_features': 8, 'module__n_neurons': 32, 'module__nonlin': ReLU()}
2024-05-29 17:25:01,473 0.835860 (0.022433) with: {'batch_size': 16, 'lr': 0.01, 'max_epochs': 64, 'module__n_features': 8, 'module__n_neurons': 64, 'module__nonlin': Tanh()}
2024-05-29 17:25:01,473 0.844214 (0.021669) with: {'batch_size': 16, 'lr': 0.01, 'max_epochs': 64, 'module__n_features': 8, 'module__n_neurons': 64, 'module__nonlin': ReLU()}
2024-05-29 17:25:01,473 0.834923 (0.022526) with: {'batch_size': 16, 'lr': 0.01, 'max_epochs': 64, 'module__n_features': 8, 'module__n_neurons': 128, 'module__nonlin': Tanh()}
2024-05-29 17:25:01,474 0.847510 (0.019538) with: {'batch_size': 16, 'lr': 0.01, 'max_epochs': 64, 'module__n_features': 8, 'module__n_neurons': 128, 'module__nonlin': ReLU()}
2024-05-29 17:25:01,474 0.834922 (0.022972) with: {'batch_size': 16, 'lr': 0.01, 'max_epochs': 64, 'module__n_features': 8, 'module__n_neurons': 256, 'module__nonlin': Tanh()}
2024-05-29 17:25:01,474 0.842159 (0.013934) with: {'batch_size': 16, 'lr': 0.01, 'max_epochs': 64, 'module__n_features': 8, 'module__n_neurons': 256, 'module__nonlin': ReLU()}
2024-05-29 17:25:01,474 0.840829 (0.024409) with: {'batch_size': 16, 'lr': 0.01, 'max_epochs': 128, 'module__n_features': 8, 'module__n_neurons': 16, 'module__nonlin': Tanh()}
2024-05-29 17:25:01,474 0.847286 (0.021270) with: {'batch_size': 16, 'lr': 0.01, 'max_epochs': 128, 'module__n_features': 8, 'module__n_neurons': 16, 'module__nonlin': ReLU()}
2024-05-29 17:25:01,474 0.840154 (0.023243) with: {'batch_size': 16, 'lr': 0.01, 'max_epochs': 128, 'module__n_features': 8, 'module__n_neurons': 32, 'module__nonlin': Tanh()}
2024-05-29 17:25:01,474 0.843785 (0.015938) with: {'batch_size': 16, 'lr': 0.01, 'max_epochs': 128, 'module__n_features': 8, 'module__n_neurons': 32, 'module__nonlin': ReLU()}
2024-05-29 17:25:01,474 0.842496 (0.024138) with: {'batch_size': 16, 'lr': 0.01, 'max_epochs': 128, 'module__n_features': 8, 'module__n_neurons': 64, 'module__nonlin': Tanh()}
2024-05-29 17:25:01,474 0.840392 (0.016095) with: {'batch_size': 16, 'lr': 0.01, 'max_epochs': 128, 'module__n_features': 8, 'module__n_neurons': 64, 'module__nonlin': ReLU()}
2024-05-29 17:25:01,474 0.841661 (0.023328) with: {'batch_size': 16, 'lr': 0.01, 'max_epochs': 128, 'module__n_features': 8, 'module__n_neurons': 128, 'module__nonlin': Tanh()}
2024-05-29 17:25:01,474 0.841340 (0.017898) with: {'batch_size': 16, 'lr': 0.01, 'max_epochs': 128, 'module__n_features': 8, 'module__n_neurons': 128, 'module__nonlin': ReLU()}
2024-05-29 17:25:01,474 0.838308 (0.025683) with: {'batch_size': 16, 'lr': 0.01, 'max_epochs': 128, 'module__n_features': 8, 'module__n_neurons': 256, 'module__nonlin': Tanh()}
2024-05-29 17:25:01,474 0.831307 (0.017792) with: {'batch_size': 16, 'lr': 0.01, 'max_epochs': 128, 'module__n_features': 8, 'module__n_neurons': 256, 'module__nonlin': ReLU()}
2024-05-29 17:25:01,474 0.826769 (0.023957) with: {'batch_size': 16, 'lr': 0.02, 'max_epochs': 16, 'module__n_features': 8, 'module__n_neurons': 16, 'module__nonlin': Tanh()}
2024-05-29 17:25:01,474 0.809015 (0.040250) with: {'batch_size': 16, 'lr': 0.02, 'max_epochs': 16, 'module__n_features': 8, 'module__n_neurons': 16, 'module__nonlin': ReLU()}
2024-05-29 17:25:01,474 0.833261 (0.021366) with: {'batch_size': 16, 'lr': 0.02, 'max_epochs': 16, 'module__n_features': 8, 'module__n_neurons': 32, 'module__nonlin': Tanh()}
2024-05-29 17:25:01,474 0.831162 (0.024946) with: {'batch_size': 16, 'lr': 0.02, 'max_epochs': 16, 'module__n_features': 8, 'module__n_neurons': 32, 'module__nonlin': ReLU()}
2024-05-29 17:25:01,474 0.833157 (0.021187) with: {'batch_size': 16, 'lr': 0.02, 'max_epochs': 16, 'module__n_features': 8, 'module__n_neurons': 64, 'module__nonlin': Tanh()}
2024-05-29 17:25:01,474 0.839201 (0.021992) with: {'batch_size': 16, 'lr': 0.02, 'max_epochs': 16, 'module__n_features': 8, 'module__n_neurons': 64, 'module__nonlin': ReLU()}
2024-05-29 17:25:01,474 0.833220 (0.021488) with: {'batch_size': 16, 'lr': 0.02, 'max_epochs': 16, 'module__n_features': 8, 'module__n_neurons': 128, 'module__nonlin': Tanh()}
2024-05-29 17:25:01,474 0.845594 (0.020358) with: {'batch_size': 16, 'lr': 0.02, 'max_epochs': 16, 'module__n_features': 8, 'module__n_neurons': 128, 'module__nonlin': ReLU()}
2024-05-29 17:25:01,474 0.835284 (0.022369) with: {'batch_size': 16, 'lr': 0.02, 'max_epochs': 16, 'module__n_features': 8, 'module__n_neurons': 256, 'module__nonlin': Tanh()}
2024-05-29 17:25:01,474 0.843915 (0.021902) with: {'batch_size': 16, 'lr': 0.02, 'max_epochs': 16, 'module__n_features': 8, 'module__n_neurons': 256, 'module__nonlin': ReLU()}
2024-05-29 17:25:01,474 0.835392 (0.022345) with: {'batch_size': 16, 'lr': 0.02, 'max_epochs': 32, 'module__n_features': 8, 'module__n_neurons': 16, 'module__nonlin': Tanh()}
2024-05-29 17:25:01,474 0.838501 (0.025349) with: {'batch_size': 16, 'lr': 0.02, 'max_epochs': 32, 'module__n_features': 8, 'module__n_neurons': 16, 'module__nonlin': ReLU()}
2024-05-29 17:25:01,474 0.835156 (0.022007) with: {'batch_size': 16, 'lr': 0.02, 'max_epochs': 32, 'module__n_features': 8, 'module__n_neurons': 32, 'module__nonlin': Tanh()}
2024-05-29 17:25:01,474 0.842883 (0.023419) with: {'batch_size': 16, 'lr': 0.02, 'max_epochs': 32, 'module__n_features': 8, 'module__n_neurons': 32, 'module__nonlin': ReLU()}
2024-05-29 17:25:01,474 0.834452 (0.022181) with: {'batch_size': 16, 'lr': 0.02, 'max_epochs': 32, 'module__n_features': 8, 'module__n_neurons': 64, 'module__nonlin': Tanh()}
2024-05-29 17:25:01,474 0.844369 (0.020863) with: {'batch_size': 16, 'lr': 0.02, 'max_epochs': 32, 'module__n_features': 8, 'module__n_neurons': 64, 'module__nonlin': ReLU()}
2024-05-29 17:25:01,474 0.834043 (0.021868) with: {'batch_size': 16, 'lr': 0.02, 'max_epochs': 32, 'module__n_features': 8, 'module__n_neurons': 128, 'module__nonlin': Tanh()}
2024-05-29 17:25:01,474 0.843570 (0.019426) with: {'batch_size': 16, 'lr': 0.02, 'max_epochs': 32, 'module__n_features': 8, 'module__n_neurons': 128, 'module__nonlin': ReLU()}
2024-05-29 17:25:01,474 0.833874 (0.023241) with: {'batch_size': 16, 'lr': 0.02, 'max_epochs': 32, 'module__n_features': 8, 'module__n_neurons': 256, 'module__nonlin': Tanh()}
2024-05-29 17:25:01,474 0.842409 (0.018150) with: {'batch_size': 16, 'lr': 0.02, 'max_epochs': 32, 'module__n_features': 8, 'module__n_neurons': 256, 'module__nonlin': ReLU()}
2024-05-29 17:25:01,474 0.842302 (0.022518) with: {'batch_size': 16, 'lr': 0.02, 'max_epochs': 64, 'module__n_features': 8, 'module__n_neurons': 16, 'module__nonlin': Tanh()}
2024-05-29 17:25:01,474 0.845569 (0.021530) with: {'batch_size': 16, 'lr': 0.02, 'max_epochs': 64, 'module__n_features': 8, 'module__n_neurons': 16, 'module__nonlin': ReLU()}
2024-05-29 17:25:01,474 0.840090 (0.022648) with: {'batch_size': 16, 'lr': 0.02, 'max_epochs': 64, 'module__n_features': 8, 'module__n_neurons': 32, 'module__nonlin': Tanh()}
2024-05-29 17:25:01,474 0.840131 (0.019725) with: {'batch_size': 16, 'lr': 0.02, 'max_epochs': 64, 'module__n_features': 8, 'module__n_neurons': 32, 'module__nonlin': ReLU()}
2024-05-29 17:25:01,474 0.839200 (0.024294) with: {'batch_size': 16, 'lr': 0.02, 'max_epochs': 64, 'module__n_features': 8, 'module__n_neurons': 64, 'module__nonlin': Tanh()}
2024-05-29 17:25:01,474 0.839069 (0.017487) with: {'batch_size': 16, 'lr': 0.02, 'max_epochs': 64, 'module__n_features': 8, 'module__n_neurons': 64, 'module__nonlin': ReLU()}
2024-05-29 17:25:01,474 0.837269 (0.024814) with: {'batch_size': 16, 'lr': 0.02, 'max_epochs': 64, 'module__n_features': 8, 'module__n_neurons': 128, 'module__nonlin': Tanh()}
2024-05-29 17:25:01,474 0.835960 (0.014105) with: {'batch_size': 16, 'lr': 0.02, 'max_epochs': 64, 'module__n_features': 8, 'module__n_neurons': 128, 'module__nonlin': ReLU()}
2024-05-29 17:25:01,474 0.836738 (0.025271) with: {'batch_size': 16, 'lr': 0.02, 'max_epochs': 64, 'module__n_features': 8, 'module__n_neurons': 256, 'module__nonlin': Tanh()}
2024-05-29 17:25:01,475 0.835192 (0.014715) with: {'batch_size': 16, 'lr': 0.02, 'max_epochs': 64, 'module__n_features': 8, 'module__n_neurons': 256, 'module__nonlin': ReLU()}
2024-05-29 17:25:01,475 0.848757 (0.021720) with: {'batch_size': 16, 'lr': 0.02, 'max_epochs': 128, 'module__n_features': 8, 'module__n_neurons': 16, 'module__nonlin': Tanh()}
2024-05-29 17:25:01,475 0.842062 (0.018215) with: {'batch_size': 16, 'lr': 0.02, 'max_epochs': 128, 'module__n_features': 8, 'module__n_neurons': 16, 'module__nonlin': ReLU()}
2024-05-29 17:25:01,475 0.848587 (0.021427) with: {'batch_size': 16, 'lr': 0.02, 'max_epochs': 128, 'module__n_features': 8, 'module__n_neurons': 32, 'module__nonlin': Tanh()}
2024-05-29 17:25:01,475 0.843321 (0.014645) with: {'batch_size': 16, 'lr': 0.02, 'max_epochs': 128, 'module__n_features': 8, 'module__n_neurons': 32, 'module__nonlin': ReLU()}
2024-05-29 17:25:01,475 0.845733 (0.022505) with: {'batch_size': 16, 'lr': 0.02, 'max_epochs': 128, 'module__n_features': 8, 'module__n_neurons': 64, 'module__nonlin': Tanh()}
2024-05-29 17:25:01,475 0.836929 (0.019929) with: {'batch_size': 16, 'lr': 0.02, 'max_epochs': 128, 'module__n_features': 8, 'module__n_neurons': 64, 'module__nonlin': ReLU()}
2024-05-29 17:25:01,475 0.844739 (0.021441) with: {'batch_size': 16, 'lr': 0.02, 'max_epochs': 128, 'module__n_features': 8, 'module__n_neurons': 128, 'module__nonlin': Tanh()}
2024-05-29 17:25:01,475 0.828188 (0.020866) with: {'batch_size': 16, 'lr': 0.02, 'max_epochs': 128, 'module__n_features': 8, 'module__n_neurons': 128, 'module__nonlin': ReLU()}
2024-05-29 17:25:01,475 0.845505 (0.022160) with: {'batch_size': 16, 'lr': 0.02, 'max_epochs': 128, 'module__n_features': 8, 'module__n_neurons': 256, 'module__nonlin': Tanh()}
2024-05-29 17:25:01,475 0.816459 (0.021631) with: {'batch_size': 16, 'lr': 0.02, 'max_epochs': 128, 'module__n_features': 8, 'module__n_neurons': 256, 'module__nonlin': ReLU()}
2024-05-29 17:25:01,475 0.444646 (0.155761) with: {'batch_size': 32, 'lr': 0.001, 'max_epochs': 16, 'module__n_features': 8, 'module__n_neurons': 16, 'module__nonlin': Tanh()}
2024-05-29 17:25:01,475 0.451697 (0.126551) with: {'batch_size': 32, 'lr': 0.001, 'max_epochs': 16, 'module__n_features': 8, 'module__n_neurons': 16, 'module__nonlin': ReLU()}
2024-05-29 17:25:01,475 0.666525 (0.062128) with: {'batch_size': 32, 'lr': 0.001, 'max_epochs': 16, 'module__n_features': 8, 'module__n_neurons': 32, 'module__nonlin': Tanh()}
2024-05-29 17:25:01,475 0.520206 (0.044050) with: {'batch_size': 32, 'lr': 0.001, 'max_epochs': 16, 'module__n_features': 8, 'module__n_neurons': 32, 'module__nonlin': ReLU()}
2024-05-29 17:25:01,475 0.744274 (0.014746) with: {'batch_size': 32, 'lr': 0.001, 'max_epochs': 16, 'module__n_features': 8, 'module__n_neurons': 64, 'module__nonlin': Tanh()}
2024-05-29 17:25:01,475 0.719843 (0.033672) with: {'batch_size': 32, 'lr': 0.001, 'max_epochs': 16, 'module__n_features': 8, 'module__n_neurons': 64, 'module__nonlin': ReLU()}
2024-05-29 17:25:01,475 0.763170 (0.033752) with: {'batch_size': 32, 'lr': 0.001, 'max_epochs': 16, 'module__n_features': 8, 'module__n_neurons': 128, 'module__nonlin': Tanh()}
2024-05-29 17:25:01,475 0.732104 (0.072830) with: {'batch_size': 32, 'lr': 0.001, 'max_epochs': 16, 'module__n_features': 8, 'module__n_neurons': 128, 'module__nonlin': ReLU()}
2024-05-29 17:25:01,475 0.787782 (0.025299) with: {'batch_size': 32, 'lr': 0.001, 'max_epochs': 16, 'module__n_features': 8, 'module__n_neurons': 256, 'module__nonlin': Tanh()}
2024-05-29 17:25:01,475 0.777387 (0.015642) with: {'batch_size': 32, 'lr': 0.001, 'max_epochs': 16, 'module__n_features': 8, 'module__n_neurons': 256, 'module__nonlin': ReLU()}
2024-05-29 17:25:01,475 0.670017 (0.078761) with: {'batch_size': 32, 'lr': 0.001, 'max_epochs': 32, 'module__n_features': 8, 'module__n_neurons': 16, 'module__nonlin': Tanh()}
2024-05-29 17:25:01,475 0.563328 (0.171547) with: {'batch_size': 32, 'lr': 0.001, 'max_epochs': 32, 'module__n_features': 8, 'module__n_neurons': 16, 'module__nonlin': ReLU()}
2024-05-29 17:25:01,475 0.693581 (0.052122) with: {'batch_size': 32, 'lr': 0.001, 'max_epochs': 32, 'module__n_features': 8, 'module__n_neurons': 32, 'module__nonlin': Tanh()}
2024-05-29 17:25:01,475 0.586606 (0.159561) with: {'batch_size': 32, 'lr': 0.001, 'max_epochs': 32, 'module__n_features': 8, 'module__n_neurons': 32, 'module__nonlin': ReLU()}
2024-05-29 17:25:01,475 0.753129 (0.019970) with: {'batch_size': 32, 'lr': 0.001, 'max_epochs': 32, 'module__n_features': 8, 'module__n_neurons': 64, 'module__nonlin': Tanh()}
2024-05-29 17:25:01,475 0.766660 (0.019744) with: {'batch_size': 32, 'lr': 0.001, 'max_epochs': 32, 'module__n_features': 8, 'module__n_neurons': 64, 'module__nonlin': ReLU()}
2024-05-29 17:25:01,475 0.783687 (0.021338) with: {'batch_size': 32, 'lr': 0.001, 'max_epochs': 32, 'module__n_features': 8, 'module__n_neurons': 128, 'module__nonlin': Tanh()}
2024-05-29 17:25:01,475 0.781734 (0.021940) with: {'batch_size': 32, 'lr': 0.001, 'max_epochs': 32, 'module__n_features': 8, 'module__n_neurons': 128, 'module__nonlin': ReLU()}
2024-05-29 17:25:01,475 0.808452 (0.022653) with: {'batch_size': 32, 'lr': 0.001, 'max_epochs': 32, 'module__n_features': 8, 'module__n_neurons': 256, 'module__nonlin': Tanh()}
2024-05-29 17:25:01,475 0.798907 (0.025967) with: {'batch_size': 32, 'lr': 0.001, 'max_epochs': 32, 'module__n_features': 8, 'module__n_neurons': 256, 'module__nonlin': ReLU()}
2024-05-29 17:25:01,475 0.751932 (0.007588) with: {'batch_size': 32, 'lr': 0.001, 'max_epochs': 64, 'module__n_features': 8, 'module__n_neurons': 16, 'module__nonlin': Tanh()}
2024-05-29 17:25:01,475 0.724573 (0.057319) with: {'batch_size': 32, 'lr': 0.001, 'max_epochs': 64, 'module__n_features': 8, 'module__n_neurons': 16, 'module__nonlin': ReLU()}
2024-05-29 17:25:01,475 0.773246 (0.021684) with: {'batch_size': 32, 'lr': 0.001, 'max_epochs': 64, 'module__n_features': 8, 'module__n_neurons': 32, 'module__nonlin': Tanh()}
2024-05-29 17:25:01,475 0.757701 (0.030140) with: {'batch_size': 32, 'lr': 0.001, 'max_epochs': 64, 'module__n_features': 8, 'module__n_neurons': 32, 'module__nonlin': ReLU()}
2024-05-29 17:25:01,475 0.790288 (0.021762) with: {'batch_size': 32, 'lr': 0.001, 'max_epochs': 64, 'module__n_features': 8, 'module__n_neurons': 64, 'module__nonlin': Tanh()}
2024-05-29 17:25:01,475 0.778557 (0.020317) with: {'batch_size': 32, 'lr': 0.001, 'max_epochs': 64, 'module__n_features': 8, 'module__n_neurons': 64, 'module__nonlin': ReLU()}
2024-05-29 17:25:01,475 0.811761 (0.022428) with: {'batch_size': 32, 'lr': 0.001, 'max_epochs': 64, 'module__n_features': 8, 'module__n_neurons': 128, 'module__nonlin': Tanh()}
2024-05-29 17:25:01,475 0.790005 (0.036706) with: {'batch_size': 32, 'lr': 0.001, 'max_epochs': 64, 'module__n_features': 8, 'module__n_neurons': 128, 'module__nonlin': ReLU()}
2024-05-29 17:25:01,475 0.827545 (0.020187) with: {'batch_size': 32, 'lr': 0.001, 'max_epochs': 64, 'module__n_features': 8, 'module__n_neurons': 256, 'module__nonlin': Tanh()}
2024-05-29 17:25:01,475 0.827739 (0.020707) with: {'batch_size': 32, 'lr': 0.001, 'max_epochs': 64, 'module__n_features': 8, 'module__n_neurons': 256, 'module__nonlin': ReLU()}
2024-05-29 17:25:01,476 0.782049 (0.029663) with: {'batch_size': 32, 'lr': 0.001, 'max_epochs': 128, 'module__n_features': 8, 'module__n_neurons': 16, 'module__nonlin': Tanh()}
2024-05-29 17:25:01,476 0.768847 (0.021535) with: {'batch_size': 32, 'lr': 0.001, 'max_epochs': 128, 'module__n_features': 8, 'module__n_neurons': 16, 'module__nonlin': ReLU()}
2024-05-29 17:25:01,476 0.803550 (0.018771) with: {'batch_size': 32, 'lr': 0.001, 'max_epochs': 128, 'module__n_features': 8, 'module__n_neurons': 32, 'module__nonlin': Tanh()}
2024-05-29 17:25:01,476 0.786729 (0.028792) with: {'batch_size': 32, 'lr': 0.001, 'max_epochs': 128, 'module__n_features': 8, 'module__n_neurons': 32, 'module__nonlin': ReLU()}
2024-05-29 17:25:01,476 0.821657 (0.022575) with: {'batch_size': 32, 'lr': 0.001, 'max_epochs': 128, 'module__n_features': 8, 'module__n_neurons': 64, 'module__nonlin': Tanh()}
2024-05-29 17:25:01,476 0.816405 (0.026505) with: {'batch_size': 32, 'lr': 0.001, 'max_epochs': 128, 'module__n_features': 8, 'module__n_neurons': 64, 'module__nonlin': ReLU()}
2024-05-29 17:25:01,476 0.829789 (0.020349) with: {'batch_size': 32, 'lr': 0.001, 'max_epochs': 128, 'module__n_features': 8, 'module__n_neurons': 128, 'module__nonlin': Tanh()}
2024-05-29 17:25:01,476 0.831540 (0.018755) with: {'batch_size': 32, 'lr': 0.001, 'max_epochs': 128, 'module__n_features': 8, 'module__n_neurons': 128, 'module__nonlin': ReLU()}
2024-05-29 17:25:01,476 0.834832 (0.021815) with: {'batch_size': 32, 'lr': 0.001, 'max_epochs': 128, 'module__n_features': 8, 'module__n_neurons': 256, 'module__nonlin': Tanh()}
2024-05-29 17:25:01,476 0.839870 (0.021679) with: {'batch_size': 32, 'lr': 0.001, 'max_epochs': 128, 'module__n_features': 8, 'module__n_neurons': 256, 'module__nonlin': ReLU()}
2024-05-29 17:25:01,476 0.786040 (0.028613) with: {'batch_size': 32, 'lr': 0.01, 'max_epochs': 16, 'module__n_features': 8, 'module__n_neurons': 16, 'module__nonlin': Tanh()}
2024-05-29 17:25:01,476 0.754836 (0.045933) with: {'batch_size': 32, 'lr': 0.01, 'max_epochs': 16, 'module__n_features': 8, 'module__n_neurons': 16, 'module__nonlin': ReLU()}
2024-05-29 17:25:01,476 0.801890 (0.029947) with: {'batch_size': 32, 'lr': 0.01, 'max_epochs': 16, 'module__n_features': 8, 'module__n_neurons': 32, 'module__nonlin': Tanh()}
2024-05-29 17:25:01,476 0.788930 (0.016686) with: {'batch_size': 32, 'lr': 0.01, 'max_epochs': 16, 'module__n_features': 8, 'module__n_neurons': 32, 'module__nonlin': ReLU()}
2024-05-29 17:25:01,476 0.824638 (0.019972) with: {'batch_size': 32, 'lr': 0.01, 'max_epochs': 16, 'module__n_features': 8, 'module__n_neurons': 64, 'module__nonlin': Tanh()}
2024-05-29 17:25:01,476 0.816984 (0.026745) with: {'batch_size': 32, 'lr': 0.01, 'max_epochs': 16, 'module__n_features': 8, 'module__n_neurons': 64, 'module__nonlin': ReLU()}
2024-05-29 17:25:01,476 0.832119 (0.021228) with: {'batch_size': 32, 'lr': 0.01, 'max_epochs': 16, 'module__n_features': 8, 'module__n_neurons': 128, 'module__nonlin': Tanh()}
2024-05-29 17:25:01,476 0.829754 (0.018180) with: {'batch_size': 32, 'lr': 0.01, 'max_epochs': 16, 'module__n_features': 8, 'module__n_neurons': 128, 'module__nonlin': ReLU()}
2024-05-29 17:25:01,476 0.835377 (0.021980) with: {'batch_size': 32, 'lr': 0.01, 'max_epochs': 16, 'module__n_features': 8, 'module__n_neurons': 256, 'module__nonlin': Tanh()}
2024-05-29 17:25:01,476 0.842912 (0.020195) with: {'batch_size': 32, 'lr': 0.01, 'max_epochs': 16, 'module__n_features': 8, 'module__n_neurons': 256, 'module__nonlin': ReLU()}
2024-05-29 17:25:01,476 0.817270 (0.023882) with: {'batch_size': 32, 'lr': 0.01, 'max_epochs': 32, 'module__n_features': 8, 'module__n_neurons': 16, 'module__nonlin': Tanh()}
2024-05-29 17:25:01,476 0.813869 (0.020871) with: {'batch_size': 32, 'lr': 0.01, 'max_epochs': 32, 'module__n_features': 8, 'module__n_neurons': 16, 'module__nonlin': ReLU()}
2024-05-29 17:25:01,476 0.831043 (0.020939) with: {'batch_size': 32, 'lr': 0.01, 'max_epochs': 32, 'module__n_features': 8, 'module__n_neurons': 32, 'module__nonlin': Tanh()}
2024-05-29 17:25:01,476 0.830052 (0.022159) with: {'batch_size': 32, 'lr': 0.01, 'max_epochs': 32, 'module__n_features': 8, 'module__n_neurons': 32, 'module__nonlin': ReLU()}
2024-05-29 17:25:01,476 0.834598 (0.021621) with: {'batch_size': 32, 'lr': 0.01, 'max_epochs': 32, 'module__n_features': 8, 'module__n_neurons': 64, 'module__nonlin': Tanh()}
2024-05-29 17:25:01,476 0.842791 (0.021191) with: {'batch_size': 32, 'lr': 0.01, 'max_epochs': 32, 'module__n_features': 8, 'module__n_neurons': 64, 'module__nonlin': ReLU()}
2024-05-29 17:25:01,476 0.835380 (0.022005) with: {'batch_size': 32, 'lr': 0.01, 'max_epochs': 32, 'module__n_features': 8, 'module__n_neurons': 128, 'module__nonlin': Tanh()}
2024-05-29 17:25:01,476 0.844347 (0.021520) with: {'batch_size': 32, 'lr': 0.01, 'max_epochs': 32, 'module__n_features': 8, 'module__n_neurons': 128, 'module__nonlin': ReLU()}
2024-05-29 17:25:01,476 0.835611 (0.021605) with: {'batch_size': 32, 'lr': 0.01, 'max_epochs': 32, 'module__n_features': 8, 'module__n_neurons': 256, 'module__nonlin': Tanh()}
2024-05-29 17:25:01,476 0.847471 (0.022464) with: {'batch_size': 32, 'lr': 0.01, 'max_epochs': 32, 'module__n_features': 8, 'module__n_neurons': 256, 'module__nonlin': ReLU()}
2024-05-29 17:25:01,476 0.833764 (0.019826) with: {'batch_size': 32, 'lr': 0.01, 'max_epochs': 64, 'module__n_features': 8, 'module__n_neurons': 16, 'module__nonlin': Tanh()}
2024-05-29 17:25:01,476 0.832111 (0.022133) with: {'batch_size': 32, 'lr': 0.01, 'max_epochs': 64, 'module__n_features': 8, 'module__n_neurons': 16, 'module__nonlin': ReLU()}
2024-05-29 17:25:01,476 0.836145 (0.021249) with: {'batch_size': 32, 'lr': 0.01, 'max_epochs': 64, 'module__n_features': 8, 'module__n_neurons': 32, 'module__nonlin': Tanh()}
2024-05-29 17:25:01,476 0.843364 (0.022668) with: {'batch_size': 32, 'lr': 0.01, 'max_epochs': 64, 'module__n_features': 8, 'module__n_neurons': 32, 'module__nonlin': ReLU()}
2024-05-29 17:25:01,476 0.836669 (0.021272) with: {'batch_size': 32, 'lr': 0.01, 'max_epochs': 64, 'module__n_features': 8, 'module__n_neurons': 64, 'module__nonlin': Tanh()}
2024-05-29 17:25:01,476 0.844773 (0.019059) with: {'batch_size': 32, 'lr': 0.01, 'max_epochs': 64, 'module__n_features': 8, 'module__n_neurons': 64, 'module__nonlin': ReLU()}
2024-05-29 17:25:01,476 0.836607 (0.021175) with: {'batch_size': 32, 'lr': 0.01, 'max_epochs': 64, 'module__n_features': 8, 'module__n_neurons': 128, 'module__nonlin': Tanh()}
2024-05-29 17:25:01,476 0.846304 (0.019112) with: {'batch_size': 32, 'lr': 0.01, 'max_epochs': 64, 'module__n_features': 8, 'module__n_neurons': 128, 'module__nonlin': ReLU()}
2024-05-29 17:25:01,476 0.837424 (0.021402) with: {'batch_size': 32, 'lr': 0.01, 'max_epochs': 64, 'module__n_features': 8, 'module__n_neurons': 256, 'module__nonlin': Tanh()}
2024-05-29 17:25:01,476 0.843671 (0.019127) with: {'batch_size': 32, 'lr': 0.01, 'max_epochs': 64, 'module__n_features': 8, 'module__n_neurons': 256, 'module__nonlin': ReLU()}
2024-05-29 17:25:01,476 0.841866 (0.022607) with: {'batch_size': 32, 'lr': 0.01, 'max_epochs': 128, 'module__n_features': 8, 'module__n_neurons': 16, 'module__nonlin': Tanh()}
2024-05-29 17:25:01,476 0.840473 (0.020008) with: {'batch_size': 32, 'lr': 0.01, 'max_epochs': 128, 'module__n_features': 8, 'module__n_neurons': 16, 'module__nonlin': ReLU()}
2024-05-29 17:25:01,477 0.841224 (0.022655) with: {'batch_size': 32, 'lr': 0.01, 'max_epochs': 128, 'module__n_features': 8, 'module__n_neurons': 32, 'module__nonlin': Tanh()}
2024-05-29 17:25:01,477 0.847471 (0.018916) with: {'batch_size': 32, 'lr': 0.01, 'max_epochs': 128, 'module__n_features': 8, 'module__n_neurons': 32, 'module__nonlin': ReLU()}
2024-05-29 17:25:01,477 0.840809 (0.023001) with: {'batch_size': 32, 'lr': 0.01, 'max_epochs': 128, 'module__n_features': 8, 'module__n_neurons': 64, 'module__nonlin': Tanh()}
2024-05-29 17:25:01,477 0.846200 (0.017930) with: {'batch_size': 32, 'lr': 0.01, 'max_epochs': 128, 'module__n_features': 8, 'module__n_neurons': 64, 'module__nonlin': ReLU()}
2024-05-29 17:25:01,477 0.840702 (0.023435) with: {'batch_size': 32, 'lr': 0.01, 'max_epochs': 128, 'module__n_features': 8, 'module__n_neurons': 128, 'module__nonlin': Tanh()}
2024-05-29 17:25:01,477 0.841747 (0.015860) with: {'batch_size': 32, 'lr': 0.01, 'max_epochs': 128, 'module__n_features': 8, 'module__n_neurons': 128, 'module__nonlin': ReLU()}
2024-05-29 17:25:01,477 0.840816 (0.022626) with: {'batch_size': 32, 'lr': 0.01, 'max_epochs': 128, 'module__n_features': 8, 'module__n_neurons': 256, 'module__nonlin': Tanh()}
2024-05-29 17:25:01,477 0.832497 (0.016634) with: {'batch_size': 32, 'lr': 0.01, 'max_epochs': 128, 'module__n_features': 8, 'module__n_neurons': 256, 'module__nonlin': ReLU()}
2024-05-29 17:25:01,477 0.817119 (0.024709) with: {'batch_size': 32, 'lr': 0.02, 'max_epochs': 16, 'module__n_features': 8, 'module__n_neurons': 16, 'module__nonlin': Tanh()}
2024-05-29 17:25:01,477 0.806333 (0.031874) with: {'batch_size': 32, 'lr': 0.02, 'max_epochs': 16, 'module__n_features': 8, 'module__n_neurons': 16, 'module__nonlin': ReLU()}
2024-05-29 17:25:01,477 0.827020 (0.021197) with: {'batch_size': 32, 'lr': 0.02, 'max_epochs': 16, 'module__n_features': 8, 'module__n_neurons': 32, 'module__nonlin': Tanh()}
2024-05-29 17:25:01,477 0.829644 (0.022274) with: {'batch_size': 32, 'lr': 0.02, 'max_epochs': 16, 'module__n_features': 8, 'module__n_neurons': 32, 'module__nonlin': ReLU()}
2024-05-29 17:25:01,477 0.834203 (0.021510) with: {'batch_size': 32, 'lr': 0.02, 'max_epochs': 16, 'module__n_features': 8, 'module__n_neurons': 64, 'module__nonlin': Tanh()}
2024-05-29 17:25:01,477 0.839493 (0.020114) with: {'batch_size': 32, 'lr': 0.02, 'max_epochs': 16, 'module__n_features': 8, 'module__n_neurons': 64, 'module__nonlin': ReLU()}
2024-05-29 17:25:01,477 0.834735 (0.022185) with: {'batch_size': 32, 'lr': 0.02, 'max_epochs': 16, 'module__n_features': 8, 'module__n_neurons': 128, 'module__nonlin': Tanh()}
2024-05-29 17:25:01,477 0.843750 (0.020102) with: {'batch_size': 32, 'lr': 0.02, 'max_epochs': 16, 'module__n_features': 8, 'module__n_neurons': 128, 'module__nonlin': ReLU()}
2024-05-29 17:25:01,477 0.834971 (0.022014) with: {'batch_size': 32, 'lr': 0.02, 'max_epochs': 16, 'module__n_features': 8, 'module__n_neurons': 256, 'module__nonlin': Tanh()}
2024-05-29 17:25:01,477 0.845838 (0.021206) with: {'batch_size': 32, 'lr': 0.02, 'max_epochs': 16, 'module__n_features': 8, 'module__n_neurons': 256, 'module__nonlin': ReLU()}
2024-05-29 17:25:01,477 0.834296 (0.021651) with: {'batch_size': 32, 'lr': 0.02, 'max_epochs': 32, 'module__n_features': 8, 'module__n_neurons': 16, 'module__nonlin': Tanh()}
2024-05-29 17:25:01,477 0.833180 (0.018850) with: {'batch_size': 32, 'lr': 0.02, 'max_epochs': 32, 'module__n_features': 8, 'module__n_neurons': 16, 'module__nonlin': ReLU()}
2024-05-29 17:25:01,477 0.836422 (0.020545) with: {'batch_size': 32, 'lr': 0.02, 'max_epochs': 32, 'module__n_features': 8, 'module__n_neurons': 32, 'module__nonlin': Tanh()}
2024-05-29 17:25:01,477 0.840487 (0.020865) with: {'batch_size': 32, 'lr': 0.02, 'max_epochs': 32, 'module__n_features': 8, 'module__n_neurons': 32, 'module__nonlin': ReLU()}
2024-05-29 17:25:01,477 0.836081 (0.022634) with: {'batch_size': 32, 'lr': 0.02, 'max_epochs': 32, 'module__n_features': 8, 'module__n_neurons': 64, 'module__nonlin': Tanh()}
2024-05-29 17:25:01,477 0.845697 (0.018499) with: {'batch_size': 32, 'lr': 0.02, 'max_epochs': 32, 'module__n_features': 8, 'module__n_neurons': 64, 'module__nonlin': ReLU()}
2024-05-29 17:25:01,477 0.836259 (0.022473) with: {'batch_size': 32, 'lr': 0.02, 'max_epochs': 32, 'module__n_features': 8, 'module__n_neurons': 128, 'module__nonlin': Tanh()}
2024-05-29 17:25:01,477 0.848110 (0.019241) with: {'batch_size': 32, 'lr': 0.02, 'max_epochs': 32, 'module__n_features': 8, 'module__n_neurons': 128, 'module__nonlin': ReLU()}
2024-05-29 17:25:01,477 0.835555 (0.022084) with: {'batch_size': 32, 'lr': 0.02, 'max_epochs': 32, 'module__n_features': 8, 'module__n_neurons': 256, 'module__nonlin': Tanh()}
2024-05-29 17:25:01,477 0.846402 (0.016821) with: {'batch_size': 32, 'lr': 0.02, 'max_epochs': 32, 'module__n_features': 8, 'module__n_neurons': 256, 'module__nonlin': ReLU()}
2024-05-29 17:25:01,477 0.839482 (0.021888) with: {'batch_size': 32, 'lr': 0.02, 'max_epochs': 64, 'module__n_features': 8, 'module__n_neurons': 16, 'module__nonlin': Tanh()}
2024-05-29 17:25:01,477 0.845164 (0.017377) with: {'batch_size': 32, 'lr': 0.02, 'max_epochs': 64, 'module__n_features': 8, 'module__n_neurons': 16, 'module__nonlin': ReLU()}
2024-05-29 17:25:01,477 0.838302 (0.022385) with: {'batch_size': 32, 'lr': 0.02, 'max_epochs': 64, 'module__n_features': 8, 'module__n_neurons': 32, 'module__nonlin': Tanh()}
2024-05-29 17:25:01,477 0.847771 (0.019769) with: {'batch_size': 32, 'lr': 0.02, 'max_epochs': 64, 'module__n_features': 8, 'module__n_neurons': 32, 'module__nonlin': ReLU()}
2024-05-29 17:25:01,477 0.838996 (0.023192) with: {'batch_size': 32, 'lr': 0.02, 'max_epochs': 64, 'module__n_features': 8, 'module__n_neurons': 64, 'module__nonlin': Tanh()}
2024-05-29 17:25:01,477 0.843191 (0.017868) with: {'batch_size': 32, 'lr': 0.02, 'max_epochs': 64, 'module__n_features': 8, 'module__n_neurons': 64, 'module__nonlin': ReLU()}
2024-05-29 17:25:01,477 0.838942 (0.023179) with: {'batch_size': 32, 'lr': 0.02, 'max_epochs': 64, 'module__n_features': 8, 'module__n_neurons': 128, 'module__nonlin': Tanh()}
2024-05-29 17:25:01,477 0.847482 (0.013826) with: {'batch_size': 32, 'lr': 0.02, 'max_epochs': 64, 'module__n_features': 8, 'module__n_neurons': 128, 'module__nonlin': ReLU()}
2024-05-29 17:25:01,477 0.836957 (0.022527) with: {'batch_size': 32, 'lr': 0.02, 'max_epochs': 64, 'module__n_features': 8, 'module__n_neurons': 256, 'module__nonlin': Tanh()}
2024-05-29 17:25:01,477 0.841313 (0.013782) with: {'batch_size': 32, 'lr': 0.02, 'max_epochs': 64, 'module__n_features': 8, 'module__n_neurons': 256, 'module__nonlin': ReLU()}
2024-05-29 17:25:01,477 0.849088 (0.021704) with: {'batch_size': 32, 'lr': 0.02, 'max_epochs': 128, 'module__n_features': 8, 'module__n_neurons': 16, 'module__nonlin': Tanh()}
2024-05-29 17:25:01,477 0.843741 (0.020234) with: {'batch_size': 32, 'lr': 0.02, 'max_epochs': 128, 'module__n_features': 8, 'module__n_neurons': 16, 'module__nonlin': ReLU()}
2024-05-29 17:25:01,477 0.848084 (0.020224) with: {'batch_size': 32, 'lr': 0.02, 'max_epochs': 128, 'module__n_features': 8, 'module__n_neurons': 32, 'module__nonlin': Tanh()}
2024-05-29 17:25:01,477 0.847150 (0.020945) with: {'batch_size': 32, 'lr': 0.02, 'max_epochs': 128, 'module__n_features': 8, 'module__n_neurons': 32, 'module__nonlin': ReLU()}
2024-05-29 17:25:01,478 0.849094 (0.019422) with: {'batch_size': 32, 'lr': 0.02, 'max_epochs': 128, 'module__n_features': 8, 'module__n_neurons': 64, 'module__nonlin': Tanh()}
2024-05-29 17:25:01,478 0.841601 (0.017593) with: {'batch_size': 32, 'lr': 0.02, 'max_epochs': 128, 'module__n_features': 8, 'module__n_neurons': 64, 'module__nonlin': ReLU()}
2024-05-29 17:25:01,478 0.847373 (0.020047) with: {'batch_size': 32, 'lr': 0.02, 'max_epochs': 128, 'module__n_features': 8, 'module__n_neurons': 128, 'module__nonlin': Tanh()}
2024-05-29 17:25:01,478 0.840162 (0.018685) with: {'batch_size': 32, 'lr': 0.02, 'max_epochs': 128, 'module__n_features': 8, 'module__n_neurons': 128, 'module__nonlin': ReLU()}
2024-05-29 17:25:01,478 0.846222 (0.023422) with: {'batch_size': 32, 'lr': 0.02, 'max_epochs': 128, 'module__n_features': 8, 'module__n_neurons': 256, 'module__nonlin': Tanh()}
2024-05-29 17:25:01,478 0.826306 (0.015299) with: {'batch_size': 32, 'lr': 0.02, 'max_epochs': 128, 'module__n_features': 8, 'module__n_neurons': 256, 'module__nonlin': ReLU()}
2024-05-29 17:25:01,478 0.418265 (0.163796) with: {'batch_size': 64, 'lr': 0.001, 'max_epochs': 16, 'module__n_features': 8, 'module__n_neurons': 16, 'module__nonlin': Tanh()}
2024-05-29 17:25:01,478 0.368319 (0.051530) with: {'batch_size': 64, 'lr': 0.001, 'max_epochs': 16, 'module__n_features': 8, 'module__n_neurons': 16, 'module__nonlin': ReLU()}
2024-05-29 17:25:01,478 0.517037 (0.145915) with: {'batch_size': 64, 'lr': 0.001, 'max_epochs': 16, 'module__n_features': 8, 'module__n_neurons': 32, 'module__nonlin': Tanh()}
2024-05-29 17:25:01,478 0.431922 (0.100233) with: {'batch_size': 64, 'lr': 0.001, 'max_epochs': 16, 'module__n_features': 8, 'module__n_neurons': 32, 'module__nonlin': ReLU()}
2024-05-29 17:25:01,478 0.639730 (0.150405) with: {'batch_size': 64, 'lr': 0.001, 'max_epochs': 16, 'module__n_features': 8, 'module__n_neurons': 64, 'module__nonlin': Tanh()}
2024-05-29 17:25:01,478 0.565248 (0.148839) with: {'batch_size': 64, 'lr': 0.001, 'max_epochs': 16, 'module__n_features': 8, 'module__n_neurons': 64, 'module__nonlin': ReLU()}
2024-05-29 17:25:01,478 0.745077 (0.031346) with: {'batch_size': 64, 'lr': 0.001, 'max_epochs': 16, 'module__n_features': 8, 'module__n_neurons': 128, 'module__nonlin': Tanh()}
2024-05-29 17:25:01,478 0.688611 (0.088461) with: {'batch_size': 64, 'lr': 0.001, 'max_epochs': 16, 'module__n_features': 8, 'module__n_neurons': 128, 'module__nonlin': ReLU()}
2024-05-29 17:25:01,478 0.773257 (0.038599) with: {'batch_size': 64, 'lr': 0.001, 'max_epochs': 16, 'module__n_features': 8, 'module__n_neurons': 256, 'module__nonlin': Tanh()}
2024-05-29 17:25:01,478 0.741628 (0.066168) with: {'batch_size': 64, 'lr': 0.001, 'max_epochs': 16, 'module__n_features': 8, 'module__n_neurons': 256, 'module__nonlin': ReLU()}
2024-05-29 17:25:01,478 0.641042 (0.190809) with: {'batch_size': 64, 'lr': 0.001, 'max_epochs': 32, 'module__n_features': 8, 'module__n_neurons': 16, 'module__nonlin': Tanh()}
2024-05-29 17:25:01,478 0.504142 (0.137944) with: {'batch_size': 64, 'lr': 0.001, 'max_epochs': 32, 'module__n_features': 8, 'module__n_neurons': 16, 'module__nonlin': ReLU()}
2024-05-29 17:25:01,478 0.612891 (0.100352) with: {'batch_size': 64, 'lr': 0.001, 'max_epochs': 32, 'module__n_features': 8, 'module__n_neurons': 32, 'module__nonlin': Tanh()}
2024-05-29 17:25:01,478 0.621685 (0.112284) with: {'batch_size': 64, 'lr': 0.001, 'max_epochs': 32, 'module__n_features': 8, 'module__n_neurons': 32, 'module__nonlin': ReLU()}
2024-05-29 17:25:01,478 0.752711 (0.019053) with: {'batch_size': 64, 'lr': 0.001, 'max_epochs': 32, 'module__n_features': 8, 'module__n_neurons': 64, 'module__nonlin': Tanh()}
2024-05-29 17:25:01,478 0.737960 (0.032404) with: {'batch_size': 64, 'lr': 0.001, 'max_epochs': 32, 'module__n_features': 8, 'module__n_neurons': 64, 'module__nonlin': ReLU()}
2024-05-29 17:25:01,478 0.769919 (0.025751) with: {'batch_size': 64, 'lr': 0.001, 'max_epochs': 32, 'module__n_features': 8, 'module__n_neurons': 128, 'module__nonlin': Tanh()}
2024-05-29 17:25:01,478 0.751846 (0.042346) with: {'batch_size': 64, 'lr': 0.001, 'max_epochs': 32, 'module__n_features': 8, 'module__n_neurons': 128, 'module__nonlin': ReLU()}
2024-05-29 17:25:01,478 0.793593 (0.023518) with: {'batch_size': 64, 'lr': 0.001, 'max_epochs': 32, 'module__n_features': 8, 'module__n_neurons': 256, 'module__nonlin': Tanh()}
2024-05-29 17:25:01,478 0.785264 (0.033144) with: {'batch_size': 64, 'lr': 0.001, 'max_epochs': 32, 'module__n_features': 8, 'module__n_neurons': 256, 'module__nonlin': ReLU()}
2024-05-29 17:25:01,478 0.720796 (0.044269) with: {'batch_size': 64, 'lr': 0.001, 'max_epochs': 64, 'module__n_features': 8, 'module__n_neurons': 16, 'module__nonlin': Tanh()}
2024-05-29 17:25:01,478 0.635625 (0.119576) with: {'batch_size': 64, 'lr': 0.001, 'max_epochs': 64, 'module__n_features': 8, 'module__n_neurons': 16, 'module__nonlin': ReLU()}
2024-05-29 17:25:01,478 0.735371 (0.061489) with: {'batch_size': 64, 'lr': 0.001, 'max_epochs': 64, 'module__n_features': 8, 'module__n_neurons': 32, 'module__nonlin': Tanh()}
2024-05-29 17:25:01,478 0.703389 (0.098490) with: {'batch_size': 64, 'lr': 0.001, 'max_epochs': 64, 'module__n_features': 8, 'module__n_neurons': 32, 'module__nonlin': ReLU()}
2024-05-29 17:25:01,478 0.772215 (0.030331) with: {'batch_size': 64, 'lr': 0.001, 'max_epochs': 64, 'module__n_features': 8, 'module__n_neurons': 64, 'module__nonlin': Tanh()}
2024-05-29 17:25:01,478 0.754065 (0.050732) with: {'batch_size': 64, 'lr': 0.001, 'max_epochs': 64, 'module__n_features': 8, 'module__n_neurons': 64, 'module__nonlin': ReLU()}
2024-05-29 17:25:01,478 0.794933 (0.022879) with: {'batch_size': 64, 'lr': 0.001, 'max_epochs': 64, 'module__n_features': 8, 'module__n_neurons': 128, 'module__nonlin': Tanh()}
2024-05-29 17:25:01,478 0.782751 (0.033699) with: {'batch_size': 64, 'lr': 0.001, 'max_epochs': 64, 'module__n_features': 8, 'module__n_neurons': 128, 'module__nonlin': ReLU()}
2024-05-29 17:25:01,478 0.811384 (0.027629) with: {'batch_size': 64, 'lr': 0.001, 'max_epochs': 64, 'module__n_features': 8, 'module__n_neurons': 256, 'module__nonlin': Tanh()}
2024-05-29 17:25:01,478 0.807924 (0.029000) with: {'batch_size': 64, 'lr': 0.001, 'max_epochs': 64, 'module__n_features': 8, 'module__n_neurons': 256, 'module__nonlin': ReLU()}
2024-05-29 17:25:01,478 0.755330 (0.042105) with: {'batch_size': 64, 'lr': 0.001, 'max_epochs': 128, 'module__n_features': 8, 'module__n_neurons': 16, 'module__nonlin': Tanh()}
2024-05-29 17:25:01,478 0.746719 (0.036442) with: {'batch_size': 64, 'lr': 0.001, 'max_epochs': 128, 'module__n_features': 8, 'module__n_neurons': 16, 'module__nonlin': ReLU()}
2024-05-29 17:25:01,478 0.784994 (0.029829) with: {'batch_size': 64, 'lr': 0.001, 'max_epochs': 128, 'module__n_features': 8, 'module__n_neurons': 32, 'module__nonlin': Tanh()}
2024-05-29 17:25:01,478 0.768069 (0.038169) with: {'batch_size': 64, 'lr': 0.001, 'max_epochs': 128, 'module__n_features': 8, 'module__n_neurons': 32, 'module__nonlin': ReLU()}
2024-05-29 17:25:01,478 0.803973 (0.024388) with: {'batch_size': 64, 'lr': 0.001, 'max_epochs': 128, 'module__n_features': 8, 'module__n_neurons': 64, 'module__nonlin': Tanh()}
2024-05-29 17:25:01,478 0.789749 (0.021450) with: {'batch_size': 64, 'lr': 0.001, 'max_epochs': 128, 'module__n_features': 8, 'module__n_neurons': 64, 'module__nonlin': ReLU()}
2024-05-29 17:25:01,479 0.816858 (0.026387) with: {'batch_size': 64, 'lr': 0.001, 'max_epochs': 128, 'module__n_features': 8, 'module__n_neurons': 128, 'module__nonlin': Tanh()}
2024-05-29 17:25:01,479 0.813312 (0.026426) with: {'batch_size': 64, 'lr': 0.001, 'max_epochs': 128, 'module__n_features': 8, 'module__n_neurons': 128, 'module__nonlin': ReLU()}
2024-05-29 17:25:01,479 0.828241 (0.022917) with: {'batch_size': 64, 'lr': 0.001, 'max_epochs': 128, 'module__n_features': 8, 'module__n_neurons': 256, 'module__nonlin': Tanh()}
2024-05-29 17:25:01,479 0.828879 (0.020290) with: {'batch_size': 64, 'lr': 0.001, 'max_epochs': 128, 'module__n_features': 8, 'module__n_neurons': 256, 'module__nonlin': ReLU()}
2024-05-29 17:25:01,479 0.765875 (0.041205) with: {'batch_size': 64, 'lr': 0.01, 'max_epochs': 16, 'module__n_features': 8, 'module__n_neurons': 16, 'module__nonlin': Tanh()}
2024-05-29 17:25:01,479 0.751375 (0.056089) with: {'batch_size': 64, 'lr': 0.01, 'max_epochs': 16, 'module__n_features': 8, 'module__n_neurons': 16, 'module__nonlin': ReLU()}
2024-05-29 17:25:01,479 0.786994 (0.040662) with: {'batch_size': 64, 'lr': 0.01, 'max_epochs': 16, 'module__n_features': 8, 'module__n_neurons': 32, 'module__nonlin': Tanh()}
2024-05-29 17:25:01,479 0.773490 (0.034740) with: {'batch_size': 64, 'lr': 0.01, 'max_epochs': 16, 'module__n_features': 8, 'module__n_neurons': 32, 'module__nonlin': ReLU()}
2024-05-29 17:25:01,479 0.800992 (0.031575) with: {'batch_size': 64, 'lr': 0.01, 'max_epochs': 16, 'module__n_features': 8, 'module__n_neurons': 64, 'module__nonlin': Tanh()}
2024-05-29 17:25:01,479 0.793038 (0.032608) with: {'batch_size': 64, 'lr': 0.01, 'max_epochs': 16, 'module__n_features': 8, 'module__n_neurons': 64, 'module__nonlin': ReLU()}
2024-05-29 17:25:01,479 0.816707 (0.023160) with: {'batch_size': 64, 'lr': 0.01, 'max_epochs': 16, 'module__n_features': 8, 'module__n_neurons': 128, 'module__nonlin': Tanh()}
2024-05-29 17:25:01,479 0.810400 (0.028807) with: {'batch_size': 64, 'lr': 0.01, 'max_epochs': 16, 'module__n_features': 8, 'module__n_neurons': 128, 'module__nonlin': ReLU()}
2024-05-29 17:25:01,479 0.829288 (0.021507) with: {'batch_size': 64, 'lr': 0.01, 'max_epochs': 16, 'module__n_features': 8, 'module__n_neurons': 256, 'module__nonlin': Tanh()}
2024-05-29 17:25:01,479 0.829685 (0.021305) with: {'batch_size': 64, 'lr': 0.01, 'max_epochs': 16, 'module__n_features': 8, 'module__n_neurons': 256, 'module__nonlin': ReLU()}
2024-05-29 17:25:01,479 0.801937 (0.030752) with: {'batch_size': 64, 'lr': 0.01, 'max_epochs': 32, 'module__n_features': 8, 'module__n_neurons': 16, 'module__nonlin': Tanh()}
2024-05-29 17:25:01,479 0.771888 (0.047685) with: {'batch_size': 64, 'lr': 0.01, 'max_epochs': 32, 'module__n_features': 8, 'module__n_neurons': 16, 'module__nonlin': ReLU()}
2024-05-29 17:25:01,479 0.807960 (0.036953) with: {'batch_size': 64, 'lr': 0.01, 'max_epochs': 32, 'module__n_features': 8, 'module__n_neurons': 32, 'module__nonlin': Tanh()}
2024-05-29 17:25:01,479 0.808170 (0.026561) with: {'batch_size': 64, 'lr': 0.01, 'max_epochs': 32, 'module__n_features': 8, 'module__n_neurons': 32, 'module__nonlin': ReLU()}
2024-05-29 17:25:01,479 0.826518 (0.021193) with: {'batch_size': 64, 'lr': 0.01, 'max_epochs': 32, 'module__n_features': 8, 'module__n_neurons': 64, 'module__nonlin': Tanh()}
2024-05-29 17:25:01,479 0.828671 (0.020823) with: {'batch_size': 64, 'lr': 0.01, 'max_epochs': 32, 'module__n_features': 8, 'module__n_neurons': 64, 'module__nonlin': ReLU()}
2024-05-29 17:25:01,479 0.830948 (0.021420) with: {'batch_size': 64, 'lr': 0.01, 'max_epochs': 32, 'module__n_features': 8, 'module__n_neurons': 128, 'module__nonlin': Tanh()}
2024-05-29 17:25:01,479 0.837385 (0.020328) with: {'batch_size': 64, 'lr': 0.01, 'max_epochs': 32, 'module__n_features': 8, 'module__n_neurons': 128, 'module__nonlin': ReLU()}
2024-05-29 17:25:01,479 0.831608 (0.022743) with: {'batch_size': 64, 'lr': 0.01, 'max_epochs': 32, 'module__n_features': 8, 'module__n_neurons': 256, 'module__nonlin': Tanh()}
2024-05-29 17:25:01,479 0.843649 (0.021217) with: {'batch_size': 64, 'lr': 0.01, 'max_epochs': 32, 'module__n_features': 8, 'module__n_neurons': 256, 'module__nonlin': ReLU()}
2024-05-29 17:25:01,479 0.820388 (0.025327) with: {'batch_size': 64, 'lr': 0.01, 'max_epochs': 64, 'module__n_features': 8, 'module__n_neurons': 16, 'module__nonlin': Tanh()}
2024-05-29 17:25:01,479 0.824420 (0.030837) with: {'batch_size': 64, 'lr': 0.01, 'max_epochs': 64, 'module__n_features': 8, 'module__n_neurons': 16, 'module__nonlin': ReLU()}
2024-05-29 17:25:01,479 0.832114 (0.021092) with: {'batch_size': 64, 'lr': 0.01, 'max_epochs': 64, 'module__n_features': 8, 'module__n_neurons': 32, 'module__nonlin': Tanh()}
2024-05-29 17:25:01,479 0.836232 (0.021345) with: {'batch_size': 64, 'lr': 0.01, 'max_epochs': 64, 'module__n_features': 8, 'module__n_neurons': 32, 'module__nonlin': ReLU()}
2024-05-29 17:25:01,479 0.831491 (0.021565) with: {'batch_size': 64, 'lr': 0.01, 'max_epochs': 64, 'module__n_features': 8, 'module__n_neurons': 64, 'module__nonlin': Tanh()}
2024-05-29 17:25:01,479 0.841879 (0.019119) with: {'batch_size': 64, 'lr': 0.01, 'max_epochs': 64, 'module__n_features': 8, 'module__n_neurons': 64, 'module__nonlin': ReLU()}
2024-05-29 17:25:01,479 0.832143 (0.022414) with: {'batch_size': 64, 'lr': 0.01, 'max_epochs': 64, 'module__n_features': 8, 'module__n_neurons': 128, 'module__nonlin': Tanh()}
2024-05-29 17:25:01,479 0.844484 (0.021545) with: {'batch_size': 64, 'lr': 0.01, 'max_epochs': 64, 'module__n_features': 8, 'module__n_neurons': 128, 'module__nonlin': ReLU()}
2024-05-29 17:25:01,479 0.832918 (0.022476) with: {'batch_size': 64, 'lr': 0.01, 'max_epochs': 64, 'module__n_features': 8, 'module__n_neurons': 256, 'module__nonlin': Tanh()}
2024-05-29 17:25:01,479 0.844763 (0.019421) with: {'batch_size': 64, 'lr': 0.01, 'max_epochs': 64, 'module__n_features': 8, 'module__n_neurons': 256, 'module__nonlin': ReLU()}
2024-05-29 17:25:01,479 0.831931 (0.019749) with: {'batch_size': 64, 'lr': 0.01, 'max_epochs': 128, 'module__n_features': 8, 'module__n_neurons': 16, 'module__nonlin': Tanh()}
2024-05-29 17:25:01,479 0.839803 (0.019388) with: {'batch_size': 64, 'lr': 0.01, 'max_epochs': 128, 'module__n_features': 8, 'module__n_neurons': 16, 'module__nonlin': ReLU()}
2024-05-29 17:25:01,479 0.835587 (0.024599) with: {'batch_size': 64, 'lr': 0.01, 'max_epochs': 128, 'module__n_features': 8, 'module__n_neurons': 32, 'module__nonlin': Tanh()}
2024-05-29 17:25:01,479 0.842212 (0.022192) with: {'batch_size': 64, 'lr': 0.01, 'max_epochs': 128, 'module__n_features': 8, 'module__n_neurons': 32, 'module__nonlin': ReLU()}
2024-05-29 17:25:01,479 0.839403 (0.022397) with: {'batch_size': 64, 'lr': 0.01, 'max_epochs': 128, 'module__n_features': 8, 'module__n_neurons': 64, 'module__nonlin': Tanh()}
2024-05-29 17:25:01,479 0.843565 (0.019664) with: {'batch_size': 64, 'lr': 0.01, 'max_epochs': 128, 'module__n_features': 8, 'module__n_neurons': 64, 'module__nonlin': ReLU()}
2024-05-29 17:25:01,479 0.837998 (0.024040) with: {'batch_size': 64, 'lr': 0.01, 'max_epochs': 128, 'module__n_features': 8, 'module__n_neurons': 128, 'module__nonlin': Tanh()}
2024-05-29 17:25:01,479 0.839308 (0.019023) with: {'batch_size': 64, 'lr': 0.01, 'max_epochs': 128, 'module__n_features': 8, 'module__n_neurons': 128, 'module__nonlin': ReLU()}
2024-05-29 17:25:01,480 0.839455 (0.022981) with: {'batch_size': 64, 'lr': 0.01, 'max_epochs': 128, 'module__n_features': 8, 'module__n_neurons': 256, 'module__nonlin': Tanh()}
2024-05-29 17:25:01,480 0.833698 (0.015993) with: {'batch_size': 64, 'lr': 0.01, 'max_epochs': 128, 'module__n_features': 8, 'module__n_neurons': 256, 'module__nonlin': ReLU()}
2024-05-29 17:25:01,480 0.781357 (0.039149) with: {'batch_size': 64, 'lr': 0.02, 'max_epochs': 16, 'module__n_features': 8, 'module__n_neurons': 16, 'module__nonlin': Tanh()}
2024-05-29 17:25:01,480 0.769230 (0.042228) with: {'batch_size': 64, 'lr': 0.02, 'max_epochs': 16, 'module__n_features': 8, 'module__n_neurons': 16, 'module__nonlin': ReLU()}
2024-05-29 17:25:01,480 0.808358 (0.030053) with: {'batch_size': 64, 'lr': 0.02, 'max_epochs': 16, 'module__n_features': 8, 'module__n_neurons': 32, 'module__nonlin': Tanh()}
2024-05-29 17:25:01,480 0.805774 (0.036730) with: {'batch_size': 64, 'lr': 0.02, 'max_epochs': 16, 'module__n_features': 8, 'module__n_neurons': 32, 'module__nonlin': ReLU()}
2024-05-29 17:25:01,480 0.823028 (0.022046) with: {'batch_size': 64, 'lr': 0.02, 'max_epochs': 16, 'module__n_features': 8, 'module__n_neurons': 64, 'module__nonlin': Tanh()}
2024-05-29 17:25:01,480 0.817673 (0.029709) with: {'batch_size': 64, 'lr': 0.02, 'max_epochs': 16, 'module__n_features': 8, 'module__n_neurons': 64, 'module__nonlin': ReLU()}
2024-05-29 17:25:01,480 0.830598 (0.021678) with: {'batch_size': 64, 'lr': 0.02, 'max_epochs': 16, 'module__n_features': 8, 'module__n_neurons': 128, 'module__nonlin': Tanh()}
2024-05-29 17:25:01,480 0.833301 (0.018696) with: {'batch_size': 64, 'lr': 0.02, 'max_epochs': 16, 'module__n_features': 8, 'module__n_neurons': 128, 'module__nonlin': ReLU()}
2024-05-29 17:25:01,480 0.831896 (0.022232) with: {'batch_size': 64, 'lr': 0.02, 'max_epochs': 16, 'module__n_features': 8, 'module__n_neurons': 256, 'module__nonlin': Tanh()}
2024-05-29 17:25:01,480 0.843339 (0.021294) with: {'batch_size': 64, 'lr': 0.02, 'max_epochs': 16, 'module__n_features': 8, 'module__n_neurons': 256, 'module__nonlin': ReLU()}
2024-05-29 17:25:01,480 0.821994 (0.024979) with: {'batch_size': 64, 'lr': 0.02, 'max_epochs': 32, 'module__n_features': 8, 'module__n_neurons': 16, 'module__nonlin': Tanh()}
2024-05-29 17:25:01,480 0.810221 (0.034308) with: {'batch_size': 64, 'lr': 0.02, 'max_epochs': 32, 'module__n_features': 8, 'module__n_neurons': 16, 'module__nonlin': ReLU()}
2024-05-29 17:25:01,480 0.829689 (0.021257) with: {'batch_size': 64, 'lr': 0.02, 'max_epochs': 32, 'module__n_features': 8, 'module__n_neurons': 32, 'module__nonlin': Tanh()}
2024-05-29 17:25:01,480 0.829752 (0.019975) with: {'batch_size': 64, 'lr': 0.02, 'max_epochs': 32, 'module__n_features': 8, 'module__n_neurons': 32, 'module__nonlin': ReLU()}
2024-05-29 17:25:01,480 0.831967 (0.022262) with: {'batch_size': 64, 'lr': 0.02, 'max_epochs': 32, 'module__n_features': 8, 'module__n_neurons': 64, 'module__nonlin': Tanh()}
2024-05-29 17:25:01,480 0.839213 (0.019328) with: {'batch_size': 64, 'lr': 0.02, 'max_epochs': 32, 'module__n_features': 8, 'module__n_neurons': 64, 'module__nonlin': ReLU()}
2024-05-29 17:25:01,480 0.831909 (0.022224) with: {'batch_size': 64, 'lr': 0.02, 'max_epochs': 32, 'module__n_features': 8, 'module__n_neurons': 128, 'module__nonlin': Tanh()}
2024-05-29 17:25:01,480 0.841937 (0.020255) with: {'batch_size': 64, 'lr': 0.02, 'max_epochs': 32, 'module__n_features': 8, 'module__n_neurons': 128, 'module__nonlin': ReLU()}
2024-05-29 17:25:01,480 0.831749 (0.022783) with: {'batch_size': 64, 'lr': 0.02, 'max_epochs': 32, 'module__n_features': 8, 'module__n_neurons': 256, 'module__nonlin': Tanh()}
2024-05-29 17:25:01,480 0.844651 (0.019843) with: {'batch_size': 64, 'lr': 0.02, 'max_epochs': 32, 'module__n_features': 8, 'module__n_neurons': 256, 'module__nonlin': ReLU()}
2024-05-29 17:25:01,480 0.832886 (0.020984) with: {'batch_size': 64, 'lr': 0.02, 'max_epochs': 64, 'module__n_features': 8, 'module__n_neurons': 16, 'module__nonlin': Tanh()}
2024-05-29 17:25:01,480 0.840763 (0.020435) with: {'batch_size': 64, 'lr': 0.02, 'max_epochs': 64, 'module__n_features': 8, 'module__n_neurons': 16, 'module__nonlin': ReLU()}
2024-05-29 17:25:01,480 0.834246 (0.022473) with: {'batch_size': 64, 'lr': 0.02, 'max_epochs': 64, 'module__n_features': 8, 'module__n_neurons': 32, 'module__nonlin': Tanh()}
2024-05-29 17:25:01,480 0.841839 (0.019510) with: {'batch_size': 64, 'lr': 0.02, 'max_epochs': 64, 'module__n_features': 8, 'module__n_neurons': 32, 'module__nonlin': ReLU()}
2024-05-29 17:25:01,480 0.839157 (0.022195) with: {'batch_size': 64, 'lr': 0.02, 'max_epochs': 64, 'module__n_features': 8, 'module__n_neurons': 64, 'module__nonlin': Tanh()}
2024-05-29 17:25:01,480 0.846404 (0.020837) with: {'batch_size': 64, 'lr': 0.02, 'max_epochs': 64, 'module__n_features': 8, 'module__n_neurons': 64, 'module__nonlin': ReLU()}
2024-05-29 17:25:01,480 0.837113 (0.023275) with: {'batch_size': 64, 'lr': 0.02, 'max_epochs': 64, 'module__n_features': 8, 'module__n_neurons': 128, 'module__nonlin': Tanh()}
2024-05-29 17:25:01,480 0.841464 (0.015595) with: {'batch_size': 64, 'lr': 0.02, 'max_epochs': 64, 'module__n_features': 8, 'module__n_neurons': 128, 'module__nonlin': ReLU()}
2024-05-29 17:25:01,480 0.835770 (0.025119) with: {'batch_size': 64, 'lr': 0.02, 'max_epochs': 64, 'module__n_features': 8, 'module__n_neurons': 256, 'module__nonlin': Tanh()}
2024-05-29 17:25:01,480 0.840266 (0.022480) with: {'batch_size': 64, 'lr': 0.02, 'max_epochs': 64, 'module__n_features': 8, 'module__n_neurons': 256, 'module__nonlin': ReLU()}
2024-05-29 17:25:01,480 0.847531 (0.017487) with: {'batch_size': 64, 'lr': 0.02, 'max_epochs': 128, 'module__n_features': 8, 'module__n_neurons': 16, 'module__nonlin': Tanh()}
2024-05-29 17:25:01,480 0.842586 (0.016783) with: {'batch_size': 64, 'lr': 0.02, 'max_epochs': 128, 'module__n_features': 8, 'module__n_neurons': 16, 'module__nonlin': ReLU()}
2024-05-29 17:25:01,480 0.844901 (0.019310) with: {'batch_size': 64, 'lr': 0.02, 'max_epochs': 128, 'module__n_features': 8, 'module__n_neurons': 32, 'module__nonlin': Tanh()}
2024-05-29 17:25:01,480 0.843582 (0.015348) with: {'batch_size': 64, 'lr': 0.02, 'max_epochs': 128, 'module__n_features': 8, 'module__n_neurons': 32, 'module__nonlin': ReLU()}
2024-05-29 17:25:01,480 0.847088 (0.019529) with: {'batch_size': 64, 'lr': 0.02, 'max_epochs': 128, 'module__n_features': 8, 'module__n_neurons': 64, 'module__nonlin': Tanh()}
2024-05-29 17:25:01,480 0.836336 (0.018251) with: {'batch_size': 64, 'lr': 0.02, 'max_epochs': 128, 'module__n_features': 8, 'module__n_neurons': 64, 'module__nonlin': ReLU()}
2024-05-29 17:25:01,480 0.846559 (0.019162) with: {'batch_size': 64, 'lr': 0.02, 'max_epochs': 128, 'module__n_features': 8, 'module__n_neurons': 128, 'module__nonlin': Tanh()}
2024-05-29 17:25:01,480 0.830611 (0.024756) with: {'batch_size': 64, 'lr': 0.02, 'max_epochs': 128, 'module__n_features': 8, 'module__n_neurons': 128, 'module__nonlin': ReLU()}
2024-05-29 17:25:01,480 0.844138 (0.019850) with: {'batch_size': 64, 'lr': 0.02, 'max_epochs': 128, 'module__n_features': 8, 'module__n_neurons': 256, 'module__nonlin': Tanh()}
2024-05-29 17:25:01,480 0.829572 (0.018510) with: {'batch_size': 64, 'lr': 0.02, 'max_epochs': 128, 'module__n_features': 8, 'module__n_neurons': 256, 'module__nonlin': ReLU()}
2024-05-29 17:25:01,481 0.421258 (0.193013) with: {'batch_size': 128, 'lr': 0.001, 'max_epochs': 16, 'module__n_features': 8, 'module__n_neurons': 16, 'module__nonlin': Tanh()}
2024-05-29 17:25:01,481 0.413507 (0.145980) with: {'batch_size': 128, 'lr': 0.001, 'max_epochs': 16, 'module__n_features': 8, 'module__n_neurons': 16, 'module__nonlin': ReLU()}
2024-05-29 17:25:01,481 0.456626 (0.091793) with: {'batch_size': 128, 'lr': 0.001, 'max_epochs': 16, 'module__n_features': 8, 'module__n_neurons': 32, 'module__nonlin': Tanh()}
2024-05-29 17:25:01,481 0.492675 (0.118040) with: {'batch_size': 128, 'lr': 0.001, 'max_epochs': 16, 'module__n_features': 8, 'module__n_neurons': 32, 'module__nonlin': ReLU()}
2024-05-29 17:25:01,481 0.592426 (0.059582) with: {'batch_size': 128, 'lr': 0.001, 'max_epochs': 16, 'module__n_features': 8, 'module__n_neurons': 64, 'module__nonlin': Tanh()}
2024-05-29 17:25:01,481 0.460637 (0.127357) with: {'batch_size': 128, 'lr': 0.001, 'max_epochs': 16, 'module__n_features': 8, 'module__n_neurons': 64, 'module__nonlin': ReLU()}
2024-05-29 17:25:01,481 0.660145 (0.200222) with: {'batch_size': 128, 'lr': 0.001, 'max_epochs': 16, 'module__n_features': 8, 'module__n_neurons': 128, 'module__nonlin': Tanh()}
2024-05-29 17:25:01,481 0.534297 (0.141103) with: {'batch_size': 128, 'lr': 0.001, 'max_epochs': 16, 'module__n_features': 8, 'module__n_neurons': 128, 'module__nonlin': ReLU()}
2024-05-29 17:25:01,481 0.727420 (0.060549) with: {'batch_size': 128, 'lr': 0.001, 'max_epochs': 16, 'module__n_features': 8, 'module__n_neurons': 256, 'module__nonlin': Tanh()}
2024-05-29 17:25:01,481 0.645676 (0.172625) with: {'batch_size': 128, 'lr': 0.001, 'max_epochs': 16, 'module__n_features': 8, 'module__n_neurons': 256, 'module__nonlin': ReLU()}
2024-05-29 17:25:01,481 0.546416 (0.098979) with: {'batch_size': 128, 'lr': 0.001, 'max_epochs': 32, 'module__n_features': 8, 'module__n_neurons': 16, 'module__nonlin': Tanh()}
2024-05-29 17:25:01,481 0.476383 (0.120927) with: {'batch_size': 128, 'lr': 0.001, 'max_epochs': 32, 'module__n_features': 8, 'module__n_neurons': 16, 'module__nonlin': ReLU()}
2024-05-29 17:25:01,481 0.594029 (0.130234) with: {'batch_size': 128, 'lr': 0.001, 'max_epochs': 32, 'module__n_features': 8, 'module__n_neurons': 32, 'module__nonlin': Tanh()}
2024-05-29 17:25:01,481 0.632249 (0.116253) with: {'batch_size': 128, 'lr': 0.001, 'max_epochs': 32, 'module__n_features': 8, 'module__n_neurons': 32, 'module__nonlin': ReLU()}
2024-05-29 17:25:01,481 0.693199 (0.084764) with: {'batch_size': 128, 'lr': 0.001, 'max_epochs': 32, 'module__n_features': 8, 'module__n_neurons': 64, 'module__nonlin': Tanh()}
2024-05-29 17:25:01,481 0.684576 (0.076847) with: {'batch_size': 128, 'lr': 0.001, 'max_epochs': 32, 'module__n_features': 8, 'module__n_neurons': 64, 'module__nonlin': ReLU()}
2024-05-29 17:25:01,481 0.723039 (0.096557) with: {'batch_size': 128, 'lr': 0.001, 'max_epochs': 32, 'module__n_features': 8, 'module__n_neurons': 128, 'module__nonlin': Tanh()}
2024-05-29 17:25:01,481 0.661424 (0.172454) with: {'batch_size': 128, 'lr': 0.001, 'max_epochs': 32, 'module__n_features': 8, 'module__n_neurons': 128, 'module__nonlin': ReLU()}
2024-05-29 17:25:01,481 0.776795 (0.027787) with: {'batch_size': 128, 'lr': 0.001, 'max_epochs': 32, 'module__n_features': 8, 'module__n_neurons': 256, 'module__nonlin': Tanh()}
2024-05-29 17:25:01,481 0.715637 (0.124837) with: {'batch_size': 128, 'lr': 0.001, 'max_epochs': 32, 'module__n_features': 8, 'module__n_neurons': 256, 'module__nonlin': ReLU()}
2024-05-29 17:25:01,481 0.619181 (0.094647) with: {'batch_size': 128, 'lr': 0.001, 'max_epochs': 64, 'module__n_features': 8, 'module__n_neurons': 16, 'module__nonlin': Tanh()}
2024-05-29 17:25:01,481 0.543737 (0.175838) with: {'batch_size': 128, 'lr': 0.001, 'max_epochs': 64, 'module__n_features': 8, 'module__n_neurons': 16, 'module__nonlin': ReLU()}
2024-05-29 17:25:01,481 0.680415 (0.118203) with: {'batch_size': 128, 'lr': 0.001, 'max_epochs': 64, 'module__n_features': 8, 'module__n_neurons': 32, 'module__nonlin': Tanh()}
2024-05-29 17:25:01,481 0.647336 (0.127151) with: {'batch_size': 128, 'lr': 0.001, 'max_epochs': 64, 'module__n_features': 8, 'module__n_neurons': 32, 'module__nonlin': ReLU()}
2024-05-29 17:25:01,481 0.718922 (0.094557) with: {'batch_size': 128, 'lr': 0.001, 'max_epochs': 64, 'module__n_features': 8, 'module__n_neurons': 64, 'module__nonlin': Tanh()}
2024-05-29 17:25:01,481 0.646328 (0.168300) with: {'batch_size': 128, 'lr': 0.001, 'max_epochs': 64, 'module__n_features': 8, 'module__n_neurons': 64, 'module__nonlin': ReLU()}
2024-05-29 17:25:01,481 0.776095 (0.034910) with: {'batch_size': 128, 'lr': 0.001, 'max_epochs': 64, 'module__n_features': 8, 'module__n_neurons': 128, 'module__nonlin': Tanh()}
2024-05-29 17:25:01,481 0.751633 (0.054157) with: {'batch_size': 128, 'lr': 0.001, 'max_epochs': 64, 'module__n_features': 8, 'module__n_neurons': 128, 'module__nonlin': ReLU()}
2024-05-29 17:25:01,481 0.790674 (0.027368) with: {'batch_size': 128, 'lr': 0.001, 'max_epochs': 64, 'module__n_features': 8, 'module__n_neurons': 256, 'module__nonlin': Tanh()}
2024-05-29 17:25:01,481 0.792189 (0.028946) with: {'batch_size': 128, 'lr': 0.001, 'max_epochs': 64, 'module__n_features': 8, 'module__n_neurons': 256, 'module__nonlin': ReLU()}
2024-05-29 17:25:01,481 0.683060 (0.117483) with: {'batch_size': 128, 'lr': 0.001, 'max_epochs': 128, 'module__n_features': 8, 'module__n_neurons': 16, 'module__nonlin': Tanh()}
2024-05-29 17:25:01,481 0.681490 (0.080333) with: {'batch_size': 128, 'lr': 0.001, 'max_epochs': 128, 'module__n_features': 8, 'module__n_neurons': 16, 'module__nonlin': ReLU()}
2024-05-29 17:25:01,481 0.760226 (0.045166) with: {'batch_size': 128, 'lr': 0.001, 'max_epochs': 128, 'module__n_features': 8, 'module__n_neurons': 32, 'module__nonlin': Tanh()}
2024-05-29 17:25:01,481 0.716590 (0.087220) with: {'batch_size': 128, 'lr': 0.001, 'max_epochs': 128, 'module__n_features': 8, 'module__n_neurons': 32, 'module__nonlin': ReLU()}
2024-05-29 17:25:01,481 0.769339 (0.048952) with: {'batch_size': 128, 'lr': 0.001, 'max_epochs': 128, 'module__n_features': 8, 'module__n_neurons': 64, 'module__nonlin': Tanh()}
2024-05-29 17:25:01,481 0.766603 (0.024457) with: {'batch_size': 128, 'lr': 0.001, 'max_epochs': 128, 'module__n_features': 8, 'module__n_neurons': 64, 'module__nonlin': ReLU()}
2024-05-29 17:25:01,481 0.791405 (0.030198) with: {'batch_size': 128, 'lr': 0.001, 'max_epochs': 128, 'module__n_features': 8, 'module__n_neurons': 128, 'module__nonlin': Tanh()}
2024-05-29 17:25:01,481 0.785068 (0.037506) with: {'batch_size': 128, 'lr': 0.001, 'max_epochs': 128, 'module__n_features': 8, 'module__n_neurons': 128, 'module__nonlin': ReLU()}
2024-05-29 17:25:01,481 0.804003 (0.028140) with: {'batch_size': 128, 'lr': 0.001, 'max_epochs': 128, 'module__n_features': 8, 'module__n_neurons': 256, 'module__nonlin': Tanh()}
2024-05-29 17:25:01,481 0.801309 (0.026061) with: {'batch_size': 128, 'lr': 0.001, 'max_epochs': 128, 'module__n_features': 8, 'module__n_neurons': 256, 'module__nonlin': ReLU()}
2024-05-29 17:25:01,481 0.679566 (0.177526) with: {'batch_size': 128, 'lr': 0.01, 'max_epochs': 16, 'module__n_features': 8, 'module__n_neurons': 16, 'module__nonlin': Tanh()}
2024-05-29 17:25:01,481 0.723961 (0.070804) with: {'batch_size': 128, 'lr': 0.01, 'max_epochs': 16, 'module__n_features': 8, 'module__n_neurons': 16, 'module__nonlin': ReLU()}
2024-05-29 17:25:01,482 0.748604 (0.051729) with: {'batch_size': 128, 'lr': 0.01, 'max_epochs': 16, 'module__n_features': 8, 'module__n_neurons': 32, 'module__nonlin': Tanh()}
2024-05-29 17:25:01,482 0.743905 (0.047261) with: {'batch_size': 128, 'lr': 0.01, 'max_epochs': 16, 'module__n_features': 8, 'module__n_neurons': 32, 'module__nonlin': ReLU()}
2024-05-29 17:25:01,482 0.772271 (0.033468) with: {'batch_size': 128, 'lr': 0.01, 'max_epochs': 16, 'module__n_features': 8, 'module__n_neurons': 64, 'module__nonlin': Tanh()}
2024-05-29 17:25:01,482 0.764439 (0.036576) with: {'batch_size': 128, 'lr': 0.01, 'max_epochs': 16, 'module__n_features': 8, 'module__n_neurons': 64, 'module__nonlin': ReLU()}
2024-05-29 17:25:01,482 0.790857 (0.029241) with: {'batch_size': 128, 'lr': 0.01, 'max_epochs': 16, 'module__n_features': 8, 'module__n_neurons': 128, 'module__nonlin': Tanh()}
2024-05-29 17:25:01,482 0.780716 (0.030221) with: {'batch_size': 128, 'lr': 0.01, 'max_epochs': 16, 'module__n_features': 8, 'module__n_neurons': 128, 'module__nonlin': ReLU()}
2024-05-29 17:25:01,482 0.800913 (0.029541) with: {'batch_size': 128, 'lr': 0.01, 'max_epochs': 16, 'module__n_features': 8, 'module__n_neurons': 256, 'module__nonlin': Tanh()}
2024-05-29 17:25:01,482 0.801179 (0.025121) with: {'batch_size': 128, 'lr': 0.01, 'max_epochs': 16, 'module__n_features': 8, 'module__n_neurons': 256, 'module__nonlin': ReLU()}
2024-05-29 17:25:01,482 0.763792 (0.032779) with: {'batch_size': 128, 'lr': 0.01, 'max_epochs': 32, 'module__n_features': 8, 'module__n_neurons': 16, 'module__nonlin': Tanh()}
2024-05-29 17:25:01,482 0.737381 (0.065616) with: {'batch_size': 128, 'lr': 0.01, 'max_epochs': 32, 'module__n_features': 8, 'module__n_neurons': 16, 'module__nonlin': ReLU()}
2024-05-29 17:25:01,482 0.777991 (0.045152) with: {'batch_size': 128, 'lr': 0.01, 'max_epochs': 32, 'module__n_features': 8, 'module__n_neurons': 32, 'module__nonlin': Tanh()}
2024-05-29 17:25:01,482 0.754004 (0.048867) with: {'batch_size': 128, 'lr': 0.01, 'max_epochs': 32, 'module__n_features': 8, 'module__n_neurons': 32, 'module__nonlin': ReLU()}
2024-05-29 17:25:01,482 0.793686 (0.033590) with: {'batch_size': 128, 'lr': 0.01, 'max_epochs': 32, 'module__n_features': 8, 'module__n_neurons': 64, 'module__nonlin': Tanh()}
2024-05-29 17:25:01,482 0.794460 (0.029255) with: {'batch_size': 128, 'lr': 0.01, 'max_epochs': 32, 'module__n_features': 8, 'module__n_neurons': 64, 'module__nonlin': ReLU()}
2024-05-29 17:25:01,482 0.812241 (0.024768) with: {'batch_size': 128, 'lr': 0.01, 'max_epochs': 32, 'module__n_features': 8, 'module__n_neurons': 128, 'module__nonlin': Tanh()}
2024-05-29 17:25:01,482 0.813319 (0.024890) with: {'batch_size': 128, 'lr': 0.01, 'max_epochs': 32, 'module__n_features': 8, 'module__n_neurons': 128, 'module__nonlin': ReLU()}
2024-05-29 17:25:01,482 0.823113 (0.020193) with: {'batch_size': 128, 'lr': 0.01, 'max_epochs': 32, 'module__n_features': 8, 'module__n_neurons': 256, 'module__nonlin': Tanh()}
2024-05-29 17:25:01,482 0.827562 (0.019922) with: {'batch_size': 128, 'lr': 0.01, 'max_epochs': 32, 'module__n_features': 8, 'module__n_neurons': 256, 'module__nonlin': ReLU()}
2024-05-29 17:25:01,482 0.799921 (0.036317) with: {'batch_size': 128, 'lr': 0.01, 'max_epochs': 64, 'module__n_features': 8, 'module__n_neurons': 16, 'module__nonlin': Tanh()}
2024-05-29 17:25:01,482 0.785506 (0.052377) with: {'batch_size': 128, 'lr': 0.01, 'max_epochs': 64, 'module__n_features': 8, 'module__n_neurons': 16, 'module__nonlin': ReLU()}
2024-05-29 17:25:01,482 0.807349 (0.033898) with: {'batch_size': 128, 'lr': 0.01, 'max_epochs': 64, 'module__n_features': 8, 'module__n_neurons': 32, 'module__nonlin': Tanh()}
2024-05-29 17:25:01,482 0.804673 (0.034971) with: {'batch_size': 128, 'lr': 0.01, 'max_epochs': 64, 'module__n_features': 8, 'module__n_neurons': 32, 'module__nonlin': ReLU()}
2024-05-29 17:25:01,482 0.820664 (0.019768) with: {'batch_size': 128, 'lr': 0.01, 'max_epochs': 64, 'module__n_features': 8, 'module__n_neurons': 64, 'module__nonlin': Tanh()}
2024-05-29 17:25:01,482 0.826906 (0.019172) with: {'batch_size': 128, 'lr': 0.01, 'max_epochs': 64, 'module__n_features': 8, 'module__n_neurons': 64, 'module__nonlin': ReLU()}
2024-05-29 17:25:01,482 0.824521 (0.019540) with: {'batch_size': 128, 'lr': 0.01, 'max_epochs': 64, 'module__n_features': 8, 'module__n_neurons': 128, 'module__nonlin': Tanh()}
2024-05-29 17:25:01,482 0.833051 (0.018189) with: {'batch_size': 128, 'lr': 0.01, 'max_epochs': 64, 'module__n_features': 8, 'module__n_neurons': 128, 'module__nonlin': ReLU()}
2024-05-29 17:25:01,482 0.826350 (0.020474) with: {'batch_size': 128, 'lr': 0.01, 'max_epochs': 64, 'module__n_features': 8, 'module__n_neurons': 256, 'module__nonlin': Tanh()}
2024-05-29 17:25:01,482 0.839495 (0.019828) with: {'batch_size': 128, 'lr': 0.01, 'max_epochs': 64, 'module__n_features': 8, 'module__n_neurons': 256, 'module__nonlin': ReLU()}
2024-05-29 17:25:01,482 0.817383 (0.021574) with: {'batch_size': 128, 'lr': 0.01, 'max_epochs': 128, 'module__n_features': 8, 'module__n_neurons': 16, 'module__nonlin': Tanh()}
2024-05-29 17:25:01,482 0.819932 (0.021910) with: {'batch_size': 128, 'lr': 0.01, 'max_epochs': 128, 'module__n_features': 8, 'module__n_neurons': 16, 'module__nonlin': ReLU()}
2024-05-29 17:25:01,482 0.824135 (0.019615) with: {'batch_size': 128, 'lr': 0.01, 'max_epochs': 128, 'module__n_features': 8, 'module__n_neurons': 32, 'module__nonlin': Tanh()}
2024-05-29 17:25:01,482 0.830452 (0.019345) with: {'batch_size': 128, 'lr': 0.01, 'max_epochs': 128, 'module__n_features': 8, 'module__n_neurons': 32, 'module__nonlin': ReLU()}
2024-05-29 17:25:01,482 0.826688 (0.020462) with: {'batch_size': 128, 'lr': 0.01, 'max_epochs': 128, 'module__n_features': 8, 'module__n_neurons': 64, 'module__nonlin': Tanh()}
2024-05-29 17:25:01,482 0.842081 (0.019437) with: {'batch_size': 128, 'lr': 0.01, 'max_epochs': 128, 'module__n_features': 8, 'module__n_neurons': 64, 'module__nonlin': ReLU()}
2024-05-29 17:25:01,482 0.828757 (0.021145) with: {'batch_size': 128, 'lr': 0.01, 'max_epochs': 128, 'module__n_features': 8, 'module__n_neurons': 128, 'module__nonlin': Tanh()}
2024-05-29 17:25:01,482 0.842378 (0.018701) with: {'batch_size': 128, 'lr': 0.01, 'max_epochs': 128, 'module__n_features': 8, 'module__n_neurons': 128, 'module__nonlin': ReLU()}
2024-05-29 17:25:01,482 0.829458 (0.021028) with: {'batch_size': 128, 'lr': 0.01, 'max_epochs': 128, 'module__n_features': 8, 'module__n_neurons': 256, 'module__nonlin': Tanh()}
2024-05-29 17:25:01,482 0.841345 (0.017808) with: {'batch_size': 128, 'lr': 0.01, 'max_epochs': 128, 'module__n_features': 8, 'module__n_neurons': 256, 'module__nonlin': ReLU()}
2024-05-29 17:25:01,482 0.748124 (0.039525) with: {'batch_size': 128, 'lr': 0.02, 'max_epochs': 16, 'module__n_features': 8, 'module__n_neurons': 16, 'module__nonlin': Tanh()}
2024-05-29 17:25:01,482 0.750339 (0.041880) with: {'batch_size': 128, 'lr': 0.02, 'max_epochs': 16, 'module__n_features': 8, 'module__n_neurons': 16, 'module__nonlin': ReLU()}
2024-05-29 17:25:01,482 0.775824 (0.042821) with: {'batch_size': 128, 'lr': 0.02, 'max_epochs': 16, 'module__n_features': 8, 'module__n_neurons': 32, 'module__nonlin': Tanh()}
2024-05-29 17:25:01,482 0.765037 (0.048909) with: {'batch_size': 128, 'lr': 0.02, 'max_epochs': 16, 'module__n_features': 8, 'module__n_neurons': 32, 'module__nonlin': ReLU()}
2024-05-29 17:25:01,482 0.787979 (0.036509) with: {'batch_size': 128, 'lr': 0.02, 'max_epochs': 16, 'module__n_features': 8, 'module__n_neurons': 64, 'module__nonlin': Tanh()}
2024-05-29 17:25:01,483 0.778051 (0.047314) with: {'batch_size': 128, 'lr': 0.02, 'max_epochs': 16, 'module__n_features': 8, 'module__n_neurons': 64, 'module__nonlin': ReLU()}
2024-05-29 17:25:01,483 0.808019 (0.024023) with: {'batch_size': 128, 'lr': 0.02, 'max_epochs': 16, 'module__n_features': 8, 'module__n_neurons': 128, 'module__nonlin': Tanh()}
2024-05-29 17:25:01,483 0.801896 (0.026950) with: {'batch_size': 128, 'lr': 0.02, 'max_epochs': 16, 'module__n_features': 8, 'module__n_neurons': 128, 'module__nonlin': ReLU()}
2024-05-29 17:25:01,483 0.817918 (0.020468) with: {'batch_size': 128, 'lr': 0.02, 'max_epochs': 16, 'module__n_features': 8, 'module__n_neurons': 256, 'module__nonlin': Tanh()}
2024-05-29 17:25:01,483 0.826460 (0.021449) with: {'batch_size': 128, 'lr': 0.02, 'max_epochs': 16, 'module__n_features': 8, 'module__n_neurons': 256, 'module__nonlin': ReLU()}
2024-05-29 17:25:01,483 0.793368 (0.033717) with: {'batch_size': 128, 'lr': 0.02, 'max_epochs': 32, 'module__n_features': 8, 'module__n_neurons': 16, 'module__nonlin': Tanh()}
2024-05-29 17:25:01,483 0.783207 (0.045724) with: {'batch_size': 128, 'lr': 0.02, 'max_epochs': 32, 'module__n_features': 8, 'module__n_neurons': 16, 'module__nonlin': ReLU()}
2024-05-29 17:25:01,483 0.810056 (0.025683) with: {'batch_size': 128, 'lr': 0.02, 'max_epochs': 32, 'module__n_features': 8, 'module__n_neurons': 32, 'module__nonlin': Tanh()}
2024-05-29 17:25:01,483 0.800836 (0.038450) with: {'batch_size': 128, 'lr': 0.02, 'max_epochs': 32, 'module__n_features': 8, 'module__n_neurons': 32, 'module__nonlin': ReLU()}
2024-05-29 17:25:01,483 0.821442 (0.020203) with: {'batch_size': 128, 'lr': 0.02, 'max_epochs': 32, 'module__n_features': 8, 'module__n_neurons': 64, 'module__nonlin': Tanh()}
2024-05-29 17:25:01,483 0.821789 (0.018460) with: {'batch_size': 128, 'lr': 0.02, 'max_epochs': 32, 'module__n_features': 8, 'module__n_neurons': 64, 'module__nonlin': ReLU()}
2024-05-29 17:25:01,483 0.823995 (0.019994) with: {'batch_size': 128, 'lr': 0.02, 'max_epochs': 32, 'module__n_features': 8, 'module__n_neurons': 128, 'module__nonlin': Tanh()}
2024-05-29 17:25:01,483 0.830298 (0.018799) with: {'batch_size': 128, 'lr': 0.02, 'max_epochs': 32, 'module__n_features': 8, 'module__n_neurons': 128, 'module__nonlin': ReLU()}
2024-05-29 17:25:01,483 0.826119 (0.020634) with: {'batch_size': 128, 'lr': 0.02, 'max_epochs': 32, 'module__n_features': 8, 'module__n_neurons': 256, 'module__nonlin': Tanh()}
2024-05-29 17:25:01,483 0.840466 (0.017640) with: {'batch_size': 128, 'lr': 0.02, 'max_epochs': 32, 'module__n_features': 8, 'module__n_neurons': 256, 'module__nonlin': ReLU()}
2024-05-29 17:25:01,483 0.813392 (0.026259) with: {'batch_size': 128, 'lr': 0.02, 'max_epochs': 64, 'module__n_features': 8, 'module__n_neurons': 16, 'module__nonlin': Tanh()}
2024-05-29 17:25:01,483 0.811320 (0.028325) with: {'batch_size': 128, 'lr': 0.02, 'max_epochs': 64, 'module__n_features': 8, 'module__n_neurons': 16, 'module__nonlin': ReLU()}
2024-05-29 17:25:01,483 0.824217 (0.020178) with: {'batch_size': 128, 'lr': 0.02, 'max_epochs': 64, 'module__n_features': 8, 'module__n_neurons': 32, 'module__nonlin': Tanh()}
2024-05-29 17:25:01,483 0.826790 (0.024482) with: {'batch_size': 128, 'lr': 0.02, 'max_epochs': 64, 'module__n_features': 8, 'module__n_neurons': 32, 'module__nonlin': ReLU()}
2024-05-29 17:25:01,483 0.826226 (0.020007) with: {'batch_size': 128, 'lr': 0.02, 'max_epochs': 64, 'module__n_features': 8, 'module__n_neurons': 64, 'module__nonlin': Tanh()}
2024-05-29 17:25:01,483 0.836582 (0.017236) with: {'batch_size': 128, 'lr': 0.02, 'max_epochs': 64, 'module__n_features': 8, 'module__n_neurons': 64, 'module__nonlin': ReLU()}
2024-05-29 17:25:01,483 0.827759 (0.020322) with: {'batch_size': 128, 'lr': 0.02, 'max_epochs': 64, 'module__n_features': 8, 'module__n_neurons': 128, 'module__nonlin': Tanh()}
2024-05-29 17:25:01,483 0.841551 (0.021600) with: {'batch_size': 128, 'lr': 0.02, 'max_epochs': 64, 'module__n_features': 8, 'module__n_neurons': 128, 'module__nonlin': ReLU()}
2024-05-29 17:25:01,483 0.828178 (0.020580) with: {'batch_size': 128, 'lr': 0.02, 'max_epochs': 64, 'module__n_features': 8, 'module__n_neurons': 256, 'module__nonlin': Tanh()}
2024-05-29 17:25:01,483 0.844626 (0.021035) with: {'batch_size': 128, 'lr': 0.02, 'max_epochs': 64, 'module__n_features': 8, 'module__n_neurons': 256, 'module__nonlin': ReLU()}
2024-05-29 17:25:01,483 0.828141 (0.017435) with: {'batch_size': 128, 'lr': 0.02, 'max_epochs': 128, 'module__n_features': 8, 'module__n_neurons': 16, 'module__nonlin': Tanh()}
2024-05-29 17:25:01,483 0.835153 (0.017515) with: {'batch_size': 128, 'lr': 0.02, 'max_epochs': 128, 'module__n_features': 8, 'module__n_neurons': 16, 'module__nonlin': ReLU()}
2024-05-29 17:25:01,483 0.832608 (0.021174) with: {'batch_size': 128, 'lr': 0.02, 'max_epochs': 128, 'module__n_features': 8, 'module__n_neurons': 32, 'module__nonlin': Tanh()}
2024-05-29 17:25:01,483 0.838688 (0.019724) with: {'batch_size': 128, 'lr': 0.02, 'max_epochs': 128, 'module__n_features': 8, 'module__n_neurons': 32, 'module__nonlin': ReLU()}
2024-05-29 17:25:01,483 0.834552 (0.019717) with: {'batch_size': 128, 'lr': 0.02, 'max_epochs': 128, 'module__n_features': 8, 'module__n_neurons': 64, 'module__nonlin': Tanh()}
2024-05-29 17:25:01,483 0.841557 (0.020801) with: {'batch_size': 128, 'lr': 0.02, 'max_epochs': 128, 'module__n_features': 8, 'module__n_neurons': 64, 'module__nonlin': ReLU()}
2024-05-29 17:25:01,483 0.834846 (0.019346) with: {'batch_size': 128, 'lr': 0.02, 'max_epochs': 128, 'module__n_features': 8, 'module__n_neurons': 128, 'module__nonlin': Tanh()}
2024-05-29 17:25:01,483 0.835545 (0.021219) with: {'batch_size': 128, 'lr': 0.02, 'max_epochs': 128, 'module__n_features': 8, 'module__n_neurons': 128, 'module__nonlin': ReLU()}
2024-05-29 17:25:01,483 0.836067 (0.016209) with: {'batch_size': 128, 'lr': 0.02, 'max_epochs': 128, 'module__n_features': 8, 'module__n_neurons': 256, 'module__nonlin': Tanh()}
2024-05-29 17:25:01,483 0.827797 (0.021255) with: {'batch_size': 128, 'lr': 0.02, 'max_epochs': 128, 'module__n_features': 8, 'module__n_neurons': 256, 'module__nonlin': ReLU()}
2024-05-29 18:27:49,415 Best: 0.908493 using {'batch_size': 16, 'lr': 0.01, 'max_epochs': 128, 'module__n_features': 20, 'module__n_neurons': 256, 'module__nonlin': ReLU()}
2024-05-29 18:27:49,430 Best estimator configuration: 
 <class 'skorch.classifier.NeuralNetClassifier'>[initialized](
  module_=Module1Layer(
    (dense0): Linear(in_features=20, out_features=256, bias=True)
    (act): ReLU()
    (output): Linear(in_features=256, out_features=1, bias=True)
    (sigmoid): Sigmoid()
  ),
)
2024-05-29 18:27:49,430 0.762557 (0.051538) with: {'batch_size': 16, 'lr': 0.001, 'max_epochs': 16, 'module__n_features': 20, 'module__n_neurons': 16, 'module__nonlin': Tanh()}
2024-05-29 18:27:49,430 0.739146 (0.053315) with: {'batch_size': 16, 'lr': 0.001, 'max_epochs': 16, 'module__n_features': 20, 'module__n_neurons': 16, 'module__nonlin': ReLU()}
2024-05-29 18:27:49,431 0.783845 (0.037162) with: {'batch_size': 16, 'lr': 0.001, 'max_epochs': 16, 'module__n_features': 20, 'module__n_neurons': 32, 'module__nonlin': Tanh()}
2024-05-29 18:27:49,431 0.779125 (0.031167) with: {'batch_size': 16, 'lr': 0.001, 'max_epochs': 16, 'module__n_features': 20, 'module__n_neurons': 32, 'module__nonlin': ReLU()}
2024-05-29 18:27:49,431 0.825243 (0.039631) with: {'batch_size': 16, 'lr': 0.001, 'max_epochs': 16, 'module__n_features': 20, 'module__n_neurons': 64, 'module__nonlin': Tanh()}
2024-05-29 18:27:49,431 0.810203 (0.034678) with: {'batch_size': 16, 'lr': 0.001, 'max_epochs': 16, 'module__n_features': 20, 'module__n_neurons': 64, 'module__nonlin': ReLU()}
2024-05-29 18:27:49,431 0.818332 (0.034095) with: {'batch_size': 16, 'lr': 0.001, 'max_epochs': 16, 'module__n_features': 20, 'module__n_neurons': 128, 'module__nonlin': Tanh()}
2024-05-29 18:27:49,431 0.806892 (0.041910) with: {'batch_size': 16, 'lr': 0.001, 'max_epochs': 16, 'module__n_features': 20, 'module__n_neurons': 128, 'module__nonlin': ReLU()}
2024-05-29 18:27:49,431 0.835404 (0.036712) with: {'batch_size': 16, 'lr': 0.001, 'max_epochs': 16, 'module__n_features': 20, 'module__n_neurons': 256, 'module__nonlin': Tanh()}
2024-05-29 18:27:49,431 0.836248 (0.034040) with: {'batch_size': 16, 'lr': 0.001, 'max_epochs': 16, 'module__n_features': 20, 'module__n_neurons': 256, 'module__nonlin': ReLU()}
2024-05-29 18:27:49,431 0.798202 (0.044050) with: {'batch_size': 16, 'lr': 0.001, 'max_epochs': 32, 'module__n_features': 20, 'module__n_neurons': 16, 'module__nonlin': Tanh()}
2024-05-29 18:27:49,431 0.795385 (0.045472) with: {'batch_size': 16, 'lr': 0.001, 'max_epochs': 32, 'module__n_features': 20, 'module__n_neurons': 16, 'module__nonlin': ReLU()}
2024-05-29 18:27:49,431 0.829178 (0.025154) with: {'batch_size': 16, 'lr': 0.001, 'max_epochs': 32, 'module__n_features': 20, 'module__n_neurons': 32, 'module__nonlin': Tanh()}
2024-05-29 18:27:49,431 0.816144 (0.031409) with: {'batch_size': 16, 'lr': 0.001, 'max_epochs': 32, 'module__n_features': 20, 'module__n_neurons': 32, 'module__nonlin': ReLU()}
2024-05-29 18:27:49,431 0.829124 (0.057110) with: {'batch_size': 16, 'lr': 0.001, 'max_epochs': 32, 'module__n_features': 20, 'module__n_neurons': 64, 'module__nonlin': Tanh()}
2024-05-29 18:27:49,431 0.837655 (0.033603) with: {'batch_size': 16, 'lr': 0.001, 'max_epochs': 32, 'module__n_features': 20, 'module__n_neurons': 64, 'module__nonlin': ReLU()}
2024-05-29 18:27:49,431 0.837154 (0.032707) with: {'batch_size': 16, 'lr': 0.001, 'max_epochs': 32, 'module__n_features': 20, 'module__n_neurons': 128, 'module__nonlin': Tanh()}
2024-05-29 18:27:49,431 0.837686 (0.034442) with: {'batch_size': 16, 'lr': 0.001, 'max_epochs': 32, 'module__n_features': 20, 'module__n_neurons': 128, 'module__nonlin': ReLU()}
2024-05-29 18:27:49,431 0.837654 (0.031461) with: {'batch_size': 16, 'lr': 0.001, 'max_epochs': 32, 'module__n_features': 20, 'module__n_neurons': 256, 'module__nonlin': Tanh()}
2024-05-29 18:27:49,431 0.840469 (0.035460) with: {'batch_size': 16, 'lr': 0.001, 'max_epochs': 32, 'module__n_features': 20, 'module__n_neurons': 256, 'module__nonlin': ReLU()}
2024-05-29 18:27:49,431 0.817395 (0.037772) with: {'batch_size': 16, 'lr': 0.001, 'max_epochs': 64, 'module__n_features': 20, 'module__n_neurons': 16, 'module__nonlin': Tanh()}
2024-05-29 18:27:49,431 0.794633 (0.043536) with: {'batch_size': 16, 'lr': 0.001, 'max_epochs': 64, 'module__n_features': 20, 'module__n_neurons': 16, 'module__nonlin': ReLU()}
2024-05-29 18:27:49,431 0.826587 (0.039663) with: {'batch_size': 16, 'lr': 0.001, 'max_epochs': 64, 'module__n_features': 20, 'module__n_neurons': 32, 'module__nonlin': Tanh()}
2024-05-29 18:27:49,431 0.836653 (0.031448) with: {'batch_size': 16, 'lr': 0.001, 'max_epochs': 64, 'module__n_features': 20, 'module__n_neurons': 32, 'module__nonlin': ReLU()}
2024-05-29 18:27:49,431 0.837655 (0.035379) with: {'batch_size': 16, 'lr': 0.001, 'max_epochs': 64, 'module__n_features': 20, 'module__n_neurons': 64, 'module__nonlin': Tanh()}
2024-05-29 18:27:49,431 0.831370 (0.037082) with: {'batch_size': 16, 'lr': 0.001, 'max_epochs': 64, 'module__n_features': 20, 'module__n_neurons': 64, 'module__nonlin': ReLU()}
2024-05-29 18:27:49,432 0.843031 (0.027594) with: {'batch_size': 16, 'lr': 0.001, 'max_epochs': 64, 'module__n_features': 20, 'module__n_neurons': 128, 'module__nonlin': Tanh()}
2024-05-29 18:27:49,432 0.840812 (0.033770) with: {'batch_size': 16, 'lr': 0.001, 'max_epochs': 64, 'module__n_features': 20, 'module__n_neurons': 128, 'module__nonlin': ReLU()}
2024-05-29 18:27:49,432 0.842811 (0.022453) with: {'batch_size': 16, 'lr': 0.001, 'max_epochs': 64, 'module__n_features': 20, 'module__n_neurons': 256, 'module__nonlin': Tanh()}
2024-05-29 18:27:49,432 0.843187 (0.029634) with: {'batch_size': 16, 'lr': 0.001, 'max_epochs': 64, 'module__n_features': 20, 'module__n_neurons': 256, 'module__nonlin': ReLU()}
2024-05-29 18:27:49,432 0.838341 (0.026457) with: {'batch_size': 16, 'lr': 0.001, 'max_epochs': 128, 'module__n_features': 20, 'module__n_neurons': 16, 'module__nonlin': Tanh()}
2024-05-29 18:27:49,432 0.828027 (0.047424) with: {'batch_size': 16, 'lr': 0.001, 'max_epochs': 128, 'module__n_features': 20, 'module__n_neurons': 16, 'module__nonlin': ReLU()}
2024-05-29 18:27:49,432 0.843656 (0.025790) with: {'batch_size': 16, 'lr': 0.001, 'max_epochs': 128, 'module__n_features': 20, 'module__n_neurons': 32, 'module__nonlin': Tanh()}
2024-05-29 18:27:49,432 0.836027 (0.030165) with: {'batch_size': 16, 'lr': 0.001, 'max_epochs': 128, 'module__n_features': 20, 'module__n_neurons': 32, 'module__nonlin': ReLU()}
2024-05-29 18:27:49,432 0.845312 (0.021755) with: {'batch_size': 16, 'lr': 0.001, 'max_epochs': 128, 'module__n_features': 20, 'module__n_neurons': 64, 'module__nonlin': Tanh()}
2024-05-29 18:27:49,432 0.842249 (0.028834) with: {'batch_size': 16, 'lr': 0.001, 'max_epochs': 128, 'module__n_features': 20, 'module__n_neurons': 64, 'module__nonlin': ReLU()}
2024-05-29 18:27:49,432 0.845218 (0.019934) with: {'batch_size': 16, 'lr': 0.001, 'max_epochs': 128, 'module__n_features': 20, 'module__n_neurons': 128, 'module__nonlin': Tanh()}
2024-05-29 18:27:49,432 0.848251 (0.023869) with: {'batch_size': 16, 'lr': 0.001, 'max_epochs': 128, 'module__n_features': 20, 'module__n_neurons': 128, 'module__nonlin': ReLU()}
2024-05-29 18:27:49,432 0.845436 (0.018078) with: {'batch_size': 16, 'lr': 0.001, 'max_epochs': 128, 'module__n_features': 20, 'module__n_neurons': 256, 'module__nonlin': Tanh()}
2024-05-29 18:27:49,432 0.855348 (0.022180) with: {'batch_size': 16, 'lr': 0.001, 'max_epochs': 128, 'module__n_features': 20, 'module__n_neurons': 256, 'module__nonlin': ReLU()}
2024-05-29 18:27:49,432 0.839811 (0.028844) with: {'batch_size': 16, 'lr': 0.01, 'max_epochs': 16, 'module__n_features': 20, 'module__n_neurons': 16, 'module__nonlin': Tanh()}
2024-05-29 18:27:49,432 0.833245 (0.033261) with: {'batch_size': 16, 'lr': 0.01, 'max_epochs': 16, 'module__n_features': 20, 'module__n_neurons': 16, 'module__nonlin': ReLU()}
2024-05-29 18:27:49,432 0.843374 (0.023332) with: {'batch_size': 16, 'lr': 0.01, 'max_epochs': 16, 'module__n_features': 20, 'module__n_neurons': 32, 'module__nonlin': Tanh()}
2024-05-29 18:27:49,432 0.841812 (0.029196) with: {'batch_size': 16, 'lr': 0.01, 'max_epochs': 16, 'module__n_features': 20, 'module__n_neurons': 32, 'module__nonlin': ReLU()}
2024-05-29 18:27:49,432 0.844030 (0.021438) with: {'batch_size': 16, 'lr': 0.01, 'max_epochs': 16, 'module__n_features': 20, 'module__n_neurons': 64, 'module__nonlin': Tanh()}
2024-05-29 18:27:49,432 0.845562 (0.024336) with: {'batch_size': 16, 'lr': 0.01, 'max_epochs': 16, 'module__n_features': 20, 'module__n_neurons': 64, 'module__nonlin': ReLU()}
2024-05-29 18:27:49,432 0.844623 (0.019169) with: {'batch_size': 16, 'lr': 0.01, 'max_epochs': 16, 'module__n_features': 20, 'module__n_neurons': 128, 'module__nonlin': Tanh()}
2024-05-29 18:27:49,432 0.849345 (0.021877) with: {'batch_size': 16, 'lr': 0.01, 'max_epochs': 16, 'module__n_features': 20, 'module__n_neurons': 128, 'module__nonlin': ReLU()}
2024-05-29 18:27:49,432 0.844623 (0.018465) with: {'batch_size': 16, 'lr': 0.01, 'max_epochs': 16, 'module__n_features': 20, 'module__n_neurons': 256, 'module__nonlin': Tanh()}
2024-05-29 18:27:49,439 0.850845 (0.020496) with: {'batch_size': 16, 'lr': 0.01, 'max_epochs': 16, 'module__n_features': 20, 'module__n_neurons': 256, 'module__nonlin': ReLU()}
2024-05-29 18:27:49,439 0.845186 (0.019652) with: {'batch_size': 16, 'lr': 0.01, 'max_epochs': 32, 'module__n_features': 20, 'module__n_neurons': 16, 'module__nonlin': Tanh()}
2024-05-29 18:27:49,439 0.842781 (0.026998) with: {'batch_size': 16, 'lr': 0.01, 'max_epochs': 32, 'module__n_features': 20, 'module__n_neurons': 16, 'module__nonlin': ReLU()}
2024-05-29 18:27:49,439 0.845561 (0.017940) with: {'batch_size': 16, 'lr': 0.01, 'max_epochs': 32, 'module__n_features': 20, 'module__n_neurons': 32, 'module__nonlin': Tanh()}
2024-05-29 18:27:49,439 0.849251 (0.021617) with: {'batch_size': 16, 'lr': 0.01, 'max_epochs': 32, 'module__n_features': 20, 'module__n_neurons': 32, 'module__nonlin': ReLU()}
2024-05-29 18:27:49,439 0.845623 (0.017696) with: {'batch_size': 16, 'lr': 0.01, 'max_epochs': 32, 'module__n_features': 20, 'module__n_neurons': 64, 'module__nonlin': Tanh()}
2024-05-29 18:27:49,439 0.851345 (0.021204) with: {'batch_size': 16, 'lr': 0.01, 'max_epochs': 32, 'module__n_features': 20, 'module__n_neurons': 64, 'module__nonlin': ReLU()}
2024-05-29 18:27:49,439 0.845029 (0.017909) with: {'batch_size': 16, 'lr': 0.01, 'max_epochs': 32, 'module__n_features': 20, 'module__n_neurons': 128, 'module__nonlin': Tanh()}
2024-05-29 18:27:49,439 0.856910 (0.018123) with: {'batch_size': 16, 'lr': 0.01, 'max_epochs': 32, 'module__n_features': 20, 'module__n_neurons': 128, 'module__nonlin': ReLU()}
2024-05-29 18:27:49,439 0.845280 (0.018438) with: {'batch_size': 16, 'lr': 0.01, 'max_epochs': 32, 'module__n_features': 20, 'module__n_neurons': 256, 'module__nonlin': Tanh()}
2024-05-29 18:27:49,439 0.864256 (0.017559) with: {'batch_size': 16, 'lr': 0.01, 'max_epochs': 32, 'module__n_features': 20, 'module__n_neurons': 256, 'module__nonlin': ReLU()}
2024-05-29 18:27:49,439 0.846092 (0.017639) with: {'batch_size': 16, 'lr': 0.01, 'max_epochs': 64, 'module__n_features': 20, 'module__n_neurons': 16, 'module__nonlin': Tanh()}
2024-05-29 18:27:49,439 0.853814 (0.017476) with: {'batch_size': 16, 'lr': 0.01, 'max_epochs': 64, 'module__n_features': 20, 'module__n_neurons': 16, 'module__nonlin': ReLU()}
2024-05-29 18:27:49,439 0.846436 (0.017248) with: {'batch_size': 16, 'lr': 0.01, 'max_epochs': 64, 'module__n_features': 20, 'module__n_neurons': 32, 'module__nonlin': Tanh()}
2024-05-29 18:27:49,439 0.853470 (0.016473) with: {'batch_size': 16, 'lr': 0.01, 'max_epochs': 64, 'module__n_features': 20, 'module__n_neurons': 32, 'module__nonlin': ReLU()}
2024-05-29 18:27:49,439 0.845873 (0.017468) with: {'batch_size': 16, 'lr': 0.01, 'max_epochs': 64, 'module__n_features': 20, 'module__n_neurons': 64, 'module__nonlin': Tanh()}
2024-05-29 18:27:49,439 0.863475 (0.022491) with: {'batch_size': 16, 'lr': 0.01, 'max_epochs': 64, 'module__n_features': 20, 'module__n_neurons': 64, 'module__nonlin': ReLU()}
2024-05-29 18:27:49,439 0.845936 (0.017541) with: {'batch_size': 16, 'lr': 0.01, 'max_epochs': 64, 'module__n_features': 20, 'module__n_neurons': 128, 'module__nonlin': Tanh()}
2024-05-29 18:27:49,439 0.883266 (0.024590) with: {'batch_size': 16, 'lr': 0.01, 'max_epochs': 64, 'module__n_features': 20, 'module__n_neurons': 128, 'module__nonlin': ReLU()}
2024-05-29 18:27:49,439 0.845748 (0.017828) with: {'batch_size': 16, 'lr': 0.01, 'max_epochs': 64, 'module__n_features': 20, 'module__n_neurons': 256, 'module__nonlin': Tanh()}
2024-05-29 18:27:49,439 0.895802 (0.016529) with: {'batch_size': 16, 'lr': 0.01, 'max_epochs': 64, 'module__n_features': 20, 'module__n_neurons': 256, 'module__nonlin': ReLU()}
2024-05-29 18:27:49,439 0.848687 (0.017568) with: {'batch_size': 16, 'lr': 0.01, 'max_epochs': 128, 'module__n_features': 20, 'module__n_neurons': 16, 'module__nonlin': Tanh()}
2024-05-29 18:27:49,439 0.855347 (0.018748) with: {'batch_size': 16, 'lr': 0.01, 'max_epochs': 128, 'module__n_features': 20, 'module__n_neurons': 16, 'module__nonlin': ReLU()}
2024-05-29 18:27:49,439 0.848531 (0.017564) with: {'batch_size': 16, 'lr': 0.01, 'max_epochs': 128, 'module__n_features': 20, 'module__n_neurons': 32, 'module__nonlin': Tanh()}
2024-05-29 18:27:49,439 0.864446 (0.026706) with: {'batch_size': 16, 'lr': 0.01, 'max_epochs': 128, 'module__n_features': 20, 'module__n_neurons': 32, 'module__nonlin': ReLU()}
2024-05-29 18:27:49,439 0.848156 (0.018187) with: {'batch_size': 16, 'lr': 0.01, 'max_epochs': 128, 'module__n_features': 20, 'module__n_neurons': 64, 'module__nonlin': Tanh()}
2024-05-29 18:27:49,439 0.888799 (0.023524) with: {'batch_size': 16, 'lr': 0.01, 'max_epochs': 128, 'module__n_features': 20, 'module__n_neurons': 64, 'module__nonlin': ReLU()}
2024-05-29 18:27:49,440 0.849344 (0.018144) with: {'batch_size': 16, 'lr': 0.01, 'max_epochs': 128, 'module__n_features': 20, 'module__n_neurons': 128, 'module__nonlin': Tanh()}
2024-05-29 18:27:49,440 0.901302 (0.015785) with: {'batch_size': 16, 'lr': 0.01, 'max_epochs': 128, 'module__n_features': 20, 'module__n_neurons': 128, 'module__nonlin': ReLU()}
2024-05-29 18:27:49,440 0.848250 (0.017816) with: {'batch_size': 16, 'lr': 0.01, 'max_epochs': 128, 'module__n_features': 20, 'module__n_neurons': 256, 'module__nonlin': Tanh()}
2024-05-29 18:27:49,440 0.908493 (0.014485) with: {'batch_size': 16, 'lr': 0.01, 'max_epochs': 128, 'module__n_features': 20, 'module__n_neurons': 256, 'module__nonlin': ReLU()}
2024-05-29 18:27:49,440 0.844343 (0.022012) with: {'batch_size': 16, 'lr': 0.02, 'max_epochs': 16, 'module__n_features': 20, 'module__n_neurons': 16, 'module__nonlin': Tanh()}
2024-05-29 18:27:49,440 0.841561 (0.027571) with: {'batch_size': 16, 'lr': 0.02, 'max_epochs': 16, 'module__n_features': 20, 'module__n_neurons': 16, 'module__nonlin': ReLU()}
2024-05-29 18:27:49,440 0.844749 (0.020608) with: {'batch_size': 16, 'lr': 0.02, 'max_epochs': 16, 'module__n_features': 20, 'module__n_neurons': 32, 'module__nonlin': Tanh()}
2024-05-29 18:27:49,440 0.843312 (0.025179) with: {'batch_size': 16, 'lr': 0.02, 'max_epochs': 16, 'module__n_features': 20, 'module__n_neurons': 32, 'module__nonlin': ReLU()}
2024-05-29 18:27:49,440 0.845624 (0.019010) with: {'batch_size': 16, 'lr': 0.02, 'max_epochs': 16, 'module__n_features': 20, 'module__n_neurons': 64, 'module__nonlin': Tanh()}
2024-05-29 18:27:49,440 0.845374 (0.021160) with: {'batch_size': 16, 'lr': 0.02, 'max_epochs': 16, 'module__n_features': 20, 'module__n_neurons': 64, 'module__nonlin': ReLU()}
2024-05-29 18:27:49,440 0.845561 (0.018572) with: {'batch_size': 16, 'lr': 0.02, 'max_epochs': 16, 'module__n_features': 20, 'module__n_neurons': 128, 'module__nonlin': Tanh()}
2024-05-29 18:27:49,440 0.847687 (0.019850) with: {'batch_size': 16, 'lr': 0.02, 'max_epochs': 16, 'module__n_features': 20, 'module__n_neurons': 128, 'module__nonlin': ReLU()}
2024-05-29 18:27:49,440 0.845623 (0.018019) with: {'batch_size': 16, 'lr': 0.02, 'max_epochs': 16, 'module__n_features': 20, 'module__n_neurons': 256, 'module__nonlin': Tanh()}
2024-05-29 18:27:49,440 0.849845 (0.021542) with: {'batch_size': 16, 'lr': 0.02, 'max_epochs': 16, 'module__n_features': 20, 'module__n_neurons': 256, 'module__nonlin': ReLU()}
2024-05-29 18:27:49,440 0.845780 (0.017973) with: {'batch_size': 16, 'lr': 0.02, 'max_epochs': 32, 'module__n_features': 20, 'module__n_neurons': 16, 'module__nonlin': Tanh()}
2024-05-29 18:27:49,440 0.844060 (0.018606) with: {'batch_size': 16, 'lr': 0.02, 'max_epochs': 32, 'module__n_features': 20, 'module__n_neurons': 16, 'module__nonlin': ReLU()}
2024-05-29 18:27:49,440 0.845655 (0.017470) with: {'batch_size': 16, 'lr': 0.02, 'max_epochs': 32, 'module__n_features': 20, 'module__n_neurons': 32, 'module__nonlin': Tanh()}
2024-05-29 18:27:49,440 0.849313 (0.021875) with: {'batch_size': 16, 'lr': 0.02, 'max_epochs': 32, 'module__n_features': 20, 'module__n_neurons': 32, 'module__nonlin': ReLU()}
2024-05-29 18:27:49,440 0.845811 (0.017653) with: {'batch_size': 16, 'lr': 0.02, 'max_epochs': 32, 'module__n_features': 20, 'module__n_neurons': 64, 'module__nonlin': Tanh()}
2024-05-29 18:27:49,440 0.856096 (0.014412) with: {'batch_size': 16, 'lr': 0.02, 'max_epochs': 32, 'module__n_features': 20, 'module__n_neurons': 64, 'module__nonlin': ReLU()}
2024-05-29 18:27:49,440 0.845780 (0.018435) with: {'batch_size': 16, 'lr': 0.02, 'max_epochs': 32, 'module__n_features': 20, 'module__n_neurons': 128, 'module__nonlin': Tanh()}
2024-05-29 18:27:49,440 0.862881 (0.019502) with: {'batch_size': 16, 'lr': 0.02, 'max_epochs': 32, 'module__n_features': 20, 'module__n_neurons': 128, 'module__nonlin': ReLU()}
2024-05-29 18:27:49,440 0.845217 (0.018389) with: {'batch_size': 16, 'lr': 0.02, 'max_epochs': 32, 'module__n_features': 20, 'module__n_neurons': 256, 'module__nonlin': Tanh()}
2024-05-29 18:27:49,440 0.863225 (0.017910) with: {'batch_size': 16, 'lr': 0.02, 'max_epochs': 32, 'module__n_features': 20, 'module__n_neurons': 256, 'module__nonlin': ReLU()}
2024-05-29 18:27:49,440 0.848594 (0.018322) with: {'batch_size': 16, 'lr': 0.02, 'max_epochs': 64, 'module__n_features': 20, 'module__n_neurons': 16, 'module__nonlin': Tanh()}
2024-05-29 18:27:49,440 0.851563 (0.015141) with: {'batch_size': 16, 'lr': 0.02, 'max_epochs': 64, 'module__n_features': 20, 'module__n_neurons': 16, 'module__nonlin': ReLU()}
2024-05-29 18:27:49,440 0.849094 (0.017760) with: {'batch_size': 16, 'lr': 0.02, 'max_epochs': 64, 'module__n_features': 20, 'module__n_neurons': 32, 'module__nonlin': Tanh()}
2024-05-29 18:27:49,440 0.858317 (0.017809) with: {'batch_size': 16, 'lr': 0.02, 'max_epochs': 64, 'module__n_features': 20, 'module__n_neurons': 32, 'module__nonlin': ReLU()}
2024-05-29 18:27:49,440 0.847499 (0.018877) with: {'batch_size': 16, 'lr': 0.02, 'max_epochs': 64, 'module__n_features': 20, 'module__n_neurons': 64, 'module__nonlin': Tanh()}
2024-05-29 18:27:49,440 0.870009 (0.019338) with: {'batch_size': 16, 'lr': 0.02, 'max_epochs': 64, 'module__n_features': 20, 'module__n_neurons': 64, 'module__nonlin': ReLU()}
2024-05-29 18:27:49,440 0.847437 (0.017934) with: {'batch_size': 16, 'lr': 0.02, 'max_epochs': 64, 'module__n_features': 20, 'module__n_neurons': 128, 'module__nonlin': Tanh()}
2024-05-29 18:27:49,441 0.884079 (0.020486) with: {'batch_size': 16, 'lr': 0.02, 'max_epochs': 64, 'module__n_features': 20, 'module__n_neurons': 128, 'module__nonlin': ReLU()}
2024-05-29 18:27:49,441 0.847437 (0.018361) with: {'batch_size': 16, 'lr': 0.02, 'max_epochs': 64, 'module__n_features': 20, 'module__n_neurons': 256, 'module__nonlin': Tanh()}
2024-05-29 18:27:49,441 0.893459 (0.025455) with: {'batch_size': 16, 'lr': 0.02, 'max_epochs': 64, 'module__n_features': 20, 'module__n_neurons': 256, 'module__nonlin': ReLU()}
2024-05-29 18:27:49,441 0.866133 (0.018224) with: {'batch_size': 16, 'lr': 0.02, 'max_epochs': 128, 'module__n_features': 20, 'module__n_neurons': 16, 'module__nonlin': Tanh()}
2024-05-29 18:27:49,441 0.856160 (0.018424) with: {'batch_size': 16, 'lr': 0.02, 'max_epochs': 128, 'module__n_features': 20, 'module__n_neurons': 16, 'module__nonlin': ReLU()}
2024-05-29 18:27:49,441 0.870291 (0.020979) with: {'batch_size': 16, 'lr': 0.02, 'max_epochs': 128, 'module__n_features': 20, 'module__n_neurons': 32, 'module__nonlin': Tanh()}
2024-05-29 18:27:49,441 0.866758 (0.023161) with: {'batch_size': 16, 'lr': 0.02, 'max_epochs': 128, 'module__n_features': 20, 'module__n_neurons': 32, 'module__nonlin': ReLU()}
2024-05-29 18:27:49,441 0.870198 (0.025371) with: {'batch_size': 16, 'lr': 0.02, 'max_epochs': 128, 'module__n_features': 20, 'module__n_neurons': 64, 'module__nonlin': Tanh()}
2024-05-29 18:27:49,441 0.878638 (0.018354) with: {'batch_size': 16, 'lr': 0.02, 'max_epochs': 128, 'module__n_features': 20, 'module__n_neurons': 64, 'module__nonlin': ReLU()}
2024-05-29 18:27:49,441 0.868916 (0.025544) with: {'batch_size': 16, 'lr': 0.02, 'max_epochs': 128, 'module__n_features': 20, 'module__n_neurons': 128, 'module__nonlin': Tanh()}
2024-05-29 18:27:49,441 0.900958 (0.016963) with: {'batch_size': 16, 'lr': 0.02, 'max_epochs': 128, 'module__n_features': 20, 'module__n_neurons': 128, 'module__nonlin': ReLU()}
2024-05-29 18:27:49,441 0.868916 (0.026146) with: {'batch_size': 16, 'lr': 0.02, 'max_epochs': 128, 'module__n_features': 20, 'module__n_neurons': 256, 'module__nonlin': Tanh()}
2024-05-29 18:27:49,441 0.900426 (0.013849) with: {'batch_size': 16, 'lr': 0.02, 'max_epochs': 128, 'module__n_features': 20, 'module__n_neurons': 256, 'module__nonlin': ReLU()}
2024-05-29 18:27:49,441 0.763558 (0.081343) with: {'batch_size': 32, 'lr': 0.001, 'max_epochs': 16, 'module__n_features': 20, 'module__n_neurons': 16, 'module__nonlin': Tanh()}
2024-05-29 18:27:49,441 0.742383 (0.068103) with: {'batch_size': 32, 'lr': 0.001, 'max_epochs': 16, 'module__n_features': 20, 'module__n_neurons': 16, 'module__nonlin': ReLU()}
2024-05-29 18:27:49,441 0.784250 (0.029276) with: {'batch_size': 32, 'lr': 0.001, 'max_epochs': 16, 'module__n_features': 20, 'module__n_neurons': 32, 'module__nonlin': Tanh()}
2024-05-29 18:27:49,441 0.773814 (0.057379) with: {'batch_size': 32, 'lr': 0.001, 'max_epochs': 16, 'module__n_features': 20, 'module__n_neurons': 32, 'module__nonlin': ReLU()}
2024-05-29 18:27:49,441 0.813048 (0.035727) with: {'batch_size': 32, 'lr': 0.001, 'max_epochs': 16, 'module__n_features': 20, 'module__n_neurons': 64, 'module__nonlin': Tanh()}
2024-05-29 18:27:49,441 0.800289 (0.021561) with: {'batch_size': 32, 'lr': 0.001, 'max_epochs': 16, 'module__n_features': 20, 'module__n_neurons': 64, 'module__nonlin': ReLU()}
2024-05-29 18:27:49,441 0.843688 (0.028318) with: {'batch_size': 32, 'lr': 0.001, 'max_epochs': 16, 'module__n_features': 20, 'module__n_neurons': 128, 'module__nonlin': Tanh()}
2024-05-29 18:27:49,441 0.811859 (0.031648) with: {'batch_size': 32, 'lr': 0.001, 'max_epochs': 16, 'module__n_features': 20, 'module__n_neurons': 128, 'module__nonlin': ReLU()}
2024-05-29 18:27:49,441 0.830244 (0.033927) with: {'batch_size': 32, 'lr': 0.001, 'max_epochs': 16, 'module__n_features': 20, 'module__n_neurons': 256, 'module__nonlin': Tanh()}
2024-05-29 18:27:49,441 0.818958 (0.038859) with: {'batch_size': 32, 'lr': 0.001, 'max_epochs': 16, 'module__n_features': 20, 'module__n_neurons': 256, 'module__nonlin': ReLU()}
2024-05-29 18:27:49,441 0.814390 (0.031953) with: {'batch_size': 32, 'lr': 0.001, 'max_epochs': 32, 'module__n_features': 20, 'module__n_neurons': 16, 'module__nonlin': Tanh()}
2024-05-29 18:27:49,441 0.787002 (0.054532) with: {'batch_size': 32, 'lr': 0.001, 'max_epochs': 32, 'module__n_features': 20, 'module__n_neurons': 16, 'module__nonlin': ReLU()}
2024-05-29 18:27:49,441 0.822458 (0.027594) with: {'batch_size': 32, 'lr': 0.001, 'max_epochs': 32, 'module__n_features': 20, 'module__n_neurons': 32, 'module__nonlin': Tanh()}
2024-05-29 18:27:49,441 0.815980 (0.036095) with: {'batch_size': 32, 'lr': 0.001, 'max_epochs': 32, 'module__n_features': 20, 'module__n_neurons': 32, 'module__nonlin': ReLU()}
2024-05-29 18:27:49,441 0.837061 (0.034720) with: {'batch_size': 32, 'lr': 0.001, 'max_epochs': 32, 'module__n_features': 20, 'module__n_neurons': 64, 'module__nonlin': Tanh()}
2024-05-29 18:27:49,441 0.830556 (0.027850) with: {'batch_size': 32, 'lr': 0.001, 'max_epochs': 32, 'module__n_features': 20, 'module__n_neurons': 64, 'module__nonlin': ReLU()}
2024-05-29 18:27:49,441 0.838843 (0.035908) with: {'batch_size': 32, 'lr': 0.001, 'max_epochs': 32, 'module__n_features': 20, 'module__n_neurons': 128, 'module__nonlin': Tanh()}
2024-05-29 18:27:49,442 0.833965 (0.030040) with: {'batch_size': 32, 'lr': 0.001, 'max_epochs': 32, 'module__n_features': 20, 'module__n_neurons': 128, 'module__nonlin': ReLU()}
2024-05-29 18:27:49,442 0.844125 (0.028048) with: {'batch_size': 32, 'lr': 0.001, 'max_epochs': 32, 'module__n_features': 20, 'module__n_neurons': 256, 'module__nonlin': Tanh()}
2024-05-29 18:27:49,442 0.839968 (0.030276) with: {'batch_size': 32, 'lr': 0.001, 'max_epochs': 32, 'module__n_features': 20, 'module__n_neurons': 256, 'module__nonlin': ReLU()}
2024-05-29 18:27:49,442 0.837372 (0.029448) with: {'batch_size': 32, 'lr': 0.001, 'max_epochs': 64, 'module__n_features': 20, 'module__n_neurons': 16, 'module__nonlin': Tanh()}
2024-05-29 18:27:49,442 0.822397 (0.032405) with: {'batch_size': 32, 'lr': 0.001, 'max_epochs': 64, 'module__n_features': 20, 'module__n_neurons': 16, 'module__nonlin': ReLU()}
2024-05-29 18:27:49,442 0.829024 (0.029157) with: {'batch_size': 32, 'lr': 0.001, 'max_epochs': 64, 'module__n_features': 20, 'module__n_neurons': 32, 'module__nonlin': Tanh()}
2024-05-29 18:27:49,442 0.821083 (0.031843) with: {'batch_size': 32, 'lr': 0.001, 'max_epochs': 64, 'module__n_features': 20, 'module__n_neurons': 32, 'module__nonlin': ReLU()}
2024-05-29 18:27:49,442 0.841061 (0.026764) with: {'batch_size': 32, 'lr': 0.001, 'max_epochs': 64, 'module__n_features': 20, 'module__n_neurons': 64, 'module__nonlin': Tanh()}
2024-05-29 18:27:49,442 0.845126 (0.029360) with: {'batch_size': 32, 'lr': 0.001, 'max_epochs': 64, 'module__n_features': 20, 'module__n_neurons': 64, 'module__nonlin': ReLU()}
2024-05-29 18:27:49,442 0.841499 (0.026204) with: {'batch_size': 32, 'lr': 0.001, 'max_epochs': 64, 'module__n_features': 20, 'module__n_neurons': 128, 'module__nonlin': Tanh()}
2024-05-29 18:27:49,442 0.842843 (0.029398) with: {'batch_size': 32, 'lr': 0.001, 'max_epochs': 64, 'module__n_features': 20, 'module__n_neurons': 128, 'module__nonlin': ReLU()}
2024-05-29 18:27:49,442 0.846625 (0.022046) with: {'batch_size': 32, 'lr': 0.001, 'max_epochs': 64, 'module__n_features': 20, 'module__n_neurons': 256, 'module__nonlin': Tanh()}
2024-05-29 18:27:49,442 0.847064 (0.025395) with: {'batch_size': 32, 'lr': 0.001, 'max_epochs': 64, 'module__n_features': 20, 'module__n_neurons': 256, 'module__nonlin': ReLU()}
2024-05-29 18:27:49,442 0.843531 (0.027092) with: {'batch_size': 32, 'lr': 0.001, 'max_epochs': 128, 'module__n_features': 20, 'module__n_neurons': 16, 'module__nonlin': Tanh()}
2024-05-29 18:27:49,442 0.841499 (0.028393) with: {'batch_size': 32, 'lr': 0.001, 'max_epochs': 128, 'module__n_features': 20, 'module__n_neurons': 16, 'module__nonlin': ReLU()}
2024-05-29 18:27:49,442 0.844812 (0.024736) with: {'batch_size': 32, 'lr': 0.001, 'max_epochs': 128, 'module__n_features': 20, 'module__n_neurons': 32, 'module__nonlin': Tanh()}
2024-05-29 18:27:49,442 0.846189 (0.030504) with: {'batch_size': 32, 'lr': 0.001, 'max_epochs': 128, 'module__n_features': 20, 'module__n_neurons': 32, 'module__nonlin': ReLU()}
2024-05-29 18:27:49,442 0.846219 (0.021642) with: {'batch_size': 32, 'lr': 0.001, 'max_epochs': 128, 'module__n_features': 20, 'module__n_neurons': 64, 'module__nonlin': Tanh()}
2024-05-29 18:27:49,442 0.848001 (0.024175) with: {'batch_size': 32, 'lr': 0.001, 'max_epochs': 128, 'module__n_features': 20, 'module__n_neurons': 64, 'module__nonlin': ReLU()}
2024-05-29 18:27:49,442 0.845968 (0.019310) with: {'batch_size': 32, 'lr': 0.001, 'max_epochs': 128, 'module__n_features': 20, 'module__n_neurons': 128, 'module__nonlin': Tanh()}
2024-05-29 18:27:49,442 0.850346 (0.022086) with: {'batch_size': 32, 'lr': 0.001, 'max_epochs': 128, 'module__n_features': 20, 'module__n_neurons': 128, 'module__nonlin': ReLU()}
2024-05-29 18:27:49,442 0.845749 (0.017951) with: {'batch_size': 32, 'lr': 0.001, 'max_epochs': 128, 'module__n_features': 20, 'module__n_neurons': 256, 'module__nonlin': Tanh()}
2024-05-29 18:27:49,442 0.855410 (0.020572) with: {'batch_size': 32, 'lr': 0.001, 'max_epochs': 128, 'module__n_features': 20, 'module__n_neurons': 256, 'module__nonlin': ReLU()}
2024-05-29 18:27:49,442 0.844345 (0.030176) with: {'batch_size': 32, 'lr': 0.01, 'max_epochs': 16, 'module__n_features': 20, 'module__n_neurons': 16, 'module__nonlin': Tanh()}
2024-05-29 18:27:49,442 0.834434 (0.035607) with: {'batch_size': 32, 'lr': 0.01, 'max_epochs': 16, 'module__n_features': 20, 'module__n_neurons': 16, 'module__nonlin': ReLU()}
2024-05-29 18:27:49,442 0.844719 (0.025811) with: {'batch_size': 32, 'lr': 0.01, 'max_epochs': 16, 'module__n_features': 20, 'module__n_neurons': 32, 'module__nonlin': Tanh()}
2024-05-29 18:27:49,442 0.840906 (0.036528) with: {'batch_size': 32, 'lr': 0.01, 'max_epochs': 16, 'module__n_features': 20, 'module__n_neurons': 32, 'module__nonlin': ReLU()}
2024-05-29 18:27:49,442 0.844656 (0.024507) with: {'batch_size': 32, 'lr': 0.01, 'max_epochs': 16, 'module__n_features': 20, 'module__n_neurons': 64, 'module__nonlin': Tanh()}
2024-05-29 18:27:49,443 0.843125 (0.030018) with: {'batch_size': 32, 'lr': 0.01, 'max_epochs': 16, 'module__n_features': 20, 'module__n_neurons': 64, 'module__nonlin': ReLU()}
2024-05-29 18:27:49,443 0.846750 (0.020825) with: {'batch_size': 32, 'lr': 0.01, 'max_epochs': 16, 'module__n_features': 20, 'module__n_neurons': 128, 'module__nonlin': Tanh()}
2024-05-29 18:27:49,443 0.848970 (0.024453) with: {'batch_size': 32, 'lr': 0.01, 'max_epochs': 16, 'module__n_features': 20, 'module__n_neurons': 128, 'module__nonlin': ReLU()}
2024-05-29 18:27:49,443 0.845374 (0.018662) with: {'batch_size': 32, 'lr': 0.01, 'max_epochs': 16, 'module__n_features': 20, 'module__n_neurons': 256, 'module__nonlin': Tanh()}
2024-05-29 18:27:49,443 0.853034 (0.022229) with: {'batch_size': 32, 'lr': 0.01, 'max_epochs': 16, 'module__n_features': 20, 'module__n_neurons': 256, 'module__nonlin': ReLU()}
2024-05-29 18:27:49,443 0.844249 (0.021099) with: {'batch_size': 32, 'lr': 0.01, 'max_epochs': 32, 'module__n_features': 20, 'module__n_neurons': 16, 'module__nonlin': Tanh()}
2024-05-29 18:27:49,443 0.844875 (0.025948) with: {'batch_size': 32, 'lr': 0.01, 'max_epochs': 32, 'module__n_features': 20, 'module__n_neurons': 16, 'module__nonlin': ReLU()}
2024-05-29 18:27:49,443 0.846875 (0.019431) with: {'batch_size': 32, 'lr': 0.01, 'max_epochs': 32, 'module__n_features': 20, 'module__n_neurons': 32, 'module__nonlin': Tanh()}
2024-05-29 18:27:49,443 0.845718 (0.021142) with: {'batch_size': 32, 'lr': 0.01, 'max_epochs': 32, 'module__n_features': 20, 'module__n_neurons': 32, 'module__nonlin': ReLU()}
2024-05-29 18:27:49,443 0.846280 (0.016759) with: {'batch_size': 32, 'lr': 0.01, 'max_epochs': 32, 'module__n_features': 20, 'module__n_neurons': 64, 'module__nonlin': Tanh()}
2024-05-29 18:27:49,443 0.849751 (0.021527) with: {'batch_size': 32, 'lr': 0.01, 'max_epochs': 32, 'module__n_features': 20, 'module__n_neurons': 64, 'module__nonlin': ReLU()}
2024-05-29 18:27:49,443 0.845498 (0.017432) with: {'batch_size': 32, 'lr': 0.01, 'max_epochs': 32, 'module__n_features': 20, 'module__n_neurons': 128, 'module__nonlin': Tanh()}
2024-05-29 18:27:49,443 0.854972 (0.018834) with: {'batch_size': 32, 'lr': 0.01, 'max_epochs': 32, 'module__n_features': 20, 'module__n_neurons': 128, 'module__nonlin': ReLU()}
2024-05-29 18:27:49,443 0.845029 (0.017711) with: {'batch_size': 32, 'lr': 0.01, 'max_epochs': 32, 'module__n_features': 20, 'module__n_neurons': 256, 'module__nonlin': Tanh()}
2024-05-29 18:27:49,443 0.862475 (0.018322) with: {'batch_size': 32, 'lr': 0.01, 'max_epochs': 32, 'module__n_features': 20, 'module__n_neurons': 256, 'module__nonlin': ReLU()}
2024-05-29 18:27:49,443 0.846217 (0.017482) with: {'batch_size': 32, 'lr': 0.01, 'max_epochs': 64, 'module__n_features': 20, 'module__n_neurons': 16, 'module__nonlin': Tanh()}
2024-05-29 18:27:49,443 0.850188 (0.017887) with: {'batch_size': 32, 'lr': 0.01, 'max_epochs': 64, 'module__n_features': 20, 'module__n_neurons': 16, 'module__nonlin': ReLU()}
2024-05-29 18:27:49,443 0.847218 (0.017717) with: {'batch_size': 32, 'lr': 0.01, 'max_epochs': 64, 'module__n_features': 20, 'module__n_neurons': 32, 'module__nonlin': Tanh()}
2024-05-29 18:27:49,443 0.850063 (0.016949) with: {'batch_size': 32, 'lr': 0.01, 'max_epochs': 64, 'module__n_features': 20, 'module__n_neurons': 32, 'module__nonlin': ReLU()}
2024-05-29 18:27:49,443 0.846468 (0.018673) with: {'batch_size': 32, 'lr': 0.01, 'max_epochs': 64, 'module__n_features': 20, 'module__n_neurons': 64, 'module__nonlin': Tanh()}
2024-05-29 18:27:49,443 0.860004 (0.016859) with: {'batch_size': 32, 'lr': 0.01, 'max_epochs': 64, 'module__n_features': 20, 'module__n_neurons': 64, 'module__nonlin': ReLU()}
2024-05-29 18:27:49,443 0.845748 (0.017125) with: {'batch_size': 32, 'lr': 0.01, 'max_epochs': 64, 'module__n_features': 20, 'module__n_neurons': 128, 'module__nonlin': Tanh()}
2024-05-29 18:27:49,443 0.869258 (0.017163) with: {'batch_size': 32, 'lr': 0.01, 'max_epochs': 64, 'module__n_features': 20, 'module__n_neurons': 128, 'module__nonlin': ReLU()}
2024-05-29 18:27:49,443 0.845373 (0.017610) with: {'batch_size': 32, 'lr': 0.01, 'max_epochs': 64, 'module__n_features': 20, 'module__n_neurons': 256, 'module__nonlin': Tanh()}
2024-05-29 18:27:49,444 0.891925 (0.023096) with: {'batch_size': 32, 'lr': 0.01, 'max_epochs': 64, 'module__n_features': 20, 'module__n_neurons': 256, 'module__nonlin': ReLU()}
2024-05-29 18:27:49,444 0.847655 (0.017407) with: {'batch_size': 32, 'lr': 0.01, 'max_epochs': 128, 'module__n_features': 20, 'module__n_neurons': 16, 'module__nonlin': Tanh()}
2024-05-29 18:27:49,444 0.854534 (0.020693) with: {'batch_size': 32, 'lr': 0.01, 'max_epochs': 128, 'module__n_features': 20, 'module__n_neurons': 16, 'module__nonlin': ReLU()}
2024-05-29 18:27:49,444 0.848156 (0.017788) with: {'batch_size': 32, 'lr': 0.01, 'max_epochs': 128, 'module__n_features': 20, 'module__n_neurons': 32, 'module__nonlin': Tanh()}
2024-05-29 18:27:49,444 0.866289 (0.022417) with: {'batch_size': 32, 'lr': 0.01, 'max_epochs': 128, 'module__n_features': 20, 'module__n_neurons': 32, 'module__nonlin': ReLU()}
2024-05-29 18:27:49,444 0.850970 (0.018036) with: {'batch_size': 32, 'lr': 0.01, 'max_epochs': 128, 'module__n_features': 20, 'module__n_neurons': 64, 'module__nonlin': Tanh()}
2024-05-29 18:27:49,444 0.882671 (0.020565) with: {'batch_size': 32, 'lr': 0.01, 'max_epochs': 128, 'module__n_features': 20, 'module__n_neurons': 64, 'module__nonlin': ReLU()}
2024-05-29 18:27:49,444 0.851314 (0.019064) with: {'batch_size': 32, 'lr': 0.01, 'max_epochs': 128, 'module__n_features': 20, 'module__n_neurons': 128, 'module__nonlin': Tanh()}
2024-05-29 18:27:49,444 0.902430 (0.022446) with: {'batch_size': 32, 'lr': 0.01, 'max_epochs': 128, 'module__n_features': 20, 'module__n_neurons': 128, 'module__nonlin': ReLU()}
2024-05-29 18:27:49,444 0.850938 (0.019483) with: {'batch_size': 32, 'lr': 0.01, 'max_epochs': 128, 'module__n_features': 20, 'module__n_neurons': 256, 'module__nonlin': Tanh()}
2024-05-29 18:27:49,444 0.908149 (0.011516) with: {'batch_size': 32, 'lr': 0.01, 'max_epochs': 128, 'module__n_features': 20, 'module__n_neurons': 256, 'module__nonlin': ReLU()}
2024-05-29 18:27:49,444 0.845124 (0.021858) with: {'batch_size': 32, 'lr': 0.02, 'max_epochs': 16, 'module__n_features': 20, 'module__n_neurons': 16, 'module__nonlin': Tanh()}
2024-05-29 18:27:49,444 0.845031 (0.024938) with: {'batch_size': 32, 'lr': 0.02, 'max_epochs': 16, 'module__n_features': 20, 'module__n_neurons': 16, 'module__nonlin': ReLU()}
2024-05-29 18:27:49,444 0.845468 (0.020429) with: {'batch_size': 32, 'lr': 0.02, 'max_epochs': 16, 'module__n_features': 20, 'module__n_neurons': 32, 'module__nonlin': Tanh()}
2024-05-29 18:27:49,444 0.845844 (0.023157) with: {'batch_size': 32, 'lr': 0.02, 'max_epochs': 16, 'module__n_features': 20, 'module__n_neurons': 32, 'module__nonlin': ReLU()}
2024-05-29 18:27:49,444 0.845624 (0.018734) with: {'batch_size': 32, 'lr': 0.02, 'max_epochs': 16, 'module__n_features': 20, 'module__n_neurons': 64, 'module__nonlin': Tanh()}
2024-05-29 18:27:49,444 0.849188 (0.020549) with: {'batch_size': 32, 'lr': 0.02, 'max_epochs': 16, 'module__n_features': 20, 'module__n_neurons': 64, 'module__nonlin': ReLU()}
2024-05-29 18:27:49,444 0.844404 (0.018778) with: {'batch_size': 32, 'lr': 0.02, 'max_epochs': 16, 'module__n_features': 20, 'module__n_neurons': 128, 'module__nonlin': Tanh()}
2024-05-29 18:27:49,444 0.850032 (0.020733) with: {'batch_size': 32, 'lr': 0.02, 'max_epochs': 16, 'module__n_features': 20, 'module__n_neurons': 128, 'module__nonlin': ReLU()}
2024-05-29 18:27:49,444 0.844248 (0.018595) with: {'batch_size': 32, 'lr': 0.02, 'max_epochs': 16, 'module__n_features': 20, 'module__n_neurons': 256, 'module__nonlin': Tanh()}
2024-05-29 18:27:49,444 0.852689 (0.017262) with: {'batch_size': 32, 'lr': 0.02, 'max_epochs': 16, 'module__n_features': 20, 'module__n_neurons': 256, 'module__nonlin': ReLU()}
2024-05-29 18:27:49,444 0.846686 (0.016695) with: {'batch_size': 32, 'lr': 0.02, 'max_epochs': 32, 'module__n_features': 20, 'module__n_neurons': 16, 'module__nonlin': Tanh()}
2024-05-29 18:27:49,444 0.847688 (0.020290) with: {'batch_size': 32, 'lr': 0.02, 'max_epochs': 32, 'module__n_features': 20, 'module__n_neurons': 16, 'module__nonlin': ReLU()}
2024-05-29 18:27:49,444 0.845592 (0.016855) with: {'batch_size': 32, 'lr': 0.02, 'max_epochs': 32, 'module__n_features': 20, 'module__n_neurons': 32, 'module__nonlin': Tanh()}
2024-05-29 18:27:49,444 0.847655 (0.016151) with: {'batch_size': 32, 'lr': 0.02, 'max_epochs': 32, 'module__n_features': 20, 'module__n_neurons': 32, 'module__nonlin': ReLU()}
2024-05-29 18:27:49,444 0.845217 (0.017583) with: {'batch_size': 32, 'lr': 0.02, 'max_epochs': 32, 'module__n_features': 20, 'module__n_neurons': 64, 'module__nonlin': Tanh()}
2024-05-29 18:27:49,444 0.853596 (0.020233) with: {'batch_size': 32, 'lr': 0.02, 'max_epochs': 32, 'module__n_features': 20, 'module__n_neurons': 64, 'module__nonlin': ReLU()}
2024-05-29 18:27:49,444 0.844873 (0.018420) with: {'batch_size': 32, 'lr': 0.02, 'max_epochs': 32, 'module__n_features': 20, 'module__n_neurons': 128, 'module__nonlin': Tanh()}
2024-05-29 18:27:49,444 0.859004 (0.016417) with: {'batch_size': 32, 'lr': 0.02, 'max_epochs': 32, 'module__n_features': 20, 'module__n_neurons': 128, 'module__nonlin': ReLU()}
2024-05-29 18:27:49,445 0.844904 (0.018141) with: {'batch_size': 32, 'lr': 0.02, 'max_epochs': 32, 'module__n_features': 20, 'module__n_neurons': 256, 'module__nonlin': Tanh()}
2024-05-29 18:27:49,445 0.876293 (0.018635) with: {'batch_size': 32, 'lr': 0.02, 'max_epochs': 32, 'module__n_features': 20, 'module__n_neurons': 256, 'module__nonlin': ReLU()}
2024-05-29 18:27:49,445 0.847343 (0.018058) with: {'batch_size': 32, 'lr': 0.02, 'max_epochs': 64, 'module__n_features': 20, 'module__n_neurons': 16, 'module__nonlin': Tanh()}
2024-05-29 18:27:49,445 0.853877 (0.016271) with: {'batch_size': 32, 'lr': 0.02, 'max_epochs': 64, 'module__n_features': 20, 'module__n_neurons': 16, 'module__nonlin': ReLU()}
2024-05-29 18:27:49,445 0.849469 (0.018524) with: {'batch_size': 32, 'lr': 0.02, 'max_epochs': 64, 'module__n_features': 20, 'module__n_neurons': 32, 'module__nonlin': Tanh()}
2024-05-29 18:27:49,445 0.859504 (0.017166) with: {'batch_size': 32, 'lr': 0.02, 'max_epochs': 64, 'module__n_features': 20, 'module__n_neurons': 32, 'module__nonlin': ReLU()}
2024-05-29 18:27:49,445 0.847625 (0.018675) with: {'batch_size': 32, 'lr': 0.02, 'max_epochs': 64, 'module__n_features': 20, 'module__n_neurons': 64, 'module__nonlin': Tanh()}
2024-05-29 18:27:49,445 0.868258 (0.017971) with: {'batch_size': 32, 'lr': 0.02, 'max_epochs': 64, 'module__n_features': 20, 'module__n_neurons': 64, 'module__nonlin': ReLU()}
2024-05-29 18:27:49,445 0.847843 (0.018222) with: {'batch_size': 32, 'lr': 0.02, 'max_epochs': 64, 'module__n_features': 20, 'module__n_neurons': 128, 'module__nonlin': Tanh()}
2024-05-29 18:27:49,445 0.887298 (0.024431) with: {'batch_size': 32, 'lr': 0.02, 'max_epochs': 64, 'module__n_features': 20, 'module__n_neurons': 128, 'module__nonlin': ReLU()}
2024-05-29 18:27:49,445 0.847750 (0.018865) with: {'batch_size': 32, 'lr': 0.02, 'max_epochs': 64, 'module__n_features': 20, 'module__n_neurons': 256, 'module__nonlin': Tanh()}
2024-05-29 18:27:49,445 0.899741 (0.019942) with: {'batch_size': 32, 'lr': 0.02, 'max_epochs': 64, 'module__n_features': 20, 'module__n_neurons': 256, 'module__nonlin': ReLU()}
2024-05-29 18:27:49,445 0.872823 (0.019756) with: {'batch_size': 32, 'lr': 0.02, 'max_epochs': 128, 'module__n_features': 20, 'module__n_neurons': 16, 'module__nonlin': Tanh()}
2024-05-29 18:27:49,445 0.864226 (0.020878) with: {'batch_size': 32, 'lr': 0.02, 'max_epochs': 128, 'module__n_features': 20, 'module__n_neurons': 16, 'module__nonlin': ReLU()}
2024-05-29 18:27:49,445 0.877420 (0.029753) with: {'batch_size': 32, 'lr': 0.02, 'max_epochs': 128, 'module__n_features': 20, 'module__n_neurons': 32, 'module__nonlin': Tanh()}
2024-05-29 18:27:49,445 0.864695 (0.016563) with: {'batch_size': 32, 'lr': 0.02, 'max_epochs': 128, 'module__n_features': 20, 'module__n_neurons': 32, 'module__nonlin': ReLU()}
2024-05-29 18:27:49,445 0.878920 (0.025168) with: {'batch_size': 32, 'lr': 0.02, 'max_epochs': 128, 'module__n_features': 20, 'module__n_neurons': 64, 'module__nonlin': Tanh()}
2024-05-29 18:27:49,445 0.893800 (0.021092) with: {'batch_size': 32, 'lr': 0.02, 'max_epochs': 128, 'module__n_features': 20, 'module__n_neurons': 64, 'module__nonlin': ReLU()}
2024-05-29 18:27:49,445 0.882610 (0.028478) with: {'batch_size': 32, 'lr': 0.02, 'max_epochs': 128, 'module__n_features': 20, 'module__n_neurons': 128, 'module__nonlin': Tanh()}
2024-05-29 18:27:49,445 0.900302 (0.015726) with: {'batch_size': 32, 'lr': 0.02, 'max_epochs': 128, 'module__n_features': 20, 'module__n_neurons': 128, 'module__nonlin': ReLU()}
2024-05-29 18:27:49,446 0.878045 (0.029443) with: {'batch_size': 32, 'lr': 0.02, 'max_epochs': 128, 'module__n_features': 20, 'module__n_neurons': 256, 'module__nonlin': Tanh()}
2024-05-29 18:27:49,446 0.904303 (0.019873) with: {'batch_size': 32, 'lr': 0.02, 'max_epochs': 128, 'module__n_features': 20, 'module__n_neurons': 256, 'module__nonlin': ReLU()}
2024-05-29 18:27:49,446 0.751051 (0.033800) with: {'batch_size': 64, 'lr': 0.001, 'max_epochs': 16, 'module__n_features': 20, 'module__n_neurons': 16, 'module__nonlin': Tanh()}
2024-05-29 18:27:49,446 0.709444 (0.052976) with: {'batch_size': 64, 'lr': 0.001, 'max_epochs': 16, 'module__n_features': 20, 'module__n_neurons': 16, 'module__nonlin': ReLU()}
2024-05-29 18:27:49,446 0.764808 (0.041885) with: {'batch_size': 64, 'lr': 0.001, 'max_epochs': 16, 'module__n_features': 20, 'module__n_neurons': 32, 'module__nonlin': Tanh()}
2024-05-29 18:27:49,446 0.790038 (0.029974) with: {'batch_size': 64, 'lr': 0.001, 'max_epochs': 16, 'module__n_features': 20, 'module__n_neurons': 32, 'module__nonlin': ReLU()}
2024-05-29 18:27:49,446 0.813112 (0.027980) with: {'batch_size': 64, 'lr': 0.001, 'max_epochs': 16, 'module__n_features': 20, 'module__n_neurons': 64, 'module__nonlin': Tanh()}
2024-05-29 18:27:49,446 0.782285 (0.039563) with: {'batch_size': 64, 'lr': 0.001, 'max_epochs': 16, 'module__n_features': 20, 'module__n_neurons': 64, 'module__nonlin': ReLU()}
2024-05-29 18:27:49,446 0.829711 (0.021273) with: {'batch_size': 64, 'lr': 0.001, 'max_epochs': 16, 'module__n_features': 20, 'module__n_neurons': 128, 'module__nonlin': Tanh()}
2024-05-29 18:27:49,446 0.817864 (0.035996) with: {'batch_size': 64, 'lr': 0.001, 'max_epochs': 16, 'module__n_features': 20, 'module__n_neurons': 128, 'module__nonlin': ReLU()}
2024-05-29 18:27:49,446 0.825837 (0.034830) with: {'batch_size': 64, 'lr': 0.001, 'max_epochs': 16, 'module__n_features': 20, 'module__n_neurons': 256, 'module__nonlin': Tanh()}
2024-05-29 18:27:49,446 0.832431 (0.024810) with: {'batch_size': 64, 'lr': 0.001, 'max_epochs': 16, 'module__n_features': 20, 'module__n_neurons': 256, 'module__nonlin': ReLU()}
2024-05-29 18:27:49,446 0.781034 (0.045596) with: {'batch_size': 64, 'lr': 0.001, 'max_epochs': 32, 'module__n_features': 20, 'module__n_neurons': 16, 'module__nonlin': Tanh()}
2024-05-29 18:27:49,446 0.761812 (0.076788) with: {'batch_size': 64, 'lr': 0.001, 'max_epochs': 32, 'module__n_features': 20, 'module__n_neurons': 16, 'module__nonlin': ReLU()}
2024-05-29 18:27:49,446 0.800826 (0.034802) with: {'batch_size': 64, 'lr': 0.001, 'max_epochs': 32, 'module__n_features': 20, 'module__n_neurons': 32, 'module__nonlin': Tanh()}
2024-05-29 18:27:49,446 0.795537 (0.028105) with: {'batch_size': 64, 'lr': 0.001, 'max_epochs': 32, 'module__n_features': 20, 'module__n_neurons': 32, 'module__nonlin': ReLU()}
2024-05-29 18:27:49,446 0.819459 (0.035289) with: {'batch_size': 64, 'lr': 0.001, 'max_epochs': 32, 'module__n_features': 20, 'module__n_neurons': 64, 'module__nonlin': Tanh()}
2024-05-29 18:27:49,446 0.812674 (0.048461) with: {'batch_size': 64, 'lr': 0.001, 'max_epochs': 32, 'module__n_features': 20, 'module__n_neurons': 64, 'module__nonlin': ReLU()}
2024-05-29 18:27:49,446 0.817425 (0.036189) with: {'batch_size': 64, 'lr': 0.001, 'max_epochs': 32, 'module__n_features': 20, 'module__n_neurons': 128, 'module__nonlin': Tanh()}
2024-05-29 18:27:49,446 0.817302 (0.039619) with: {'batch_size': 64, 'lr': 0.001, 'max_epochs': 32, 'module__n_features': 20, 'module__n_neurons': 128, 'module__nonlin': ReLU()}
2024-05-29 18:27:49,446 0.833496 (0.033292) with: {'batch_size': 64, 'lr': 0.001, 'max_epochs': 32, 'module__n_features': 20, 'module__n_neurons': 256, 'module__nonlin': Tanh()}
2024-05-29 18:27:49,446 0.829556 (0.036030) with: {'batch_size': 64, 'lr': 0.001, 'max_epochs': 32, 'module__n_features': 20, 'module__n_neurons': 256, 'module__nonlin': ReLU()}
2024-05-29 18:27:49,446 0.816334 (0.045631) with: {'batch_size': 64, 'lr': 0.001, 'max_epochs': 64, 'module__n_features': 20, 'module__n_neurons': 16, 'module__nonlin': Tanh()}
2024-05-29 18:27:49,446 0.796259 (0.050220) with: {'batch_size': 64, 'lr': 0.001, 'max_epochs': 64, 'module__n_features': 20, 'module__n_neurons': 16, 'module__nonlin': ReLU()}
2024-05-29 18:27:49,446 0.829023 (0.026639) with: {'batch_size': 64, 'lr': 0.001, 'max_epochs': 64, 'module__n_features': 20, 'module__n_neurons': 32, 'module__nonlin': Tanh()}
2024-05-29 18:27:49,446 0.824616 (0.033810) with: {'batch_size': 64, 'lr': 0.001, 'max_epochs': 64, 'module__n_features': 20, 'module__n_neurons': 32, 'module__nonlin': ReLU()}
2024-05-29 18:27:49,446 0.839029 (0.029037) with: {'batch_size': 64, 'lr': 0.001, 'max_epochs': 64, 'module__n_features': 20, 'module__n_neurons': 64, 'module__nonlin': Tanh()}
2024-05-29 18:27:49,446 0.827337 (0.039292) with: {'batch_size': 64, 'lr': 0.001, 'max_epochs': 64, 'module__n_features': 20, 'module__n_neurons': 64, 'module__nonlin': ReLU()}
2024-05-29 18:27:49,446 0.840124 (0.033389) with: {'batch_size': 64, 'lr': 0.001, 'max_epochs': 64, 'module__n_features': 20, 'module__n_neurons': 128, 'module__nonlin': Tanh()}
2024-05-29 18:27:49,446 0.836028 (0.034731) with: {'batch_size': 64, 'lr': 0.001, 'max_epochs': 64, 'module__n_features': 20, 'module__n_neurons': 128, 'module__nonlin': ReLU()}
2024-05-29 18:27:49,446 0.841686 (0.024694) with: {'batch_size': 64, 'lr': 0.001, 'max_epochs': 64, 'module__n_features': 20, 'module__n_neurons': 256, 'module__nonlin': Tanh()}
2024-05-29 18:27:49,447 0.842313 (0.034799) with: {'batch_size': 64, 'lr': 0.001, 'max_epochs': 64, 'module__n_features': 20, 'module__n_neurons': 256, 'module__nonlin': ReLU()}
2024-05-29 18:27:49,447 0.833870 (0.032666) with: {'batch_size': 64, 'lr': 0.001, 'max_epochs': 128, 'module__n_features': 20, 'module__n_neurons': 16, 'module__nonlin': Tanh()}
2024-05-29 18:27:49,447 0.825742 (0.033081) with: {'batch_size': 64, 'lr': 0.001, 'max_epochs': 128, 'module__n_features': 20, 'module__n_neurons': 16, 'module__nonlin': ReLU()}
2024-05-29 18:27:49,447 0.841342 (0.028293) with: {'batch_size': 64, 'lr': 0.001, 'max_epochs': 128, 'module__n_features': 20, 'module__n_neurons': 32, 'module__nonlin': Tanh()}
2024-05-29 18:27:49,447 0.839904 (0.028439) with: {'batch_size': 64, 'lr': 0.001, 'max_epochs': 128, 'module__n_features': 20, 'module__n_neurons': 32, 'module__nonlin': ReLU()}
2024-05-29 18:27:49,447 0.844093 (0.023757) with: {'batch_size': 64, 'lr': 0.001, 'max_epochs': 128, 'module__n_features': 20, 'module__n_neurons': 64, 'module__nonlin': Tanh()}
2024-05-29 18:27:49,447 0.843844 (0.029477) with: {'batch_size': 64, 'lr': 0.001, 'max_epochs': 128, 'module__n_features': 20, 'module__n_neurons': 64, 'module__nonlin': ReLU()}
2024-05-29 18:27:49,447 0.844718 (0.022070) with: {'batch_size': 64, 'lr': 0.001, 'max_epochs': 128, 'module__n_features': 20, 'module__n_neurons': 128, 'module__nonlin': Tanh()}
2024-05-29 18:27:49,447 0.846782 (0.025104) with: {'batch_size': 64, 'lr': 0.001, 'max_epochs': 128, 'module__n_features': 20, 'module__n_neurons': 128, 'module__nonlin': ReLU()}
2024-05-29 18:27:49,447 0.844936 (0.018155) with: {'batch_size': 64, 'lr': 0.001, 'max_epochs': 128, 'module__n_features': 20, 'module__n_neurons': 256, 'module__nonlin': Tanh()}
2024-05-29 18:27:49,447 0.849907 (0.021739) with: {'batch_size': 64, 'lr': 0.001, 'max_epochs': 128, 'module__n_features': 20, 'module__n_neurons': 256, 'module__nonlin': ReLU()}
2024-05-29 18:27:49,447 0.834621 (0.030815) with: {'batch_size': 64, 'lr': 0.01, 'max_epochs': 16, 'module__n_features': 20, 'module__n_neurons': 16, 'module__nonlin': Tanh()}
2024-05-29 18:27:49,447 0.823929 (0.037055) with: {'batch_size': 64, 'lr': 0.01, 'max_epochs': 16, 'module__n_features': 20, 'module__n_neurons': 16, 'module__nonlin': ReLU()}
2024-05-29 18:27:49,447 0.841405 (0.030387) with: {'batch_size': 64, 'lr': 0.01, 'max_epochs': 16, 'module__n_features': 20, 'module__n_neurons': 32, 'module__nonlin': Tanh()}
2024-05-29 18:27:49,447 0.836747 (0.031805) with: {'batch_size': 64, 'lr': 0.01, 'max_epochs': 16, 'module__n_features': 20, 'module__n_neurons': 32, 'module__nonlin': ReLU()}
2024-05-29 18:27:49,447 0.842530 (0.026274) with: {'batch_size': 64, 'lr': 0.01, 'max_epochs': 16, 'module__n_features': 20, 'module__n_neurons': 64, 'module__nonlin': Tanh()}
2024-05-29 18:27:49,447 0.841655 (0.026952) with: {'batch_size': 64, 'lr': 0.01, 'max_epochs': 16, 'module__n_features': 20, 'module__n_neurons': 64, 'module__nonlin': ReLU()}
2024-05-29 18:27:49,447 0.843937 (0.023337) with: {'batch_size': 64, 'lr': 0.01, 'max_epochs': 16, 'module__n_features': 20, 'module__n_neurons': 128, 'module__nonlin': Tanh()}
2024-05-29 18:27:49,447 0.845281 (0.024601) with: {'batch_size': 64, 'lr': 0.01, 'max_epochs': 16, 'module__n_features': 20, 'module__n_neurons': 128, 'module__nonlin': ReLU()}
2024-05-29 18:27:49,447 0.843373 (0.021535) with: {'batch_size': 64, 'lr': 0.01, 'max_epochs': 16, 'module__n_features': 20, 'module__n_neurons': 256, 'module__nonlin': Tanh()}
2024-05-29 18:27:49,447 0.845750 (0.024025) with: {'batch_size': 64, 'lr': 0.01, 'max_epochs': 16, 'module__n_features': 20, 'module__n_neurons': 256, 'module__nonlin': ReLU()}
2024-05-29 18:27:49,447 0.843686 (0.022560) with: {'batch_size': 64, 'lr': 0.01, 'max_epochs': 32, 'module__n_features': 20, 'module__n_neurons': 16, 'module__nonlin': Tanh()}
2024-05-29 18:27:49,447 0.843655 (0.024438) with: {'batch_size': 64, 'lr': 0.01, 'max_epochs': 32, 'module__n_features': 20, 'module__n_neurons': 16, 'module__nonlin': ReLU()}
2024-05-29 18:27:49,447 0.843655 (0.020900) with: {'batch_size': 64, 'lr': 0.01, 'max_epochs': 32, 'module__n_features': 20, 'module__n_neurons': 32, 'module__nonlin': Tanh()}
2024-05-29 18:27:49,447 0.844686 (0.019955) with: {'batch_size': 64, 'lr': 0.01, 'max_epochs': 32, 'module__n_features': 20, 'module__n_neurons': 32, 'module__nonlin': ReLU()}
2024-05-29 18:27:49,447 0.844811 (0.018049) with: {'batch_size': 64, 'lr': 0.01, 'max_epochs': 32, 'module__n_features': 20, 'module__n_neurons': 64, 'module__nonlin': Tanh()}
2024-05-29 18:27:49,447 0.846468 (0.020206) with: {'batch_size': 64, 'lr': 0.01, 'max_epochs': 32, 'module__n_features': 20, 'module__n_neurons': 64, 'module__nonlin': ReLU()}
2024-05-29 18:27:49,447 0.844936 (0.017518) with: {'batch_size': 64, 'lr': 0.01, 'max_epochs': 32, 'module__n_features': 20, 'module__n_neurons': 128, 'module__nonlin': Tanh()}
2024-05-29 18:27:49,447 0.850501 (0.021875) with: {'batch_size': 64, 'lr': 0.01, 'max_epochs': 32, 'module__n_features': 20, 'module__n_neurons': 128, 'module__nonlin': ReLU()}
2024-05-29 18:27:49,447 0.845248 (0.017265) with: {'batch_size': 64, 'lr': 0.01, 'max_epochs': 32, 'module__n_features': 20, 'module__n_neurons': 256, 'module__nonlin': Tanh()}
2024-05-29 18:27:49,447 0.852940 (0.019361) with: {'batch_size': 64, 'lr': 0.01, 'max_epochs': 32, 'module__n_features': 20, 'module__n_neurons': 256, 'module__nonlin': ReLU()}
2024-05-29 18:27:49,447 0.845936 (0.017243) with: {'batch_size': 64, 'lr': 0.01, 'max_epochs': 64, 'module__n_features': 20, 'module__n_neurons': 16, 'module__nonlin': Tanh()}
2024-05-29 18:27:49,447 0.844905 (0.018816) with: {'batch_size': 64, 'lr': 0.01, 'max_epochs': 64, 'module__n_features': 20, 'module__n_neurons': 16, 'module__nonlin': ReLU()}
2024-05-29 18:27:49,447 0.845686 (0.017090) with: {'batch_size': 64, 'lr': 0.01, 'max_epochs': 64, 'module__n_features': 20, 'module__n_neurons': 32, 'module__nonlin': Tanh()}
2024-05-29 18:27:49,447 0.846248 (0.015646) with: {'batch_size': 64, 'lr': 0.01, 'max_epochs': 64, 'module__n_features': 20, 'module__n_neurons': 32, 'module__nonlin': ReLU()}
2024-05-29 18:27:49,448 0.845280 (0.017574) with: {'batch_size': 64, 'lr': 0.01, 'max_epochs': 64, 'module__n_features': 20, 'module__n_neurons': 64, 'module__nonlin': Tanh()}
2024-05-29 18:27:49,448 0.855003 (0.019543) with: {'batch_size': 64, 'lr': 0.01, 'max_epochs': 64, 'module__n_features': 20, 'module__n_neurons': 64, 'module__nonlin': ReLU()}
2024-05-29 18:27:49,448 0.845311 (0.017471) with: {'batch_size': 64, 'lr': 0.01, 'max_epochs': 64, 'module__n_features': 20, 'module__n_neurons': 128, 'module__nonlin': Tanh()}
2024-05-29 18:27:49,448 0.862225 (0.020093) with: {'batch_size': 64, 'lr': 0.01, 'max_epochs': 64, 'module__n_features': 20, 'module__n_neurons': 128, 'module__nonlin': ReLU()}
2024-05-29 18:27:49,448 0.845154 (0.017498) with: {'batch_size': 64, 'lr': 0.01, 'max_epochs': 64, 'module__n_features': 20, 'module__n_neurons': 256, 'module__nonlin': Tanh()}
2024-05-29 18:27:49,448 0.880203 (0.025371) with: {'batch_size': 64, 'lr': 0.01, 'max_epochs': 64, 'module__n_features': 20, 'module__n_neurons': 256, 'module__nonlin': ReLU()}
2024-05-29 18:27:49,448 0.846468 (0.018776) with: {'batch_size': 64, 'lr': 0.01, 'max_epochs': 128, 'module__n_features': 20, 'module__n_neurons': 16, 'module__nonlin': Tanh()}
2024-05-29 18:27:49,448 0.852158 (0.020966) with: {'batch_size': 64, 'lr': 0.01, 'max_epochs': 128, 'module__n_features': 20, 'module__n_neurons': 16, 'module__nonlin': ReLU()}
2024-05-29 18:27:49,448 0.847562 (0.017708) with: {'batch_size': 64, 'lr': 0.01, 'max_epochs': 128, 'module__n_features': 20, 'module__n_neurons': 32, 'module__nonlin': Tanh()}
2024-05-29 18:27:49,448 0.852970 (0.019251) with: {'batch_size': 64, 'lr': 0.01, 'max_epochs': 128, 'module__n_features': 20, 'module__n_neurons': 32, 'module__nonlin': ReLU()}
2024-05-29 18:27:49,448 0.846374 (0.018018) with: {'batch_size': 64, 'lr': 0.01, 'max_epochs': 128, 'module__n_features': 20, 'module__n_neurons': 64, 'module__nonlin': Tanh()}
2024-05-29 18:27:49,448 0.870479 (0.021751) with: {'batch_size': 64, 'lr': 0.01, 'max_epochs': 128, 'module__n_features': 20, 'module__n_neurons': 64, 'module__nonlin': ReLU()}
2024-05-29 18:27:49,448 0.846092 (0.017419) with: {'batch_size': 64, 'lr': 0.01, 'max_epochs': 128, 'module__n_features': 20, 'module__n_neurons': 128, 'module__nonlin': Tanh()}
2024-05-29 18:27:49,448 0.886736 (0.023580) with: {'batch_size': 64, 'lr': 0.01, 'max_epochs': 128, 'module__n_features': 20, 'module__n_neurons': 128, 'module__nonlin': ReLU()}
2024-05-29 18:27:49,448 0.846249 (0.017556) with: {'batch_size': 64, 'lr': 0.01, 'max_epochs': 128, 'module__n_features': 20, 'module__n_neurons': 256, 'module__nonlin': Tanh()}
2024-05-29 18:27:49,448 0.902680 (0.021685) with: {'batch_size': 64, 'lr': 0.01, 'max_epochs': 128, 'module__n_features': 20, 'module__n_neurons': 256, 'module__nonlin': ReLU()}
2024-05-29 18:27:49,448 0.843218 (0.025437) with: {'batch_size': 64, 'lr': 0.02, 'max_epochs': 16, 'module__n_features': 20, 'module__n_neurons': 16, 'module__nonlin': Tanh()}
2024-05-29 18:27:49,448 0.838482 (0.027867) with: {'batch_size': 64, 'lr': 0.02, 'max_epochs': 16, 'module__n_features': 20, 'module__n_neurons': 16, 'module__nonlin': ReLU()}
2024-05-29 18:27:49,448 0.843718 (0.023890) with: {'batch_size': 64, 'lr': 0.02, 'max_epochs': 16, 'module__n_features': 20, 'module__n_neurons': 32, 'module__nonlin': Tanh()}
2024-05-29 18:27:49,448 0.841279 (0.023537) with: {'batch_size': 64, 'lr': 0.02, 'max_epochs': 16, 'module__n_features': 20, 'module__n_neurons': 32, 'module__nonlin': ReLU()}
2024-05-29 18:27:49,448 0.844436 (0.020678) with: {'batch_size': 64, 'lr': 0.02, 'max_epochs': 16, 'module__n_features': 20, 'module__n_neurons': 64, 'module__nonlin': Tanh()}
2024-05-29 18:27:49,448 0.844281 (0.023789) with: {'batch_size': 64, 'lr': 0.02, 'max_epochs': 16, 'module__n_features': 20, 'module__n_neurons': 64, 'module__nonlin': ReLU()}
2024-05-29 18:27:49,448 0.844311 (0.021596) with: {'batch_size': 64, 'lr': 0.02, 'max_epochs': 16, 'module__n_features': 20, 'module__n_neurons': 128, 'module__nonlin': Tanh()}
2024-05-29 18:27:49,448 0.845718 (0.021912) with: {'batch_size': 64, 'lr': 0.02, 'max_epochs': 16, 'module__n_features': 20, 'module__n_neurons': 128, 'module__nonlin': ReLU()}
2024-05-29 18:27:49,448 0.843654 (0.020556) with: {'batch_size': 64, 'lr': 0.02, 'max_epochs': 16, 'module__n_features': 20, 'module__n_neurons': 256, 'module__nonlin': Tanh()}
2024-05-29 18:27:49,449 0.846781 (0.022173) with: {'batch_size': 64, 'lr': 0.02, 'max_epochs': 16, 'module__n_features': 20, 'module__n_neurons': 256, 'module__nonlin': ReLU()}
2024-05-29 18:27:49,449 0.844685 (0.017429) with: {'batch_size': 64, 'lr': 0.02, 'max_epochs': 32, 'module__n_features': 20, 'module__n_neurons': 16, 'module__nonlin': Tanh()}
2024-05-29 18:27:49,449 0.848063 (0.020578) with: {'batch_size': 64, 'lr': 0.02, 'max_epochs': 32, 'module__n_features': 20, 'module__n_neurons': 16, 'module__nonlin': ReLU()}
2024-05-29 18:27:49,449 0.845248 (0.016819) with: {'batch_size': 64, 'lr': 0.02, 'max_epochs': 32, 'module__n_features': 20, 'module__n_neurons': 32, 'module__nonlin': Tanh()}
2024-05-29 18:27:49,449 0.848469 (0.017419) with: {'batch_size': 64, 'lr': 0.02, 'max_epochs': 32, 'module__n_features': 20, 'module__n_neurons': 32, 'module__nonlin': ReLU()}
2024-05-29 18:27:49,449 0.845248 (0.017318) with: {'batch_size': 64, 'lr': 0.02, 'max_epochs': 32, 'module__n_features': 20, 'module__n_neurons': 64, 'module__nonlin': Tanh()}
2024-05-29 18:27:49,449 0.848125 (0.018151) with: {'batch_size': 64, 'lr': 0.02, 'max_epochs': 32, 'module__n_features': 20, 'module__n_neurons': 64, 'module__nonlin': ReLU()}
2024-05-29 18:27:49,449 0.845186 (0.017130) with: {'batch_size': 64, 'lr': 0.02, 'max_epochs': 32, 'module__n_features': 20, 'module__n_neurons': 128, 'module__nonlin': Tanh()}
2024-05-29 18:27:49,449 0.851251 (0.016844) with: {'batch_size': 64, 'lr': 0.02, 'max_epochs': 32, 'module__n_features': 20, 'module__n_neurons': 128, 'module__nonlin': ReLU()}
2024-05-29 18:27:49,449 0.844936 (0.017470) with: {'batch_size': 64, 'lr': 0.02, 'max_epochs': 32, 'module__n_features': 20, 'module__n_neurons': 256, 'module__nonlin': Tanh()}
2024-05-29 18:27:49,449 0.854441 (0.020984) with: {'batch_size': 64, 'lr': 0.02, 'max_epochs': 32, 'module__n_features': 20, 'module__n_neurons': 256, 'module__nonlin': ReLU()}
2024-05-29 18:27:49,449 0.846561 (0.017902) with: {'batch_size': 64, 'lr': 0.02, 'max_epochs': 64, 'module__n_features': 20, 'module__n_neurons': 16, 'module__nonlin': Tanh()}
2024-05-29 18:27:49,449 0.848781 (0.017041) with: {'batch_size': 64, 'lr': 0.02, 'max_epochs': 64, 'module__n_features': 20, 'module__n_neurons': 16, 'module__nonlin': ReLU()}
2024-05-29 18:27:49,449 0.846499 (0.017843) with: {'batch_size': 64, 'lr': 0.02, 'max_epochs': 64, 'module__n_features': 20, 'module__n_neurons': 32, 'module__nonlin': Tanh()}
2024-05-29 18:27:49,449 0.851407 (0.017008) with: {'batch_size': 64, 'lr': 0.02, 'max_epochs': 64, 'module__n_features': 20, 'module__n_neurons': 32, 'module__nonlin': ReLU()}
2024-05-29 18:27:49,449 0.845623 (0.017576) with: {'batch_size': 64, 'lr': 0.02, 'max_epochs': 64, 'module__n_features': 20, 'module__n_neurons': 64, 'module__nonlin': Tanh()}
2024-05-29 18:27:49,449 0.866321 (0.022492) with: {'batch_size': 64, 'lr': 0.02, 'max_epochs': 64, 'module__n_features': 20, 'module__n_neurons': 64, 'module__nonlin': ReLU()}
2024-05-29 18:27:49,449 0.846249 (0.017206) with: {'batch_size': 64, 'lr': 0.02, 'max_epochs': 64, 'module__n_features': 20, 'module__n_neurons': 128, 'module__nonlin': Tanh()}
2024-05-29 18:27:49,449 0.867977 (0.019556) with: {'batch_size': 64, 'lr': 0.02, 'max_epochs': 64, 'module__n_features': 20, 'module__n_neurons': 128, 'module__nonlin': ReLU()}
2024-05-29 18:27:49,449 0.845561 (0.017286) with: {'batch_size': 64, 'lr': 0.02, 'max_epochs': 64, 'module__n_features': 20, 'module__n_neurons': 256, 'module__nonlin': Tanh()}
2024-05-29 18:27:49,449 0.883768 (0.030295) with: {'batch_size': 64, 'lr': 0.02, 'max_epochs': 64, 'module__n_features': 20, 'module__n_neurons': 256, 'module__nonlin': ReLU()}
2024-05-29 18:27:49,449 0.855847 (0.018837) with: {'batch_size': 64, 'lr': 0.02, 'max_epochs': 128, 'module__n_features': 20, 'module__n_neurons': 16, 'module__nonlin': Tanh()}
2024-05-29 18:27:49,449 0.854971 (0.019267) with: {'batch_size': 64, 'lr': 0.02, 'max_epochs': 128, 'module__n_features': 20, 'module__n_neurons': 16, 'module__nonlin': ReLU()}
2024-05-29 18:27:49,449 0.853253 (0.020083) with: {'batch_size': 64, 'lr': 0.02, 'max_epochs': 128, 'module__n_features': 20, 'module__n_neurons': 32, 'module__nonlin': Tanh()}
2024-05-29 18:27:49,449 0.861287 (0.018502) with: {'batch_size': 64, 'lr': 0.02, 'max_epochs': 128, 'module__n_features': 20, 'module__n_neurons': 32, 'module__nonlin': ReLU()}
2024-05-29 18:27:49,449 0.850751 (0.019077) with: {'batch_size': 64, 'lr': 0.02, 'max_epochs': 128, 'module__n_features': 20, 'module__n_neurons': 64, 'module__nonlin': Tanh()}
2024-05-29 18:27:49,449 0.871478 (0.013677) with: {'batch_size': 64, 'lr': 0.02, 'max_epochs': 128, 'module__n_features': 20, 'module__n_neurons': 64, 'module__nonlin': ReLU()}
2024-05-29 18:27:49,449 0.851814 (0.019943) with: {'batch_size': 64, 'lr': 0.02, 'max_epochs': 128, 'module__n_features': 20, 'module__n_neurons': 128, 'module__nonlin': Tanh()}
2024-05-29 18:27:49,449 0.896490 (0.020015) with: {'batch_size': 64, 'lr': 0.02, 'max_epochs': 128, 'module__n_features': 20, 'module__n_neurons': 128, 'module__nonlin': ReLU()}
2024-05-29 18:27:49,449 0.851095 (0.019354) with: {'batch_size': 64, 'lr': 0.02, 'max_epochs': 128, 'module__n_features': 20, 'module__n_neurons': 256, 'module__nonlin': Tanh()}
2024-05-29 18:27:49,449 0.902803 (0.014079) with: {'batch_size': 64, 'lr': 0.02, 'max_epochs': 128, 'module__n_features': 20, 'module__n_neurons': 256, 'module__nonlin': ReLU()}
2024-05-29 18:27:49,449 0.622193 (0.078858) with: {'batch_size': 128, 'lr': 0.001, 'max_epochs': 16, 'module__n_features': 20, 'module__n_neurons': 16, 'module__nonlin': Tanh()}
2024-05-29 18:27:49,450 0.627062 (0.080355) with: {'batch_size': 128, 'lr': 0.001, 'max_epochs': 16, 'module__n_features': 20, 'module__n_neurons': 16, 'module__nonlin': ReLU()}
2024-05-29 18:27:49,450 0.725295 (0.062633) with: {'batch_size': 128, 'lr': 0.001, 'max_epochs': 16, 'module__n_features': 20, 'module__n_neurons': 32, 'module__nonlin': Tanh()}
2024-05-29 18:27:49,450 0.680402 (0.061530) with: {'batch_size': 128, 'lr': 0.001, 'max_epochs': 16, 'module__n_features': 20, 'module__n_neurons': 32, 'module__nonlin': ReLU()}
2024-05-29 18:27:49,450 0.769562 (0.050841) with: {'batch_size': 128, 'lr': 0.001, 'max_epochs': 16, 'module__n_features': 20, 'module__n_neurons': 64, 'module__nonlin': Tanh()}
2024-05-29 18:27:49,450 0.772658 (0.054987) with: {'batch_size': 128, 'lr': 0.001, 'max_epochs': 16, 'module__n_features': 20, 'module__n_neurons': 64, 'module__nonlin': ReLU()}
2024-05-29 18:27:49,450 0.805201 (0.035687) with: {'batch_size': 128, 'lr': 0.001, 'max_epochs': 16, 'module__n_features': 20, 'module__n_neurons': 128, 'module__nonlin': Tanh()}
2024-05-29 18:27:49,450 0.816142 (0.020313) with: {'batch_size': 128, 'lr': 0.001, 'max_epochs': 16, 'module__n_features': 20, 'module__n_neurons': 128, 'module__nonlin': ReLU()}
2024-05-29 18:27:49,450 0.834810 (0.041054) with: {'batch_size': 128, 'lr': 0.001, 'max_epochs': 16, 'module__n_features': 20, 'module__n_neurons': 256, 'module__nonlin': Tanh()}
2024-05-29 18:27:49,450 0.820367 (0.043057) with: {'batch_size': 128, 'lr': 0.001, 'max_epochs': 16, 'module__n_features': 20, 'module__n_neurons': 256, 'module__nonlin': ReLU()}
2024-05-29 18:27:49,450 0.755842 (0.059637) with: {'batch_size': 128, 'lr': 0.001, 'max_epochs': 32, 'module__n_features': 20, 'module__n_neurons': 16, 'module__nonlin': Tanh()}
2024-05-29 18:27:49,450 0.738828 (0.030394) with: {'batch_size': 128, 'lr': 0.001, 'max_epochs': 32, 'module__n_features': 20, 'module__n_neurons': 16, 'module__nonlin': ReLU()}
2024-05-29 18:27:49,450 0.795097 (0.029094) with: {'batch_size': 128, 'lr': 0.001, 'max_epochs': 32, 'module__n_features': 20, 'module__n_neurons': 32, 'module__nonlin': Tanh()}
2024-05-29 18:27:49,450 0.783405 (0.047356) with: {'batch_size': 128, 'lr': 0.001, 'max_epochs': 32, 'module__n_features': 20, 'module__n_neurons': 32, 'module__nonlin': ReLU()}
2024-05-29 18:27:49,450 0.816269 (0.034895) with: {'batch_size': 128, 'lr': 0.001, 'max_epochs': 32, 'module__n_features': 20, 'module__n_neurons': 64, 'module__nonlin': Tanh()}
2024-05-29 18:27:49,450 0.804825 (0.030015) with: {'batch_size': 128, 'lr': 0.001, 'max_epochs': 32, 'module__n_features': 20, 'module__n_neurons': 64, 'module__nonlin': ReLU()}
2024-05-29 18:27:49,450 0.829525 (0.031328) with: {'batch_size': 128, 'lr': 0.001, 'max_epochs': 32, 'module__n_features': 20, 'module__n_neurons': 128, 'module__nonlin': Tanh()}
2024-05-29 18:27:49,450 0.823961 (0.041306) with: {'batch_size': 128, 'lr': 0.001, 'max_epochs': 32, 'module__n_features': 20, 'module__n_neurons': 128, 'module__nonlin': ReLU()}
2024-05-29 18:27:49,450 0.836591 (0.032771) with: {'batch_size': 128, 'lr': 0.001, 'max_epochs': 32, 'module__n_features': 20, 'module__n_neurons': 256, 'module__nonlin': Tanh()}
2024-05-29 18:27:49,450 0.822053 (0.033610) with: {'batch_size': 128, 'lr': 0.001, 'max_epochs': 32, 'module__n_features': 20, 'module__n_neurons': 256, 'module__nonlin': ReLU()}
2024-05-29 18:27:49,450 0.811451 (0.030830) with: {'batch_size': 128, 'lr': 0.001, 'max_epochs': 64, 'module__n_features': 20, 'module__n_neurons': 16, 'module__nonlin': Tanh()}
2024-05-29 18:27:49,450 0.788162 (0.039768) with: {'batch_size': 128, 'lr': 0.001, 'max_epochs': 64, 'module__n_features': 20, 'module__n_neurons': 16, 'module__nonlin': ReLU()}
2024-05-29 18:27:49,450 0.829024 (0.031258) with: {'batch_size': 128, 'lr': 0.001, 'max_epochs': 64, 'module__n_features': 20, 'module__n_neurons': 32, 'module__nonlin': Tanh()}
2024-05-29 18:27:49,450 0.815362 (0.034832) with: {'batch_size': 128, 'lr': 0.001, 'max_epochs': 64, 'module__n_features': 20, 'module__n_neurons': 32, 'module__nonlin': ReLU()}
2024-05-29 18:27:49,450 0.835153 (0.030680) with: {'batch_size': 128, 'lr': 0.001, 'max_epochs': 64, 'module__n_features': 20, 'module__n_neurons': 64, 'module__nonlin': Tanh()}
2024-05-29 18:27:49,450 0.822524 (0.049860) with: {'batch_size': 128, 'lr': 0.001, 'max_epochs': 64, 'module__n_features': 20, 'module__n_neurons': 64, 'module__nonlin': ReLU()}
2024-05-29 18:27:49,450 0.835965 (0.031220) with: {'batch_size': 128, 'lr': 0.001, 'max_epochs': 64, 'module__n_features': 20, 'module__n_neurons': 128, 'module__nonlin': Tanh()}
2024-05-29 18:27:49,450 0.827494 (0.038661) with: {'batch_size': 128, 'lr': 0.001, 'max_epochs': 64, 'module__n_features': 20, 'module__n_neurons': 128, 'module__nonlin': ReLU()}
2024-05-29 18:27:49,450 0.840560 (0.029160) with: {'batch_size': 128, 'lr': 0.001, 'max_epochs': 64, 'module__n_features': 20, 'module__n_neurons': 256, 'module__nonlin': Tanh()}
2024-05-29 18:27:49,450 0.834746 (0.035320) with: {'batch_size': 128, 'lr': 0.001, 'max_epochs': 64, 'module__n_features': 20, 'module__n_neurons': 256, 'module__nonlin': ReLU()}
2024-05-29 18:27:49,450 0.834840 (0.027830) with: {'batch_size': 128, 'lr': 0.001, 'max_epochs': 128, 'module__n_features': 20, 'module__n_neurons': 16, 'module__nonlin': Tanh()}
2024-05-29 18:27:49,450 0.823803 (0.036375) with: {'batch_size': 128, 'lr': 0.001, 'max_epochs': 128, 'module__n_features': 20, 'module__n_neurons': 16, 'module__nonlin': ReLU()}
2024-05-29 18:27:49,451 0.831400 (0.029856) with: {'batch_size': 128, 'lr': 0.001, 'max_epochs': 128, 'module__n_features': 20, 'module__n_neurons': 32, 'module__nonlin': Tanh()}
2024-05-29 18:27:49,451 0.833214 (0.029536) with: {'batch_size': 128, 'lr': 0.001, 'max_epochs': 128, 'module__n_features': 20, 'module__n_neurons': 32, 'module__nonlin': ReLU()}
2024-05-29 18:27:49,451 0.837153 (0.031284) with: {'batch_size': 128, 'lr': 0.001, 'max_epochs': 128, 'module__n_features': 20, 'module__n_neurons': 64, 'module__nonlin': Tanh()}
2024-05-29 18:27:49,451 0.842248 (0.024522) with: {'batch_size': 128, 'lr': 0.001, 'max_epochs': 128, 'module__n_features': 20, 'module__n_neurons': 64, 'module__nonlin': ReLU()}
2024-05-29 18:27:49,451 0.843498 (0.021466) with: {'batch_size': 128, 'lr': 0.001, 'max_epochs': 128, 'module__n_features': 20, 'module__n_neurons': 128, 'module__nonlin': Tanh()}
2024-05-29 18:27:49,451 0.842342 (0.023811) with: {'batch_size': 128, 'lr': 0.001, 'max_epochs': 128, 'module__n_features': 20, 'module__n_neurons': 128, 'module__nonlin': ReLU()}
2024-05-29 18:27:49,451 0.843217 (0.021155) with: {'batch_size': 128, 'lr': 0.001, 'max_epochs': 128, 'module__n_features': 20, 'module__n_neurons': 256, 'module__nonlin': Tanh()}
2024-05-29 18:27:49,451 0.845562 (0.022624) with: {'batch_size': 128, 'lr': 0.001, 'max_epochs': 128, 'module__n_features': 20, 'module__n_neurons': 256, 'module__nonlin': ReLU()}
2024-05-29 18:27:49,451 0.831996 (0.037318) with: {'batch_size': 128, 'lr': 0.01, 'max_epochs': 16, 'module__n_features': 20, 'module__n_neurons': 16, 'module__nonlin': Tanh()}
2024-05-29 18:27:49,451 0.809703 (0.029187) with: {'batch_size': 128, 'lr': 0.01, 'max_epochs': 16, 'module__n_features': 20, 'module__n_neurons': 16, 'module__nonlin': ReLU()}
2024-05-29 18:27:49,451 0.834997 (0.036049) with: {'batch_size': 128, 'lr': 0.01, 'max_epochs': 16, 'module__n_features': 20, 'module__n_neurons': 32, 'module__nonlin': Tanh()}
2024-05-29 18:27:49,451 0.825898 (0.041136) with: {'batch_size': 128, 'lr': 0.01, 'max_epochs': 16, 'module__n_features': 20, 'module__n_neurons': 32, 'module__nonlin': ReLU()}
2024-05-29 18:27:49,451 0.836215 (0.030697) with: {'batch_size': 128, 'lr': 0.01, 'max_epochs': 16, 'module__n_features': 20, 'module__n_neurons': 64, 'module__nonlin': Tanh()}
2024-05-29 18:27:49,451 0.835557 (0.024618) with: {'batch_size': 128, 'lr': 0.01, 'max_epochs': 16, 'module__n_features': 20, 'module__n_neurons': 64, 'module__nonlin': ReLU()}
2024-05-29 18:27:49,451 0.842155 (0.026744) with: {'batch_size': 128, 'lr': 0.01, 'max_epochs': 16, 'module__n_features': 20, 'module__n_neurons': 128, 'module__nonlin': Tanh()}
2024-05-29 18:27:49,451 0.839716 (0.027135) with: {'batch_size': 128, 'lr': 0.01, 'max_epochs': 16, 'module__n_features': 20, 'module__n_neurons': 128, 'module__nonlin': ReLU()}
2024-05-29 18:27:49,451 0.844343 (0.026403) with: {'batch_size': 128, 'lr': 0.01, 'max_epochs': 16, 'module__n_features': 20, 'module__n_neurons': 256, 'module__nonlin': Tanh()}
2024-05-29 18:27:49,451 0.842249 (0.027800) with: {'batch_size': 128, 'lr': 0.01, 'max_epochs': 16, 'module__n_features': 20, 'module__n_neurons': 256, 'module__nonlin': ReLU()}
2024-05-29 18:27:49,451 0.838966 (0.031668) with: {'batch_size': 128, 'lr': 0.01, 'max_epochs': 32, 'module__n_features': 20, 'module__n_neurons': 16, 'module__nonlin': Tanh()}
2024-05-29 18:27:49,451 0.833557 (0.025149) with: {'batch_size': 128, 'lr': 0.01, 'max_epochs': 32, 'module__n_features': 20, 'module__n_neurons': 16, 'module__nonlin': ReLU()}
2024-05-29 18:27:49,451 0.842810 (0.021560) with: {'batch_size': 128, 'lr': 0.01, 'max_epochs': 32, 'module__n_features': 20, 'module__n_neurons': 32, 'module__nonlin': Tanh()}
2024-05-29 18:27:49,451 0.839935 (0.027102) with: {'batch_size': 128, 'lr': 0.01, 'max_epochs': 32, 'module__n_features': 20, 'module__n_neurons': 32, 'module__nonlin': ReLU()}
2024-05-29 18:27:49,451 0.843592 (0.019377) with: {'batch_size': 128, 'lr': 0.01, 'max_epochs': 32, 'module__n_features': 20, 'module__n_neurons': 64, 'module__nonlin': Tanh()}
2024-05-29 18:27:49,451 0.844718 (0.024083) with: {'batch_size': 128, 'lr': 0.01, 'max_epochs': 32, 'module__n_features': 20, 'module__n_neurons': 64, 'module__nonlin': ReLU()}
2024-05-29 18:27:49,451 0.844873 (0.018106) with: {'batch_size': 128, 'lr': 0.01, 'max_epochs': 32, 'module__n_features': 20, 'module__n_neurons': 128, 'module__nonlin': Tanh()}
2024-05-29 18:27:49,451 0.847281 (0.020254) with: {'batch_size': 128, 'lr': 0.01, 'max_epochs': 32, 'module__n_features': 20, 'module__n_neurons': 128, 'module__nonlin': ReLU()}
2024-05-29 18:27:49,451 0.845655 (0.017723) with: {'batch_size': 128, 'lr': 0.01, 'max_epochs': 32, 'module__n_features': 20, 'module__n_neurons': 256, 'module__nonlin': Tanh()}
2024-05-29 18:27:49,452 0.851469 (0.016145) with: {'batch_size': 128, 'lr': 0.01, 'max_epochs': 32, 'module__n_features': 20, 'module__n_neurons': 256, 'module__nonlin': ReLU()}
2024-05-29 18:27:49,452 0.844779 (0.018319) with: {'batch_size': 128, 'lr': 0.01, 'max_epochs': 64, 'module__n_features': 20, 'module__n_neurons': 16, 'module__nonlin': Tanh()}
2024-05-29 18:27:49,452 0.844998 (0.020104) with: {'batch_size': 128, 'lr': 0.01, 'max_epochs': 64, 'module__n_features': 20, 'module__n_neurons': 16, 'module__nonlin': ReLU()}
2024-05-29 18:27:49,452 0.845998 (0.016863) with: {'batch_size': 128, 'lr': 0.01, 'max_epochs': 64, 'module__n_features': 20, 'module__n_neurons': 32, 'module__nonlin': Tanh()}
2024-05-29 18:27:49,452 0.845374 (0.019046) with: {'batch_size': 128, 'lr': 0.01, 'max_epochs': 64, 'module__n_features': 20, 'module__n_neurons': 32, 'module__nonlin': ReLU()}
2024-05-29 18:27:49,452 0.845686 (0.016898) with: {'batch_size': 128, 'lr': 0.01, 'max_epochs': 64, 'module__n_features': 20, 'module__n_neurons': 64, 'module__nonlin': Tanh()}
2024-05-29 18:27:49,452 0.850501 (0.019543) with: {'batch_size': 128, 'lr': 0.01, 'max_epochs': 64, 'module__n_features': 20, 'module__n_neurons': 64, 'module__nonlin': ReLU()}
2024-05-29 18:27:49,452 0.845498 (0.016948) with: {'batch_size': 128, 'lr': 0.01, 'max_epochs': 64, 'module__n_features': 20, 'module__n_neurons': 128, 'module__nonlin': Tanh()}
2024-05-29 18:27:49,452 0.854533 (0.016453) with: {'batch_size': 128, 'lr': 0.01, 'max_epochs': 64, 'module__n_features': 20, 'module__n_neurons': 128, 'module__nonlin': ReLU()}
2024-05-29 18:27:49,452 0.845655 (0.017245) with: {'batch_size': 128, 'lr': 0.01, 'max_epochs': 64, 'module__n_features': 20, 'module__n_neurons': 256, 'module__nonlin': Tanh()}
2024-05-29 18:27:49,452 0.865037 (0.015304) with: {'batch_size': 128, 'lr': 0.01, 'max_epochs': 64, 'module__n_features': 20, 'module__n_neurons': 256, 'module__nonlin': ReLU()}
2024-05-29 18:27:49,452 0.847718 (0.017887) with: {'batch_size': 128, 'lr': 0.01, 'max_epochs': 128, 'module__n_features': 20, 'module__n_neurons': 16, 'module__nonlin': Tanh()}
2024-05-29 18:27:49,452 0.848313 (0.019320) with: {'batch_size': 128, 'lr': 0.01, 'max_epochs': 128, 'module__n_features': 20, 'module__n_neurons': 16, 'module__nonlin': ReLU()}
2024-05-29 18:27:49,452 0.846718 (0.018160) with: {'batch_size': 128, 'lr': 0.01, 'max_epochs': 128, 'module__n_features': 20, 'module__n_neurons': 32, 'module__nonlin': Tanh()}
2024-05-29 18:27:49,452 0.857473 (0.020597) with: {'batch_size': 128, 'lr': 0.01, 'max_epochs': 128, 'module__n_features': 20, 'module__n_neurons': 32, 'module__nonlin': ReLU()}
2024-05-29 18:27:49,453 0.847405 (0.017420) with: {'batch_size': 128, 'lr': 0.01, 'max_epochs': 128, 'module__n_features': 20, 'module__n_neurons': 64, 'module__nonlin': Tanh()}
2024-05-29 18:27:49,453 0.860068 (0.023259) with: {'batch_size': 128, 'lr': 0.01, 'max_epochs': 128, 'module__n_features': 20, 'module__n_neurons': 64, 'module__nonlin': ReLU()}
2024-05-29 18:27:49,453 0.847124 (0.017159) with: {'batch_size': 128, 'lr': 0.01, 'max_epochs': 128, 'module__n_features': 20, 'module__n_neurons': 128, 'module__nonlin': Tanh()}
2024-05-29 18:27:49,453 0.882016 (0.022276) with: {'batch_size': 128, 'lr': 0.01, 'max_epochs': 128, 'module__n_features': 20, 'module__n_neurons': 128, 'module__nonlin': ReLU()}
2024-05-29 18:27:49,453 0.846561 (0.017316) with: {'batch_size': 128, 'lr': 0.01, 'max_epochs': 128, 'module__n_features': 20, 'module__n_neurons': 256, 'module__nonlin': Tanh()}
2024-05-29 18:27:49,453 0.893114 (0.021745) with: {'batch_size': 128, 'lr': 0.01, 'max_epochs': 128, 'module__n_features': 20, 'module__n_neurons': 256, 'module__nonlin': ReLU()}
2024-05-29 18:27:49,453 0.838809 (0.028344) with: {'batch_size': 128, 'lr': 0.02, 'max_epochs': 16, 'module__n_features': 20, 'module__n_neurons': 16, 'module__nonlin': Tanh()}
2024-05-29 18:27:49,453 0.835558 (0.027624) with: {'batch_size': 128, 'lr': 0.02, 'max_epochs': 16, 'module__n_features': 20, 'module__n_neurons': 16, 'module__nonlin': ReLU()}
2024-05-29 18:27:49,453 0.844437 (0.025376) with: {'batch_size': 128, 'lr': 0.02, 'max_epochs': 16, 'module__n_features': 20, 'module__n_neurons': 32, 'module__nonlin': Tanh()}
2024-05-29 18:27:49,453 0.836278 (0.030340) with: {'batch_size': 128, 'lr': 0.02, 'max_epochs': 16, 'module__n_features': 20, 'module__n_neurons': 32, 'module__nonlin': ReLU()}
2024-05-29 18:27:49,453 0.841514 (0.024554) with: {'batch_size': 128, 'lr': 0.02, 'max_epochs': 16, 'module__n_features': 20, 'module__n_neurons': 64, 'module__nonlin': Tanh()}
2024-05-29 18:27:49,453 0.843717 (0.023072) with: {'batch_size': 128, 'lr': 0.02, 'max_epochs': 16, 'module__n_features': 20, 'module__n_neurons': 64, 'module__nonlin': ReLU()}
2024-05-29 18:27:49,453 0.841873 (0.025016) with: {'batch_size': 128, 'lr': 0.02, 'max_epochs': 16, 'module__n_features': 20, 'module__n_neurons': 128, 'module__nonlin': Tanh()}
2024-05-29 18:27:49,453 0.843155 (0.024210) with: {'batch_size': 128, 'lr': 0.02, 'max_epochs': 16, 'module__n_features': 20, 'module__n_neurons': 128, 'module__nonlin': ReLU()}
2024-05-29 18:27:49,453 0.845593 (0.022247) with: {'batch_size': 128, 'lr': 0.02, 'max_epochs': 16, 'module__n_features': 20, 'module__n_neurons': 256, 'module__nonlin': Tanh()}
2024-05-29 18:27:49,453 0.844624 (0.023103) with: {'batch_size': 128, 'lr': 0.02, 'max_epochs': 16, 'module__n_features': 20, 'module__n_neurons': 256, 'module__nonlin': ReLU()}
2024-05-29 18:27:49,453 0.845592 (0.017491) with: {'batch_size': 128, 'lr': 0.02, 'max_epochs': 32, 'module__n_features': 20, 'module__n_neurons': 16, 'module__nonlin': Tanh()}
2024-05-29 18:27:49,453 0.842623 (0.023151) with: {'batch_size': 128, 'lr': 0.02, 'max_epochs': 32, 'module__n_features': 20, 'module__n_neurons': 16, 'module__nonlin': ReLU()}
2024-05-29 18:27:49,453 0.845561 (0.016892) with: {'batch_size': 128, 'lr': 0.02, 'max_epochs': 32, 'module__n_features': 20, 'module__n_neurons': 32, 'module__nonlin': Tanh()}
2024-05-29 18:27:49,453 0.845842 (0.018117) with: {'batch_size': 128, 'lr': 0.02, 'max_epochs': 32, 'module__n_features': 20, 'module__n_neurons': 32, 'module__nonlin': ReLU()}
2024-05-29 18:27:49,453 0.845498 (0.016937) with: {'batch_size': 128, 'lr': 0.02, 'max_epochs': 32, 'module__n_features': 20, 'module__n_neurons': 64, 'module__nonlin': Tanh()}
2024-05-29 18:27:49,453 0.847218 (0.019734) with: {'batch_size': 128, 'lr': 0.02, 'max_epochs': 32, 'module__n_features': 20, 'module__n_neurons': 64, 'module__nonlin': ReLU()}
2024-05-29 18:27:49,453 0.845029 (0.017487) with: {'batch_size': 128, 'lr': 0.02, 'max_epochs': 32, 'module__n_features': 20, 'module__n_neurons': 128, 'module__nonlin': Tanh()}
2024-05-29 18:27:49,453 0.849813 (0.019459) with: {'batch_size': 128, 'lr': 0.02, 'max_epochs': 32, 'module__n_features': 20, 'module__n_neurons': 128, 'module__nonlin': ReLU()}
2024-05-29 18:27:49,453 0.844967 (0.017355) with: {'batch_size': 128, 'lr': 0.02, 'max_epochs': 32, 'module__n_features': 20, 'module__n_neurons': 256, 'module__nonlin': Tanh()}
2024-05-29 18:27:49,453 0.853596 (0.018632) with: {'batch_size': 128, 'lr': 0.02, 'max_epochs': 32, 'module__n_features': 20, 'module__n_neurons': 256, 'module__nonlin': ReLU()}
2024-05-29 18:27:49,453 0.846749 (0.017292) with: {'batch_size': 128, 'lr': 0.02, 'max_epochs': 64, 'module__n_features': 20, 'module__n_neurons': 16, 'module__nonlin': Tanh()}
2024-05-29 18:27:49,453 0.846280 (0.017371) with: {'batch_size': 128, 'lr': 0.02, 'max_epochs': 64, 'module__n_features': 20, 'module__n_neurons': 16, 'module__nonlin': ReLU()}
2024-05-29 18:27:49,453 0.846592 (0.016650) with: {'batch_size': 128, 'lr': 0.02, 'max_epochs': 64, 'module__n_features': 20, 'module__n_neurons': 32, 'module__nonlin': Tanh()}
2024-05-29 18:27:49,453 0.847405 (0.017894) with: {'batch_size': 128, 'lr': 0.02, 'max_epochs': 64, 'module__n_features': 20, 'module__n_neurons': 32, 'module__nonlin': ReLU()}
2024-05-29 18:27:49,453 0.845780 (0.017861) with: {'batch_size': 128, 'lr': 0.02, 'max_epochs': 64, 'module__n_features': 20, 'module__n_neurons': 64, 'module__nonlin': Tanh()}
2024-05-29 18:27:49,454 0.852595 (0.014797) with: {'batch_size': 128, 'lr': 0.02, 'max_epochs': 64, 'module__n_features': 20, 'module__n_neurons': 64, 'module__nonlin': ReLU()}
2024-05-29 18:27:49,454 0.845873 (0.017318) with: {'batch_size': 128, 'lr': 0.02, 'max_epochs': 64, 'module__n_features': 20, 'module__n_neurons': 128, 'module__nonlin': Tanh()}
2024-05-29 18:27:49,454 0.868634 (0.021793) with: {'batch_size': 128, 'lr': 0.02, 'max_epochs': 64, 'module__n_features': 20, 'module__n_neurons': 128, 'module__nonlin': ReLU()}
2024-05-29 18:27:49,454 0.845874 (0.017446) with: {'batch_size': 128, 'lr': 0.02, 'max_epochs': 64, 'module__n_features': 20, 'module__n_neurons': 256, 'module__nonlin': Tanh()}
2024-05-29 18:27:49,454 0.873259 (0.008687) with: {'batch_size': 128, 'lr': 0.02, 'max_epochs': 64, 'module__n_features': 20, 'module__n_neurons': 256, 'module__nonlin': ReLU()}
2024-05-29 18:27:49,454 0.855003 (0.018627) with: {'batch_size': 128, 'lr': 0.02, 'max_epochs': 128, 'module__n_features': 20, 'module__n_neurons': 16, 'module__nonlin': Tanh()}
2024-05-29 18:27:49,454 0.853660 (0.025575) with: {'batch_size': 128, 'lr': 0.02, 'max_epochs': 128, 'module__n_features': 20, 'module__n_neurons': 16, 'module__nonlin': ReLU()}
2024-05-29 18:27:49,454 0.855565 (0.018428) with: {'batch_size': 128, 'lr': 0.02, 'max_epochs': 128, 'module__n_features': 20, 'module__n_neurons': 32, 'module__nonlin': Tanh()}
2024-05-29 18:27:49,454 0.855816 (0.018734) with: {'batch_size': 128, 'lr': 0.02, 'max_epochs': 128, 'module__n_features': 20, 'module__n_neurons': 32, 'module__nonlin': ReLU()}
2024-05-29 18:27:49,454 0.853533 (0.017231) with: {'batch_size': 128, 'lr': 0.02, 'max_epochs': 128, 'module__n_features': 20, 'module__n_neurons': 64, 'module__nonlin': Tanh()}
2024-05-29 18:27:49,454 0.877199 (0.015426) with: {'batch_size': 128, 'lr': 0.02, 'max_epochs': 128, 'module__n_features': 20, 'module__n_neurons': 64, 'module__nonlin': ReLU()}
2024-05-29 18:27:49,454 0.851063 (0.018456) with: {'batch_size': 128, 'lr': 0.02, 'max_epochs': 128, 'module__n_features': 20, 'module__n_neurons': 128, 'module__nonlin': Tanh()}
2024-05-29 18:27:49,454 0.885204 (0.019740) with: {'batch_size': 128, 'lr': 0.02, 'max_epochs': 128, 'module__n_features': 20, 'module__n_neurons': 128, 'module__nonlin': ReLU()}
2024-05-29 18:27:49,454 0.850782 (0.018832) with: {'batch_size': 128, 'lr': 0.02, 'max_epochs': 128, 'module__n_features': 20, 'module__n_neurons': 256, 'module__nonlin': Tanh()}
2024-05-29 18:27:49,454 0.891018 (0.013607) with: {'batch_size': 128, 'lr': 0.02, 'max_epochs': 128, 'module__n_features': 20, 'module__n_neurons': 256, 'module__nonlin': ReLU()}
