ft_1,ft_2,ft_3,ft_4,ft_5,ft_6,ft_7,ft_8,ft_9,ft_10,ft_11,ft_12,ft_13,ft_14,ft_15,ft_16,ft_17,ft_18,ft_19,ft_20,target
0.3257607252536216,0.4726928519449376,0.3854095363089039,0.3128837447510319,0.27123634572842986,0.2077619522037185,0.6207677242810962,0.08303218862141565,0.3806205271577118,0.38533030325921835,0.6612851037315135,0.6076234960482856,0.3699145247093325,0.6622769922573131,0.26699409153706155,0.3274997896113224,0.5324322595123256,0.39443712118379215,0.3400027236711004,0.42991756001608655,0.0
0.3913223839683651,0.43952630359460965,0.399562985543701,0.39465012220567175,0.29230918252147653,0.42591057101044477,0.4055433893323748,0.7673367674103411,0.3963630478954739,0.3735390138588027,0.434264109610789,0.4815654897502841,0.24453070927737247,0.23873205813407278,0.3371010303057277,0.6240102097697647,0.30125705770914024,0.38897314134985456,0.5634972415016876,0.5707380676005502,1.0
0.381487919960626,0.7232138922255267,0.2722715405420497,0.4151799702315449,0.2838294346712119,0.4287756349653251,0.35913291204544656,0.3947030402781698,0.17012824463496043,0.2642081885898454,0.3400615325067716,0.4368330238587771,0.35729300579670775,0.505397974577457,0.31158888585000305,0.6517144897581513,0.4893183978689449,0.4982700897239497,0.4496995195214075,0.5317996710768893,0.0
0.30639926386366845,0.19855922084830901,0.36076914238578284,0.3010994490457447,0.8015824240468543,0.20752134579074655,0.34899024202545065,0.24006534108578992,0.3179283586659631,0.13467166136600087,0.5382232651771209,0.613235310059987,0.373321810009573,0.4943100931847688,0.4368469303714328,0.3727602307021215,0.6718128429598722,0.5062654734276247,0.5346907567440086,0.5092329748207226,1.0
0.2986583081207204,0.2860869844320344,0.3017249961053863,0.4604783552529257,0.5155152008322205,0.2647694949349056,0.37552636455196914,0.2970234918590035,0.2713255229526808,0.711050287645016,0.5068321727431155,0.4846217705762911,0.4050228237864464,0.3552440281108868,0.3307618133451409,0.5022908283730452,0.42399678374812955,0.3933479273317246,0.25582712490281956,0.47740725078164387,0.0
0.27321817882964466,0.2533700202355743,0.2858833498480241,0.30604183374858346,0.3031594843591721,0.7255656360268659,0.3209042033569533,0.4813228288815614,0.28899251096239376,0.502662599843545,0.5645201048049914,0.2804078705388724,0.5124408855538105,0.3955889042488245,0.4683638267144817,0.3556158839355519,0.41208116997144273,0.5655844230415368,0.6952799010504537,0.334995847514773,0.0
0.1165117234422923,0.2750622001029618,0.31569544951259426,0.34951137865973547,0.38554131736460184,0.4095710442410523,0.40583503065676535,0.9605384603367472,0.36986853756462473,0.24372094455569435,0.6490877290010995,0.37887562908231387,0.5741609583104003,0.07820310920842322,0.5117328445307131,0.5631968774746168,0.5119288700380653,0.32396788844359614,0.45305665955133556,0.35079227867401214,1.0
0.3959013556987053,0.2958852117517882,0.8639326397588459,0.31346204504087666,0.2682246331434394,0.36153825336076606,0.3238145589098886,0.3762192664609617,0.4517500661008096,0.2624462941497171,0.2831000238595204,0.6453759253430718,0.4317162838210393,0.39881959003778483,0.48871137672991566,0.597548417159304,0.37461954530781627,0.4853738257811367,0.49554886211663723,0.5769415865786662,0.0
0.34983995015539693,0.3771876240541672,0.40158676483368333,0.37943566746922,0.6284375016385906,0.3656040896791288,0.366671692675681,0.22164738841182963,0.2831447835206689,0.2796020971757053,0.6976111949910513,0.6339621545880217,0.5033922802613904,0.32931594344515625,0.40232434958338964,0.5087103566196456,0.24758737849213483,0.27917259233098973,0.42325100087362766,0.5255598090047037,1.0
0.3908894243395915,0.2880332584229707,0.3165987373179772,0.34881136128447604,0.17084041216838794,0.299738625264667,0.4176924900804095,0.573419264292442,0.3268897135178945,0.4145016647337949,0.7092128311103958,0.5986528302271156,0.4831567942552091,0.5472188984154925,0.45768079467706885,0.3887331114353838,0.5659114999940046,0.4993045691461417,0.3755053624473023,0.345684774014507,0.0
0.24117272133087161,0.6194805893687543,0.31911428956722954,0.3502272823765283,0.28634258190834305,0.4372616956193206,0.2966614706074252,0.387291837403375,0.3676455946325782,0.3195564269963582,0.5122376637670931,0.5507619201869618,0.46133628639964896,0.4192601907533576,0.5492960766320159,0.4750381236512152,0.2471306126331398,0.40728452375461044,0.33715277969884067,0.37104095881725063,0.0
0.3474962300668085,0.1713093658337848,0.2885218886641907,0.3162916748088283,0.6436589616189267,0.27770934258423036,0.21242525470637882,0.3524948847294116,0.2625128089961723,0.26852101731659794,0.5853349497976537,0.7491366632074338,0.4076715571680891,0.5143012277236219,0.3328296928236155,0.44276166556577895,0.20926839671305314,0.5265564232790597,0.6229257003216186,0.5182354850602632,0.0
0.15286457981801568,0.1928088495585303,0.20919848024790072,0.33425321632322263,0.23606524213448246,0.3399528710355141,0.35436991494354675,0.2399388683355091,0.344770233427357,0.7989206995274845,0.6513489508609083,0.6471505748699664,0.3610435512155934,0.3058106533307602,0.4070383457131227,0.4946762976117599,0.4574193346149417,0.5249776475631228,0.5001703265669171,0.23603049206973228,0.0
0.4090231588610226,0.2385563334690846,0.4509677325412954,0.7203367039583937,0.3479710646185342,0.15172495915158626,0.15038241832364047,0.24944240248735272,0.495734833683545,0.35036662402602153,0.36491688013422163,0.3918479595776557,0.5721155459597017,0.39986293535503964,0.7127411145414206,0.8036158611488164,0.47277421141279846,0.6470465631054207,0.437053075493785,0.2745956378178797,1.0
0.25735091520796094,0.7342280768442363,0.3842512419093589,0.32031322210728835,0.22677086027618354,0.22702101295910848,0.31469215555654817,0.3182430526738027,0.22370318092834635,0.4845583594147095,0.6019235236075814,0.3383487903843376,0.5454162667210101,0.37233938540454614,0.5480263776745102,0.3488200639716815,0.5901823176874457,0.538303351241504,0.49431876608723185,0.5538234330039995,1.0
0.3357389322536452,0.2362212329178699,0.3595933068697884,0.3657700743806918,0.22965563408869705,0.27807187564883457,0.729061593780962,0.4208648916833074,0.4217840764529678,0.35681906286704324,0.45066921553776923,0.7054004235099087,0.4696145762612774,0.5227215224104894,0.5474433664601027,0.5655338588765034,0.5728614012157598,0.38290850348198535,0.24108673722816276,0.39215028437088995,0.0
0.31938814685641714,0.252027494579108,0.31866241464509404,0.6503776453415849,0.32834512365499524,0.3265286787424657,0.15432463012960745,0.3193265987361723,0.2799742995237967,0.29234063719473585,0.7108963133156916,0.5825450840027173,0.7839454895220985,0.6260487810852026,0.43960034906085427,0.6987135363112066,0.5717192274338098,0.44868657019287167,0.25711159807211964,0.45346623730903496,1.0
0.30366400945156274,0.322466026850045,0.32598873366695913,0.2585814407877612,0.3054616504100943,0.7662061033560812,0.27138077971705243,0.3935223475619525,0.4417496678179126,0.22063517752842288,0.6194078975282132,0.4343998667929428,0.3550741099231273,0.3368625550550859,0.5398050854443298,0.611889054476772,0.6059869222844954,0.3090902406857876,0.3965658105428601,0.32334038507937146,0.0
0.4934520118889448,0.37939495561714975,0.39856772872792856,0.28601941790508023,0.17101333682449327,0.3490743164027875,0.319156268143072,0.8630571836292532,0.12894684954983973,0.37788595407465436,0.4496505205564195,0.6124560267837336,0.3466722170010724,0.35221729028914406,0.603384368608032,0.8937853922262493,0.44375187220359424,0.4844118783788442,0.5673564000378557,0.3797727782532963,0.0
0.28245466179754625,0.2750453571946825,0.3149365036630099,0.43656846513510716,0.3333004603514412,0.3628104286137691,0.43012078196327735,0.3496562253992174,0.6182054360412268,0.39418262192866893,0.5726677415859929,0.6623824176008446,0.2619365069963754,0.5863771098143246,0.5874105304378003,0.7646943288127539,0.6687588390104993,0.30940245516228115,0.42019529126420824,0.8642642371588793,1.0
0.06355921848338236,0.2566507850260856,0.4390470670162128,0.5361896495994188,0.2582639406444971,0.3254723374587968,0.39881567297186205,0.2994148064516183,0.46707533880850605,0.6993157185140166,0.6932018960587858,0.39906809880917105,0.43792733007130513,0.2902915408486276,0.40826631295255605,0.47333631492713846,0.6092175488471423,0.5608545454545315,0.4684311753428375,0.44408583202530955,0.0
0.1901163682460153,0.2838957754400679,0.37217545517816863,0.4075574851433595,0.3728029343126196,0.38458047365705694,0.2515473988153304,0.8024637571745533,0.2269807143618095,0.33170355160934445,0.762581491265965,0.6268978037857641,0.3884292456741222,0.33182488328888476,0.4638354743849744,0.3079047056028524,0.2427373742494809,0.46617051080777866,0.805967400635745,0.24676720154418558,1.0
0.08563592923094979,0.3069026577934777,0.797353904319388,0.29319127644694193,0.2619295931751199,0.29107475001947286,0.3573314546852166,0.19244612133159905,0.24378724640640037,0.2824139527868219,0.5194186988215586,0.5692298997227768,0.7008750417914518,0.376039532490888,0.7029017759934925,0.4301187765441614,0.46869051823709473,0.5944233556621336,0.5042488044272423,0.4585300794554041,0.0
0.11835516291929452,0.32683136399680784,0.3973525868341887,0.3706510243602012,0.3668292301271844,0.3179510885464986,0.25501733641759905,0.730388725332666,0.5340545073433348,0.3766441920800159,0.5726224142277738,0.5688837988087878,0.4202304551807343,0.7122826140143614,0.45837405163688194,0.3461794186147481,0.5120667170593022,0.4714690281362945,0.3138779635221562,0.662160538363612,1.0
0.25233980278422846,0.3507221898059031,0.46412788428347046,0.7505372326386481,0.38362114541369846,0.34992689856744763,0.23107041535274248,0.35290370490883344,0.37288352482818016,0.42186703770460066,0.6223498325399646,0.2981776104412351,0.376114284058226,0.6350812101671809,0.6530572858085488,0.4105290637726439,0.42157783854128256,0.3322749042994157,0.47270283672399194,0.4881933682938558,1.0
0.9101977111976762,0.3147405967816177,0.3843262478809014,0.48659608286310935,0.2676771123062168,0.3919818685826487,0.2502860717514125,0.3645371774273623,0.3072714941337983,0.22040275586263502,0.5371445763148422,0.6602169256688788,0.38632782125381776,0.31285492376349716,0.48760291935991273,0.5013902045642478,0.1818493203598553,0.4005761681575527,0.535385112521357,0.399443637741588,0.0
0.3359063940705308,0.22025213441343697,0.35441657898555345,0.4609776492962415,0.3418562406181237,0.19582858225573896,0.7685239339090921,0.3193377164100214,0.29537664327138624,0.343388645581853,0.7359004681558394,0.4877777163938268,0.4600201754624836,0.3271918985156049,0.39904473167104937,0.5815968080256063,0.6335480027160879,0.4078612488999035,0.2761781142442681,0.4643337751891443,0.0
0.3134547057605758,0.21207508046805207,0.3533182756100754,0.1931115777287778,0.8093371575347441,0.4240472400994355,0.29757492168602545,0.324033143489753,0.35764260950544974,0.3454346728164725,0.5193310057709744,0.44274303070643584,0.347171607005764,0.537585722916828,0.37380146273192955,0.7036189225007186,0.5677992910596896,0.5271616903987753,0.7878450581822144,0.32867256805414247,0.0
0.25587867804145714,0.2276183912120948,0.2517627364439004,0.22727336361556433,0.43269375051672443,0.24325355954595249,0.4502180970242379,0.5485066355887169,0.26001338306218685,0.7070092193414889,0.4662819069057363,0.3790643797122907,0.622088726602211,0.4286643984310761,0.45587022654580556,0.5147339992227371,0.5494906948666894,0.42194776988590804,0.40284391589899576,0.5423655634833381,0.0
0.38333879848291613,0.2354299883724744,0.2297229063435331,0.31947793293545923,0.2994033279534462,0.34935369073921807,0.24683988380961042,0.338418679308995,0.7332402316486182,0.4357652449188352,0.5395034833606729,0.5467847917449181,0.4586788623953938,0.573675570089129,0.619123638198245,0.5107295337038423,0.5341391988313319,0.3004424836930506,0.3487480026384409,0.4309593402229179,1.0
0.19613273244243984,0.3442482266728626,0.5333946122954101,0.42373240855323224,0.3588221557665873,0.2890960516430096,0.2952669319376975,0.32908409491111157,0.317551003727536,0.7015116868537004,0.989441739881042,0.6759941890172948,0.5442417377148626,0.3645265471524606,0.6014861332153614,0.5452743542894309,0.6251375041241046,0.6666704738229409,0.4810278676411943,0.343482605253419,1.0
0.32118798091316947,0.16517143371682955,0.44493239812980134,0.4700158087298005,0.3691962835059127,0.3799824224715588,0.2297023885820943,0.8540428116268324,0.4254586415913884,0.2989175742846314,0.42643798179630454,0.5157185973978524,0.5617904495603122,0.5796955101191937,0.5250058922964925,0.45385439643986675,0.5107317839430887,0.4125088391518324,0.47027350906353144,0.5435128768895443,1.0
0.3692078187179133,0.1905553103102639,0.37190457606033317,0.2768012772223119,0.3019833951262294,0.6077226035527105,0.27356455189246914,0.29119775643472967,0.3114309937094768,0.22598719366216136,0.6518003225520415,0.5704613671803987,0.3281606321242644,0.6466724354196978,0.407128297850909,0.6857485215159898,0.352073635219167,0.6288916681717315,0.7035978234702275,0.5327035167924765,1.0
0.3490719599246019,0.3290558098868825,0.4118088114074563,0.7931181274639869,0.157777734291007,0.34511238009525486,0.23494532527102951,0.315418106078953,0.41897651301812344,0.35383554397043293,0.5682191168299479,0.7952615740759177,0.5448140746095208,0.352907551401943,0.2922117834151202,0.46425899265132126,0.8156061405343761,0.4628856228063431,0.6158323192696189,0.3720392023229425,1.0
0.3017817457366607,0.45274223740044534,0.3546535402648288,0.831895108630062,0.1825476608480049,0.42448834991257073,0.31114842182874547,0.1697911100197401,0.3464693003579182,0.35775335127643676,0.7466354039355467,0.4920366896662659,0.39638284174419725,0.49419721501769986,0.6155193718820626,0.6549048521162769,0.6511824301703566,0.4992394171570562,0.688143930819026,0.5616421328415496,1.0
0.3424965514204333,0.32804485004189343,0.346115851789461,0.33611277466247497,0.3997329245727287,0.32789252796294366,0.7331972141905725,0.2409001935051997,0.17376680573565612,0.3228645292111936,0.48610007727291726,0.4630928555211927,0.47573362503616906,0.5683980426291914,0.6629384277637617,0.5026778587251941,0.3823179784702822,0.49041545359280686,0.3984253634737984,0.5571208608387395,1.0
0.26889366303460266,0.28316813833044385,0.267654243561933,0.43406514314921535,0.30856940139587624,0.6560835803913942,0.26492742428584987,0.21466769628780763,0.29419018748904346,0.37457343401211235,0.5000133430404022,0.36297059310818436,0.5079118800244029,0.5032707647732516,0.3811561747220568,0.5604174100778102,0.555091281983031,0.27548821335768325,0.477902258048368,0.417973827607115,0.0
0.7834227015764272,0.3746350878141375,0.3032219709511091,0.42312959918178883,0.19089882340716505,0.16082587131688275,0.45122360008862356,0.3520370537204608,0.3835551380982836,0.1257375561648168,0.6246884994063363,0.26360738031602915,0.26180457145067826,0.3148102823962743,0.3685946322941396,0.6340808014121023,0.45144063534617496,0.4980921342746298,0.29592334610230325,0.48661498818220916,1.0
0.19372955634566386,0.40138015254915393,0.3355238927584003,0.7093639019140734,0.3885147003807206,0.4589954309942561,0.28229941337133296,0.5177633770656617,0.25044972409057636,0.3607550111351387,0.3606747180200284,0.5734730293013184,0.40727551991790634,0.5710123203223962,0.5225081671248413,0.4554572677110025,0.5434048900147609,0.6374084185804144,0.5541717331961139,0.5629020379443601,1.0
0.30783857984224516,0.2586246146102057,0.19144867329963322,0.31038340017320826,0.37097001350920616,0.3910898716485057,0.7294473779810924,0.3706949142677251,0.3333190054429119,0.16895339464639936,0.8171046653841794,0.20620111420149057,0.33309361937086696,0.43785144749353405,0.5823380404841612,0.553581244586584,0.45939416510227954,0.31279440099193145,0.5495060461778328,0.3753875570131621,1.0
0.41097996855737995,0.286661913693754,0.30743041231352675,0.7520283263043084,0.36987260073267714,0.21503697680287068,0.3680423970148341,0.2787133518773246,0.4251411769120129,0.3558503523576358,0.5234624149125586,0.5987598468563545,0.45811300140724753,0.34592374625780853,0.37672220833584447,0.5242441035846759,0.3480525736726115,0.32262826331422845,0.4930291107431902,0.5682577332943572,1.0
0.7495961891953642,0.20027974319859937,0.3760211268545365,0.5970090502986414,0.10085645508236196,0.3982211507373071,0.29368123007223296,0.3409153969552756,0.2500553245215799,0.24193973950454134,0.47031953334772475,0.6392879913512282,0.6083337756179226,0.591940236855881,0.32062965539216237,0.4563882816411385,0.8233144945972951,0.07305247659872827,0.4464138509409585,0.5968084521874324,1.0
0.11969942520724355,0.6654718733864124,0.2352550519576488,0.40496077860651847,0.29272691215272145,0.32171955092140564,0.24622982366046697,0.32442162813273445,0.3605347501058834,0.22870776402776444,0.6306801766570359,0.37727884408200424,0.3281901250328788,0.4459100145415241,0.344165229732084,0.4034611742735386,0.5791521063093749,0.5589434145737089,0.44830702804414757,0.45575982386647,1.0
0.3009329086386583,0.3597318000884298,0.3663736035448716,0.31929409281849613,0.3642970431360598,0.7003242908970249,0.21237801600777628,0.3334123594009611,0.1305357320230677,0.3706642118856173,0.8523997165604735,0.5770546154075207,0.5892468397916988,0.26235837235037396,0.5088660435527865,0.6201150056914471,0.29243962167570936,0.4371378376545665,0.4641531302957384,0.2684306239633537,0.0
0.6649233627055134,0.34844263287781907,0.4556879695689244,0.32325820256792354,0.4078560066983018,0.23578412000922255,0.36628952191969416,0.42787899158939474,0.3391195018342686,0.3399716948721306,0.7153411150876496,0.2899590121065775,0.5794137149035341,0.2939814513414955,0.5193574508182229,0.579212810795067,0.5191456839507841,0.4312533754813515,0.27874089520019585,0.49712366331515756,0.0
0.4627962778493193,0.819843801200725,0.24422554225877577,0.28514085017794094,0.3487231576277389,0.2329189248496823,0.15042467316731917,0.35638128667685703,0.47824432247437676,0.36582535451564224,0.6423252278449008,0.20683929322477312,0.42467180093721896,0.46054162622049727,0.4008598924186626,0.5047657400935104,0.2898358590036536,0.19320758336427302,0.49039922486136306,0.5439206925653418,1.0
0.47356276849325596,0.35363735492157244,0.41614863485067577,0.2607842656403424,0.32449730928093823,0.20773145961345504,0.46236495009759687,0.17234440542559992,0.6936457420282527,0.3327393039617686,0.4565963933160681,0.5620276904566257,0.37236302713907016,0.24402206999053053,0.6099582814119207,0.6741261437296233,0.4980074960222094,0.4771503639422404,0.4950223799147496,0.61455570799628,0.0
0.36344300226855103,0.13288063404720013,0.2200432974766633,0.3726966434539462,0.314227184046469,0.32906014309336323,0.5865642544269742,0.39510847558370843,0.36914316373755984,0.35890863232872294,0.37377047216594816,0.4996667449525054,0.4837232862738225,0.3384364754093489,0.4034451685718713,0.38916860483955784,0.31274515581036944,0.22687453913206862,0.5836230977435097,0.4412053038609548,1.0
0.30285249245365015,0.19044893042555378,0.2949307264720276,0.4875446969887324,0.32294018620725357,0.2713255273930271,0.3342689262997618,0.2938928088125232,0.25948366969347514,0.7573514013137936,0.48091345584768624,0.5278066110763356,0.4914812220746057,0.4476831575728923,0.37196257886600703,0.3943278245185253,0.5069294457996807,0.46714054158801493,0.18942373658624406,0.6329133796976938,0.0
0.5065154542667101,0.200933198056304,0.20699676987948085,0.780934182022024,0.3834977750021562,0.21616162524872792,0.3812067201763751,0.35964923916048613,0.4696566511202302,0.3171353344373574,0.5960393817056114,0.7030103176059255,0.5109383539217841,0.3606018660862179,0.5078093833140764,0.5086874785790928,0.3665450360565965,0.635313691125837,0.3766885781022153,0.43599759826857615,1.0
0.11023721405455414,0.44272683103431526,0.4138494357795635,0.3259119046584493,0.31988711062705877,0.27058767240348397,0.2904919070883131,0.4639037624607921,0.3203334559491039,0.710947136122182,0.6199235557141421,0.32722957820442566,0.3005628826236112,0.5689193048516707,0.42445863091011915,0.5796270811855867,0.5809839028967958,0.27014084244538605,0.5349003854683747,0.38754241300892883,0.0
0.2546542551141865,0.27936182041084545,0.38158616590710553,0.47445747649463854,0.35492160815784773,0.3585817831775294,0.2670820217969029,0.7493854152321571,0.33484794381662736,0.37529386900058725,0.26910907948869994,0.6955729825257999,0.47410507139780805,0.3919588084546648,0.6238632828993851,0.4400644830076987,0.5368408166061027,0.5412756915776004,0.5195343024710185,0.5115697400357653,1.0
0.16434928811865643,0.35147159133611355,0.25158319433476684,0.43318710226500534,0.24108483721822788,0.6220344934064733,0.19213655549329522,0.5329470355679304,0.3288189038814246,0.3157355290584255,0.584398825332454,0.5151730530563013,0.5629273369845421,0.4879337381408991,0.5091052864175317,0.43761500153507116,0.42169771323218574,0.4472126425482562,0.43784724002345227,0.5131754817508752,0.0
0.2938846568405594,0.3695289873002903,0.4378571476622637,0.4462503561797737,0.25756165821621074,0.18280520622041593,0.7272024419137567,0.3545645767019446,0.3581931429275424,0.3457552475375487,0.5353900828137048,0.2756964626291981,0.32542449097160814,0.40432989940274755,0.565849306487404,0.5793719316917821,0.5633304311149622,0.30643833536266685,0.5093476866464511,0.46286742896715205,0.0
0.32930051546113104,0.42471915904761237,0.33994652877870196,0.40251446192855983,0.28582575164208757,0.3554536513727931,0.7774267872315217,0.3570410180125088,0.26912525416555133,0.2665063885006236,0.35708089331473314,0.47069624704437646,0.4058848248313023,0.2784081344613242,0.3928307283610553,0.3112209791051918,0.45058177728575577,0.36556539027112683,0.2861160317042948,0.5764368722388711,1.0
0.2056379331025475,0.7061430391353856,0.4354683998495197,0.3166608339329274,0.4201142188157502,0.23311422954349245,0.39038006091092403,0.2671612642687645,0.30122543690318054,0.3112193616666572,0.45140024176438176,0.3999491982880096,0.5159006706954868,0.36959622455526825,0.35768759167521913,0.5779419266849309,0.6313442290440356,0.3400389608684188,0.2652549280967821,0.3165491119998025,0.0
0.35852751141642636,0.3657197642949087,0.7803444309855215,0.2808104430194123,0.25809630261193484,0.34236977968338117,0.289226862162519,0.26722183134512206,0.38986283720625425,0.4953092364598212,0.6534763026955914,0.30421760911029483,0.693813281005645,0.36305315185775044,0.5486830235004633,0.47271439627249506,0.30432937460294357,0.35324355508231503,0.4152048494031059,0.4592722658668295,0.0
0.4469239574753625,0.2567634040224979,0.757924020614205,0.22593987638342555,0.2274184825931308,0.262415117327469,0.30281861487123923,0.3966186447214731,0.25000313041417643,0.2903836246140172,0.4107169589745992,0.5749886849786567,0.45395574130579786,0.5732876315762934,0.4771656645867656,0.7574836920432212,0.44314894380978925,0.47989656048427554,0.4203260554150453,0.37818907687711834,0.0
0.2799122030714467,0.6844500996444027,0.35904729378450706,0.48149484807818815,0.28985205988035023,0.2686772086058615,0.3564350536013896,0.3546118362303609,0.3742847723086327,0.3392788828785849,0.5638635047930954,0.48374787320948437,0.4732173814888815,0.5618630948711275,0.5038322481447136,0.35644075403224595,0.4504013720495488,0.38339012034253506,0.5541431082754922,0.43659206425818,1.0
0.3997133148215416,0.2813369205130066,0.42339376307230225,0.41945295993049864,0.2208776472916592,0.770574379762422,0.24371097946876658,0.32844667595208055,0.33143381474091793,0.4995635366434483,0.4834317728825834,0.3997537844562414,0.5383593301493874,0.41316300594403277,0.4043923168898358,0.4513503752345633,0.5603040638597607,0.37726696221091377,0.3593721855443327,0.36301398844582117,0.0
0.7063016742236258,0.28008364900077165,0.3731165740704155,0.3484837512722776,0.25120845042531753,0.44442553551055797,0.24208448017439593,0.16676503403531115,0.35160464733981134,0.3747413941873466,0.727623781831883,0.6480572931613613,0.47369057315377133,0.38120193079936937,0.4206222230130564,0.4400922266112809,0.6496652862722354,0.20644646299291813,0.2644764535758114,0.20029839040273723,0.0
0.2815605767883863,0.42590985698817385,0.4092098130999762,0.15574729054413075,0.25612365696347067,0.31541371985411504,0.2759906833425183,0.2865157989721176,0.6848687626355974,0.38726412638119534,0.4747490664505931,0.5091791230270146,0.624752445287886,0.48603737070150865,0.7166274944191503,0.4864745354337685,0.4355568477562719,0.39370258349818227,0.5281037551635083,0.5198447045967844,0.0
0.4864057037871201,0.3388154087216744,0.28167994985719724,0.4375082615159793,0.31452755028162827,0.5246430287395372,0.2805256636046102,0.34000570361712873,0.3915163298304155,0.29220190466737084,0.5861642804396118,0.513523320839694,0.6188755065403507,0.37112645032636554,0.5955341573937469,0.4253921299556864,0.35482625619656055,0.5914447281823102,0.13726596749930853,0.3642076660553959,1.0
0.3346970103758156,0.267252569768489,0.3270386274569872,0.2901183433896785,0.23996763547436312,0.340737124030179,0.17663668639442923,0.16747273548375385,0.3386507792955466,0.8168902205880666,0.6142283620807254,0.5698274320012735,0.6152308812908265,0.4831881126859645,0.5171974852321198,0.32026054180299357,0.5297153970940589,0.3231734958995411,0.4671688744690727,0.2665001893847707,1.0
0.278263691277963,0.1801327706722061,0.6075015277617064,0.3430607175649677,0.37027937261219407,0.36402273942270225,0.2669582670479208,0.35428521268200286,0.25874623828758425,0.3584086421963504,0.6162564579939205,0.4813200519017687,0.5807661708580003,0.51848515747534,0.4016644193957192,0.5963389868908926,0.38059136350599954,0.5055560098970362,0.3895411704394814,0.3804904390183902,0.0
0.6868934041394552,0.363999843091049,0.36630685742089397,0.3499300633769832,0.18259753477113605,0.2538685605588046,0.29642221479015535,0.3178036981193724,0.4746726109183341,0.41380177862310785,0.3708067741325638,0.698943198984491,0.6343835066180366,0.38227429671246854,0.5527674652453667,0.48273408867409945,0.46230613102227003,0.6763549300150054,0.2735452380416561,0.4871668850490838,0.0
0.3980118037567436,0.3748135491496411,0.32546129176652866,0.8391694485237439,0.35095965103017046,0.36384799198882495,0.28979607182465,0.3670709239052849,0.3260994863559496,0.29141228317351364,0.5404203339719836,0.35497641110435024,0.4018352884461734,0.5030346246644528,0.25473754772772766,0.5891216398314733,0.6612654549514955,0.5813593695485013,0.4400185732030447,0.6538321736636534,1.0
0.13944287937760075,0.3260608263889767,0.3182445808528151,0.11083860614566068,0.6830792075063175,0.461588389611308,0.3152917936873874,0.22917260027776895,0.4779628557293506,0.3591205271934668,0.6631266430286187,0.519630347151831,0.25017802446298365,0.4445350662093708,0.28037401888874625,0.6308572612184608,0.5651032665087478,0.48150358717980457,0.4312115176485203,0.34456141923483796,0.0
0.3720594450071946,0.3579839300219871,0.3252762474775323,0.6943681314189333,0.15553483369886642,0.40349004667380994,0.4002034561682548,0.32118448540596944,0.3115497300156017,0.1770976828214359,0.48766847448057143,0.4070988420799351,0.5503361466920015,0.5752118988820197,0.62374901759095,0.3746219128221895,0.47622775183337207,0.5322535841539239,0.5848832026743738,0.48148235972074205,1.0
0.4362577248175947,0.30227262413361566,0.5222577856896798,0.22744001404423037,0.22150882295216634,0.34791474500965586,0.31411528079876155,0.3803105451741429,0.2983874735950932,0.7149877017044297,0.757196282930306,0.5569808804468365,0.6972710371704338,0.5084646949882442,0.5558393544813781,0.5385182098684165,0.4196082555400066,0.42868333754966725,0.39372329543547396,0.4127704543457282,1.0
0.399653353229753,0.307260827537125,0.3629627508248876,0.4016269229592071,0.250511746643253,0.4074627799943159,0.41664312341405624,0.27757145525702137,0.38068648042815134,0.7018882906657213,0.5014630024309077,0.46714353668795683,0.5533947699569411,0.6037607527611422,0.5401877138040245,0.45696591528524744,0.6172385962401465,0.5709014423519823,0.4340463004996367,0.3571359462511139,1.0
0.2355284226095588,0.27259619321544293,0.2415368948761556,0.40930982810103106,0.3564698571891389,0.324527779677855,0.23762983003812188,0.3318849845119519,0.6292555734493498,0.3298902939890095,0.4365659478020059,0.5794445836931699,0.7538274496715225,0.5325469684632718,0.6562406793206347,0.6734446672611267,0.35919977454149354,0.4452817659877188,0.40161602370521127,0.6372396313418305,0.0
0.4255522056194223,0.3738822296255859,0.4108176898729471,0.4975790062137473,0.3234642788151892,0.3360848765914481,0.3503782020054759,0.6188400581504859,0.22380544931622975,0.3278920518008961,0.5370992545726169,0.34481613722015325,0.6269936065928055,0.4248545205058778,0.5742713285270058,0.3845845722621536,0.47487804652913285,0.5289534885880902,0.45063487741744557,0.37695853114117994,1.0
0.20607963137089128,0.3682989299236577,0.3674152980460794,0.362403248091823,0.3569970211731417,0.38189646814277073,0.7237502714102968,0.34572748902972306,0.3545502291634371,0.21374132250196887,0.6491268503745923,0.4846929000775265,0.23582443624735677,0.4240751619523547,0.42352272305723093,0.6451721407407802,0.2163489010357687,0.41929833973664515,0.6655538303538897,0.528077587288725,1.0
0.6955653106742288,0.32714052611198385,0.38840999298989065,0.3499392394167811,0.2586793585387992,0.3875459950514198,0.28465746168443656,0.3089911574110681,0.3876823694976608,0.4524617936197138,0.499587882934912,0.6930364816478501,0.5835104398538267,0.4728556629525649,0.3248772303037736,0.5114382137043095,0.5240692045210829,0.4797470600576944,0.45219798863772287,0.5118510952555343,0.0
0.3155391848474518,0.32203456133354647,0.29207697076849737,0.7050291661098447,0.31006996246270346,0.41143241791770907,0.36796089679365146,0.41366245074894886,0.30799304193250115,0.23597080079711655,0.36642866351881914,0.7854447259017897,0.4522258191411819,0.32715632723823024,0.568334552794487,0.5282790617262838,0.5789979676001452,0.6856940865371777,0.5259837081934179,0.32602501884265883,1.0
0.16768521590402455,0.3490416171475651,0.2119166495986884,0.27733652787415836,0.14885949044208774,0.49945734354020455,0.2512451775337867,0.4462768445492684,0.7590185692598829,0.3154352411378912,0.6286248050786987,0.4986308075106654,0.40666863248395785,0.487871312614301,0.4085648962321874,0.45122372299970226,0.40985717938383315,0.38834443978102917,0.5879974871752425,0.5268010065504959,1.0
0.26780470797015254,0.2772865208400825,0.3788332885111049,0.3192360335168545,0.2920136225178304,0.3622526756753675,0.8498374623125484,0.25040506984017774,0.25749711263428166,0.37762727380968003,0.5000463914994996,0.4294213417749978,0.3881742637743207,0.27076206136801323,0.3511910740053657,0.40898197979608514,0.38710323861817564,0.5600388180673057,0.23952049627840577,0.30218003680963235,0.0
0.21548474875139217,0.3803931998487882,0.39651153819862733,0.39314557094492397,0.28173115094472756,0.2303263186579415,0.4107643861187716,0.3565318929283447,0.7440556583146862,0.34415516626489406,0.5956033515102169,0.4249184546799776,0.257694764609705,0.6795629656124277,0.3840158169527829,0.5196825358038747,0.44786449073267454,0.41204035879659845,0.5761801670003712,0.48288545051000653,1.0
0.16119232407051026,0.36380331477900957,0.23723923477625047,0.3646309077062979,0.44224592479839275,0.26372253329942436,0.705709434871775,0.26972047557520673,0.36371217695679775,0.26958571597271996,0.6985581758727879,0.39439064188356565,0.5862561254031247,0.2599606399752241,0.5763046826771052,0.3919025996471138,0.4500329013469067,0.5251826129532067,0.30355790283845907,0.47806647360173316,1.0
0.28237034866098254,0.20760002289606488,0.24418990883292108,0.3399541204512197,0.3807337065788852,0.3810234845431019,0.7025334735290649,0.41269951995629894,0.24474731887319562,0.32600780812039326,0.4359292156223799,0.26376930387327746,0.7047958462855557,0.37266280319850276,0.39289624404070383,0.6710265948116755,0.4641957097518933,0.30738144628776964,0.21653722572002415,0.49803733703487535,1.0
0.3166359670222106,0.30862217976820505,0.2823725729129325,0.2775682472354967,0.7510272009379213,0.4275665101220182,0.3939247092024203,0.27750290340675815,0.23936368050045212,0.37960698242695556,0.4413919603444226,0.43743071314644477,0.6401108145652397,0.34246378602974537,0.5400762397516128,0.21924469530035262,0.3951617162297143,0.41239319936054497,0.3467830655095485,0.39896813290433664,0.0
0.32391434824397825,0.3642366132107898,0.32463883154508155,0.3850552408699811,0.34665738383113504,0.27422113684868277,0.3417611143318001,0.3242754984254545,0.3207734157147532,0.7061415345717952,0.732040825344271,0.4158413805087124,0.6180733175866036,0.4880291134863753,0.5319227508954921,0.8364973296920046,0.49308693271629805,0.46564010480334556,0.5097327748520383,0.2776020323210494,1.0
0.3145130190259364,0.05228672891939748,0.3764286582639128,0.5185422958006884,0.216953397294257,0.697606909069385,0.3035299555110646,0.40262073239325036,0.36503921822840274,0.25479391645768734,0.47498791408985974,0.661636342594729,0.46989994453847655,0.3146135141738301,0.5158098571217105,0.5858864684592308,0.39678061842990386,0.3332593265020188,0.4399298118540737,0.424041143043514,0.0
0.8499593661805048,0.3816443281417238,0.4491254515044103,0.32959704388595146,0.42831012850395767,0.3870846398144187,0.4839642379750795,0.3209494886507091,0.28662346396438904,0.3753664697428995,0.6192184987359847,0.6044998691976899,0.4583748427326281,0.5538333960330113,0.46250254345129793,0.780890275755857,0.45642369729935733,0.43942771970418415,0.4604011439454066,0.31375678462860235,0.0
0.30390313820253484,0.3395085497173408,0.20077515359629705,0.33018614915956923,0.324773853503921,0.33524219902078206,0.8252996570967548,0.40194514900412986,0.37319180650101613,0.2579708553190986,0.3838218867253189,0.8284877208209434,0.4144811628107976,0.5301035927832733,0.49153077597424355,0.5667800725824595,0.6833734539871242,0.3084813599103221,0.17686901646520647,0.32333031636228726,1.0
0.4011906783960948,0.21555229722562141,0.3527597088180903,0.4644284509991345,0.29800956110302723,0.2591885791398254,0.3782194417937789,0.42807664437924053,0.34053896676368856,0.5775881108493395,0.40841665589901366,0.5177141081575058,0.3947753553481378,0.4769905599893831,0.5434774165594249,0.5057168717134679,0.6105397691942257,0.5524888918360615,0.2602798547836551,0.5786352490834203,1.0
0.44331806669436435,0.2010771934062821,0.7712887148508003,0.31921096941416094,0.4121196336596663,0.14587285501660266,0.37678887251978954,0.3054678917741963,0.22319467423336198,0.38457757164933354,0.4941398692610952,0.38234538343101837,0.426567330092383,0.41562040017616797,0.44770974138358516,0.42711087410511217,0.2917285142805496,0.5636404168037249,0.6285901834720259,0.4441012295634353,0.0
0.23815590802497633,0.2742238748644711,0.12329700170486352,0.2773881425303891,0.2174440947396921,0.731142046302264,0.3140692408057864,0.22789664737752874,0.37403216218717533,0.2695828674312341,0.5822830206461886,0.6560753820110343,0.44919389478491367,0.399662652726445,0.5562653999913068,0.49510882836996667,0.44030691027896873,0.6880685632485777,0.5451434410518264,0.5520434619871348,0.0
0.21939564243652132,0.5240943824526295,0.4869706673687245,0.6708681769108795,0.18151682857080922,0.2817588914468355,0.30848131335846696,0.27009808085757087,0.3594404142289656,0.28947670689333904,0.6654478678057912,0.47888551444362065,0.5042176900224642,0.45906863791625735,0.34159513202157443,0.693861681903464,0.544548454996816,0.761547603930438,0.5939279977128457,0.47666441927820447,1.0
0.2743418955410775,0.26757511546943213,0.6015933182596819,0.10732521147420584,0.33820713991075585,0.24052286804569684,0.6951187018598313,0.41420429886852084,0.2909427211030064,0.3424932791473131,0.4891998932571743,0.6087121007513274,0.5475010629466506,0.4881152734375398,0.27623387658462334,0.5537573518448562,0.44551668752932144,0.5341423019388105,0.6133338212546768,0.6675766601784839,0.0
0.307923897944864,0.25556677786383936,0.38997606901289095,0.3147016302717026,0.6639234510567806,0.296954435368827,0.2683523231150301,0.25564810918500896,0.3164845902488081,0.42703084893860743,0.5351823741832107,0.4568648395195253,0.6172872338286203,0.35245651705605285,0.5267329130544854,0.47855965920449384,0.43087335041061736,0.5958602208711592,0.5034519958929097,0.6506219688144502,0.0
0.3894073238341928,0.3061980795327832,0.3075237422963577,0.33362711788749366,0.2369053100639011,0.36556143318584383,0.41976133151518213,0.7482955604902773,0.3591116204473447,0.2677871737348736,0.5660764252780357,0.5338946560086368,0.4578520871942525,0.3844950143808564,0.5029501124320346,0.5577838111629869,0.5877647889964525,0.5683728989244733,0.5519212516041703,0.5685875408184354,1.0
0.24713790999679064,0.7077479187524596,0.29851801286584373,0.41733653052003117,0.23985080523105212,0.2984389296525844,0.2716213078379363,0.3650548966654209,0.1847570234116708,0.3523125273979689,0.5491581321482928,0.332629603561005,0.45740128172163264,0.6176485128650213,0.4305503066190148,0.77314219418697,0.39463478232016314,0.5420138806425215,0.37613978713566953,0.29715052673929426,1.0
0.41091538557642393,0.40677289184989135,0.2548936853890005,0.43424805106954817,0.7033398101508085,0.37105588803148953,0.275755739630741,0.31007502373535395,0.24831581534269354,0.2348151249339811,0.5512566340020423,0.6649676746317574,0.7142464324643301,0.5268017922023547,0.39109835687702604,0.45627173537327703,0.47693753181065823,0.41052950861219706,0.1660388319093543,0.36418535364145116,1.0
0.18185985462076845,0.3592448285949853,0.29778148118747183,0.3679365478954602,0.31526936651348547,0.2645801252002201,0.6027762992193979,0.343684024551964,0.14966453471367128,0.4558893795534374,0.5331380880512643,0.36709380501459843,0.35099187179088354,0.21743419755285273,0.7170527834574063,0.5534874288055432,0.35857089947476345,0.5532796723954996,0.6153598044080855,0.5378129364166497,0.0
0.2734592442227862,0.43403024179705535,0.30293523417184687,0.3921548773672673,0.3271870865732012,0.6949542960266291,0.2587691534758938,0.4397984337667459,0.37532063950548,0.27136129159990063,0.2879399638456857,0.2544218288026252,0.586578477540961,0.47200436168907084,0.45730846468483344,0.5278571072066763,0.7217127908304263,0.5838082375237693,0.5364887186368992,0.41365638377070824,0.0
0.4375532992099568,0.37314050213692307,0.25114694428173634,0.32841044214196696,0.35951752972313294,0.3565175726731126,0.33097065364255956,0.8400326477578555,0.30190503208889846,0.313770190579107,0.29402122131094544,0.34228540594940926,0.6062402728116977,0.519106492663224,0.4466806332137596,0.6789331623653775,0.5037748347561632,0.5486771397464916,0.499024210320421,0.4090320947063856,1.0
0.2989741069145483,0.2472868798760879,0.35539129822704124,0.6481402597217412,0.23638693804984282,0.36255526538350763,0.3169738116675835,0.37108955755573103,0.34013843079016215,0.33853628660430846,0.5244660289672496,0.5492894650508322,0.5482100706288529,0.23614048808276025,0.22561360092222615,0.683769324583347,0.47024466973141726,0.39593955872042713,0.5752938382829788,0.4978950104179847,1.0
0.582042143412459,0.4101710081789266,0.3797291681125266,0.26629197799524457,0.29641071266320473,0.3948139941859148,0.5730075628128186,0.4053942938012893,0.3155139622724295,0.2970813348924124,0.44628070969412925,0.4660986226218406,0.6306102094478208,0.4006816221581459,0.8126273087145566,0.31801745635611045,0.3756371185235816,0.5428251791139806,0.38743601857213955,0.37006233512109576,1.0
0.6523814707766045,0.3912666249159132,0.3500741180939675,0.27572957198671355,0.3507190419182393,0.25884083277038283,0.26758832532791577,0.26207369533059066,0.3188567427246092,0.2906005608187346,0.5207508552421898,0.41767424744938764,0.8664527352510984,0.43635425135752315,0.5746598454112319,0.3922812264881071,0.3620085419031321,0.4006228029237694,0.3000454154359873,0.07765806725301116,0.0
0.18842410332921466,0.6878930139173952,0.34935015805892367,0.30624885755265646,0.28764891210958976,0.2226488833214759,0.3136723052817613,0.4655846815863752,0.24829096549229734,0.31903637114578076,0.25919347923043773,0.3909727197937342,0.4378049976283407,0.3910638293478388,0.17463013684502898,0.4350592063886916,0.5660879621819077,0.3279520016414744,0.3862395534205864,0.2716036409039489,0.0
0.45583224259317623,0.316144111473135,0.34718558211802236,0.7053931437982748,0.22142716687112401,0.35431205205072897,0.22743559885528236,0.23886611303131688,0.17638245987939613,0.4241343059281445,0.46043095818684054,0.5597947573946666,0.5360359384379444,0.2949815934091937,0.523464935789408,0.4889297497959755,0.2459171129234884,0.35476777289972616,0.48452957859719264,0.33219292529510136,1.0
0.403304903299035,0.39524035898592114,0.332545538290798,0.23745784514841461,0.6482985027441402,0.3381174549508768,0.32666302388577195,0.3423813967866854,0.22824138764209911,0.314119399771275,0.6444400381333182,0.5380246731926984,0.3349950076346714,0.4136816567089279,0.4783149757706916,0.2962603148508517,0.5644018424114897,0.6098451811805429,0.513960663311619,0.5556882324094152,0.0
0.241100838117346,0.21196417872293827,0.38912789937815156,0.33712747472988436,0.3427087043788853,0.1938562239607271,0.2223507398489066,0.624314271700625,0.34702592015755696,0.16540608987856023,0.5322996575500353,0.48940979010293173,0.4303088709031427,0.43742707134739617,0.504977928947849,0.41456685088201695,0.6075957337182564,0.4131334596667171,0.3863060042098343,0.5392643438846596,1.0
0.3172954382199131,0.3793994204725389,0.4868133834860602,0.34812141553986853,0.2610090491659777,0.3871866561537938,0.25144974654589086,0.7112158608725722,0.37482887847639634,0.38435122358897955,0.4650330555258224,0.4487096041195859,0.35185899282821415,0.19849627371461456,0.6583268784095413,0.7586461798058748,0.3155376986464862,0.5922319646002205,0.2130270810090476,0.5478301103283932,1.0
0.32988163775010115,0.3319810739883712,0.34385648190949447,0.3513989044870067,0.268717143725253,0.2897189784702063,0.23847072694128058,0.7966997127040254,0.3447658842887976,0.4169281119746717,0.6631108826173274,0.25421946298322984,0.6297646832943242,0.5333453093496131,0.5320752639793849,0.4162313828296885,0.8042890859402687,0.6248318692361348,0.6705619461688888,0.5450354014653442,1.0
0.3225980438189353,0.3271618948980306,0.2494193801245836,0.43623205937141585,0.22606538166688026,0.6754429121931984,0.35978747516025594,0.3133873400037567,0.2896746209047651,0.4906862291236814,0.635673244235538,0.7550409005603094,0.2706085664294601,0.7139072641844734,0.6590563165585199,0.4003476183285817,0.3824028360287891,0.4651058602736347,0.30798554998368805,0.32655751245960757,0.0
0.3099309599902189,0.35089410157313644,0.18543853227873264,0.3732395142870695,0.839392983871633,0.2788046377148865,0.29201543334618796,0.1770580009276867,0.21289004536939643,0.31836997845180437,0.673394520900988,0.781976796778475,0.5782864439624925,0.3067391185951855,0.4204941462705909,0.6625330055563345,0.27450078253169063,0.3524617359248439,0.39949587128828534,0.35780868615433686,1.0
0.7948310385831019,0.3783317398286404,0.40683014961973507,0.22947014203372312,0.3440155329838072,0.3796764775283067,0.22110212344207014,0.2921644759901586,0.35423497075277616,0.2362410711649979,0.5187351361253785,0.4821239178426413,0.4392529249959429,0.4855150116461854,0.42775077567260034,0.7457706736860765,0.5969295340174674,0.41313385260816127,0.4588511559380845,0.875608919353632,0.0
0.3287991886889938,0.37364495001288867,0.4065073673175479,0.27563179340821575,0.846468635827766,0.3812858393032297,0.3425085742159591,0.21789815826217374,0.2709938502259603,0.2718086542171338,0.4943064177136039,0.6026119681373654,0.45684637423423796,0.7307143095625873,0.4391878369961751,0.45029810456701214,0.3082314215614761,0.3426818848819275,0.4875076557424757,0.6397266936588707,0.0
0.8048078395039977,0.3274014516743476,0.3449017233650574,0.118195620954714,0.20894378799670305,0.34327600904587996,0.2255063321640063,0.33028836449268434,0.26191614666178215,0.23001493041336601,0.4290412475311193,0.6584853345974353,0.2886043708849064,0.4271324324471789,0.5400790605157609,0.44133199567149733,0.39634830364428897,0.5519481078875131,0.6698578879494395,0.24367330058871814,1.0
0.29772806613321956,0.40967680937388457,0.8043073745587455,0.34991162690359257,0.46922596878181844,0.3407561902055313,0.34977712890871154,0.47758642981952615,0.2148844276560128,0.2519819085995108,0.47793692075376537,0.637277966795259,0.3534430285011995,0.5726415957018002,0.42498409111360597,0.4531492519977434,0.5445334151207202,0.43931787423827223,0.46680082021437025,0.4309119586759375,0.0
0.44800241321822304,0.36117635344827775,0.363305359215633,0.3982275206257488,0.30464971635970545,0.5867982761743749,0.3799596008644395,0.3266609051669416,0.42062341540802506,0.20294065370401612,0.438371927803686,0.43124830704835004,0.2264994661417511,0.46141602643585955,0.6025961683073724,0.37411804162274065,0.3897074777351219,0.3897038419934691,0.4285062561537681,0.6277887120582084,1.0
0.168265498836494,0.3179906348134932,0.28219983841085844,0.30727914380958427,0.14940043543121997,0.3068448971790868,0.18045780244480783,0.8621460333225882,0.3831148394199936,0.3574661394159002,0.6693492571246401,0.33412407667605515,0.4152120688408111,0.36749169613128924,0.463253869033063,0.6486876354858425,0.5840812804386565,0.747758550733556,0.6524987421168466,0.5309303219644408,1.0
0.4608739267814989,0.29368082495456405,0.3710405218603413,0.3017726021813965,0.1624792099013899,0.678151042705512,0.4330260017352857,0.28364277154089484,0.3427663408484271,0.48865885041355805,0.5200002574874597,0.5985415692925878,0.4939604123326427,0.22029380681650423,0.4834188932265281,0.44165878376042916,0.3482974344322803,0.39297077619498116,0.4042305875525139,0.6541493015771611,0.0
0.22195524795105775,0.3701463110592842,0.42790602619434737,0.2599956791259728,0.2750368148807068,0.7894027009384423,0.4253840856554766,0.4522883350266401,0.19666339723653503,0.3827217660340184,0.41833123162912583,0.6007926145993205,0.2892091172021002,0.40625705059368383,0.3580228951497426,0.5197344814716824,0.6249721390416126,0.4135367554016962,0.5145931692184629,0.38485383794290434,0.0
0.1212139797312427,0.3327115051459081,0.2613710968940032,0.8335501639609784,0.23400379510435007,0.2806547004087631,0.398888766916805,0.3021208778744647,0.3019386735675764,0.32047410659776765,0.5046964177805787,0.43661393852851094,0.5692440393319793,0.44958132613098106,0.30094615186200413,0.49685906429198445,0.7709423226093104,0.46707139761557825,0.4591670659097075,0.5701741107010074,1.0
0.28838643659833346,0.4275045793984571,0.3729344917160592,0.24215182270562396,0.3655233557915952,0.6195153959388557,0.30195239047741396,0.337402059623845,0.31212543505956086,0.2772742784571206,0.7029920940431431,0.4517064628380544,0.5243165500001534,0.564841124190866,0.6291375504663654,0.37436686769341715,0.6658646629330562,0.6054869650751714,0.6780883481451424,0.6211390938321268,1.0
0.2063713143694913,0.44701763179779236,0.3429763412200687,0.3375008696681946,0.6374228215640088,0.3024890402841542,0.31524614457621847,0.2559218319648117,0.3852448737533916,0.40209411578866433,0.20643039632117938,0.45447916627048734,0.4210702915207613,0.51559081994042,0.4318378262202336,0.3738522434694783,0.4396435130189267,0.4530556352188397,0.6086353133077839,0.6865584246804759,0.0
0.41603209804827473,0.22410406831176244,0.2816444996600745,0.4276011027050984,0.8872020039726503,0.3106944327178425,0.3667653921360521,0.46332250985032875,0.28152825861432784,0.2577729884124707,0.3609793083746222,0.5012259061993403,0.5442769112857312,0.5194365084617234,0.6145602322317858,0.41133735616059564,0.7685389874183015,0.5388097128377669,0.4795468323493664,0.3662288892827579,1.0
0.44483089284059246,0.27235057755588216,0.2899998051543898,0.27195354441329833,0.2925899662781494,0.33746700609730873,0.3669098782341094,0.2959211598964096,0.2930800153363053,0.7295113003934885,0.6570697286303645,0.5183605553972593,0.6065255920311888,0.3177109814603031,0.46093922144340477,0.4504395995921525,0.5556174481394869,0.41941393474984173,0.4393962607686203,0.1591464270954318,0.0
0.27687817592094216,0.26555743989967606,0.7953178311719205,0.31057367334232805,0.2660798739742467,0.3086886720251407,0.33568223050249774,0.33446624877246894,0.370241125990984,0.47600535639847663,0.6808538306112736,0.5210241058043381,0.4372527408974628,0.4777949842527266,0.5970670121585832,0.620436037799628,0.3293125206098505,0.19261420129879503,0.4066293346019593,0.5139398249976783,0.0
0.3718387141500463,0.16956575855999864,0.4085884629010913,0.32249761663325316,0.38309454994011355,0.6745580806912623,0.26954428690062826,0.29104881643949865,0.20065231055618477,0.3100588994234379,0.664525599057735,0.2307386221363421,0.4282518905251865,0.4150664115045727,0.43094208627822994,0.37057804402247746,0.5334500615429911,0.6479440760558501,0.5427609999284464,0.28464111758801736,0.0
0.25392868244630207,0.7475767277489483,0.39935138408501303,0.3399085370062634,0.3523704769555989,0.4492785021442264,0.30656052073631423,0.23441565912616322,0.4159620266345788,0.31750887928093036,0.6199921533195751,0.4792466301616467,0.5805749002064502,0.3985477355914471,0.4065412159839181,0.38084996543296945,0.6440545604093817,0.4516235124386886,0.5154946008337564,0.3933818754475924,0.0
0.2567520293104941,0.16759124865287556,0.3092053668479338,0.23341297797902527,0.36200100287964426,0.26923609070430904,0.830214046151891,0.47630791715696696,0.3428335554594386,0.36353772896218894,0.34655079490947804,0.5689568126360369,0.4067591688038469,0.4245753257208931,0.4739398989014204,0.5620018458232079,0.4401553972971963,0.4280621878515402,0.30015387097075075,0.29403664364143,0.0
0.38012263357387066,0.12361183294107386,0.2874002511700763,0.4193038891482057,0.3487029468063463,0.23704239182174255,0.28208255465373566,0.7657005198861033,0.22115516616490588,0.2908512451260174,0.24911095733350325,0.6599283362777749,0.3797368688412728,0.3957925802568854,0.4750834283844704,0.6159995255729335,0.42824680769837886,0.492014876420054,0.6320908911437926,0.3602576736832182,1.0
0.41406835219108307,0.29626462569444084,0.6516117974745255,0.40128911624404706,0.35326055431472836,0.2833994087767021,0.33536239938223505,0.38482817503657313,0.2005436055408103,0.21963998849245286,0.5288920544256238,0.5115569560947818,0.5719944077736778,0.3627415010491396,0.2928715507776548,0.5051144969493523,0.4520427832092732,0.5779755951514635,0.4449887821785968,0.3173241165435372,0.0
0.28811727188030456,0.30365194535713425,0.3803129340033207,0.35365185526725523,0.5147948969050502,0.8664576851195678,0.2936009114095434,0.31391714947399807,0.21867378374588048,0.33932880587397957,0.4660606620219921,0.5052919926535935,0.6478592210488433,0.3716913850632648,0.24178587333169926,0.6585516439170923,0.5518532514593982,0.526628406358699,0.4725427150786153,0.39919446095344624,0.0
0.32683651258993074,0.1369429557285656,0.3682466483010431,0.36211567524717636,0.10605850291087501,0.53467461367339,0.35703228572250423,0.36893817758031466,0.28804035335278366,0.5809971593976676,0.3362933557767499,0.3852908291387042,0.41219444315053566,0.6086294128773456,0.3300496221574136,0.5655549165159067,0.5359091899488904,0.5607695732061118,0.4320228639720171,0.46903149753343687,0.0
0.19135529935467127,0.4153448968938756,0.292503060091861,0.33390025728320455,0.715110340742144,0.30430553922316805,0.33649222307641385,0.3741940714470691,0.14680760465338147,0.3614060187376967,0.4514777782348186,0.1828020168474041,0.26788256855535897,0.3628422383756355,0.7212734416954837,0.8092511599118726,0.42224616442253776,0.33401604729016254,0.544966874331958,0.2967910417890497,0.0
0.28512405406309393,0.3242271705539021,0.6415438410719292,0.39231355942400503,0.1286186138592434,0.4108068215123495,0.2596887003986003,0.2877058076883173,0.22374957204929719,0.29785651860413737,0.645574140504149,0.4789163706249735,0.5674381380584484,0.5283570321035185,0.4165295201578977,0.4044993828104168,0.48596434508720104,0.561987604223815,0.30764908597224006,0.39484535701670426,0.0
0.28428383341462515,0.21629258376806382,0.3112666904742795,0.8397616727516166,0.3031258677958382,0.3724639984140806,0.37663729800440837,0.3241095156932864,0.3908098776814474,0.4193278485925659,0.5292920450801593,0.543748061040132,0.5708778313862772,0.39904785014067773,0.6249532793442318,0.5850296201973793,0.545919666144217,0.382182690697095,0.4210696443367745,0.3322357529787711,1.0
0.27451134847957354,0.36019397503951983,0.41656517171777174,0.8593410545149698,0.2819558891175398,0.33355377639271894,0.23779001707252634,0.3315576858972122,0.31537565965333214,0.3261435329106694,0.48084034803836295,0.38962771148328845,0.627212672082113,0.348293527593708,0.5957689790067319,0.5759598561935962,0.6386949430958785,0.4608130512979886,0.21600818511762596,0.4681483335978813,1.0
0.3118613743294849,0.2864537067482028,0.5020423358946818,0.4114057114094012,0.42125045817469875,0.2572474962552682,0.6255768217561366,0.39451433863932506,0.2900094097573317,0.2973658707208101,0.5995841996991846,0.5352511484254102,0.5002619604873938,0.21705815721359759,0.5071077694404609,0.4677117414861425,0.5781644830843056,0.6023837275385959,0.45237864045112197,0.5647214762835817,0.0
0.3972176299176572,0.48773375446827605,0.17983693512435647,0.412347146166406,0.3501078914733398,0.18336396675494304,0.19933503012552553,0.29443862145978317,0.8294061522804834,0.2668522394369703,0.5711324770616069,0.4797206314161162,0.5202893105375331,0.36230676792432653,0.3551182254240765,0.4595267454617704,0.24271730192810612,0.6111690281635799,0.3921959715029292,0.5703483732450508,1.0
0.4234027121175791,0.25984230987913143,0.36005797002829165,0.1886500581810767,0.24634636212874356,0.3423447365024769,0.3631450577321046,0.34819221109256926,0.5404604810252553,0.2635640905722192,0.7038612446577406,0.4318974564763848,0.6243090973635618,0.3533505083059273,0.6108376181271918,0.5722748842552821,0.34916988818101924,0.5262346295761733,0.38445834132404605,0.6251292708294993,1.0
0.2531451791295135,0.23194630850303383,0.20919235837144468,0.7396845050884828,0.3163234736180871,0.3066870731053588,0.3148847022957471,0.30235607953323645,0.31225405168609194,0.3237199222648055,0.5700538273489282,0.7288534403365741,0.6283921315081753,0.4789119988429596,0.5487098514223576,0.3129572262896312,0.1653310873207648,0.38555784064395837,0.5187507166585247,0.46816089158654944,1.0
0.3375447414847841,0.256295709634682,0.21807817240220248,0.29200118610212933,0.36986509036364285,0.32943878383806746,0.6148479113879226,0.18913136893095336,0.30967828287402444,0.22343304890379018,0.5075890218938747,0.41626155131842923,0.33554464550111684,0.663851726329221,0.671371478504621,0.578511963012197,0.5431362537522324,0.4607867971808229,0.17483333814601276,0.4512258178778545,1.0
0.2705898859825123,0.19034466046862986,0.29325336429259513,0.4231107088433897,0.5587691364276663,0.26383141333624144,0.2121438915502314,0.42315284148395504,0.2293309402301698,0.46828351819535297,0.5919099672245863,0.5106351716990024,0.35007931170854545,0.6059944915440176,0.5886682355593217,0.5800183826949887,0.5013129726621017,0.4957383540962526,0.4164281037346278,0.5038229933402932,0.0
0.6993443489294228,0.3569003780921731,0.29173316019567486,0.3611099342061076,0.32347749646371315,0.2369228391445572,0.2610063920666691,0.4277275794774232,0.3155215753587839,0.24044066270077052,0.5613819919394668,0.7714688506736439,0.20350212797650108,0.35336469178566204,0.7142970593349042,0.3301211763468727,0.6093160459842076,0.4580308222793604,0.5938577158225975,0.2659375346591668,1.0
0.7878981776458731,0.39575472000053574,0.4105020680145244,0.25301948340369584,0.27205912340505384,0.3974780338291738,0.3602079012115994,0.41211998658250343,0.33828345076174776,0.32066069997779184,0.3321424553052602,0.25511823086702745,0.29094361530535023,0.6513907219617214,0.4616866856320443,0.3638917411594381,0.4931926386759586,0.6925092027485668,0.3934360055528909,0.6608445919013006,0.0
0.24848228561020924,0.302307043955407,0.27489929769552957,0.4194449035307012,0.3246427047298646,0.7517865740552931,0.4504258174571436,0.3496131837952947,0.22265478145730067,0.265260563099903,0.7005692865778832,0.3676364452576323,0.5000434546813765,0.6051060075838042,0.5368770026288784,0.5409013346922827,0.41977900440983906,0.5263085278997576,0.49393939157783234,0.3289647773039289,1.0
0.3746220891140129,0.8349913339441357,0.35653055073399315,0.39529696520307595,0.24865541112722342,0.3624521637061229,0.24154696348459465,0.22094456476319257,0.27027042679494223,0.33244229146914284,0.757393444225879,0.6238504067192331,0.41463474392901234,0.40096534478172385,0.6556683246550294,0.32931511464663665,0.5088357830551085,0.5015417232422645,0.6660655880694653,0.5677539546087287,1.0
0.4988396831416342,0.386168715721229,0.3302163523717719,0.40337021356184655,0.2478080705993339,0.6161156023516685,0.4154357009811301,0.3737271003608801,0.26459910392634184,0.33578138304095767,0.48918899693277845,0.6201923941017972,0.42680554373929075,0.37738605036170403,0.49816812617452794,0.5826476833239089,0.4621112089586901,0.5065129015021747,0.34666593780217153,0.4539814788339942,1.0
0.30701088447128544,0.23478433795856202,0.29966247783126687,0.8826126488174193,0.1545637199750269,0.22226479024651133,0.3694020605667978,0.24202048312592733,0.24660389951434392,0.4257621566757915,0.7093092188777209,0.33684114563542333,0.45876268716095475,0.20974353385067993,0.5922603893987427,0.4417431278798739,0.4535530376989181,0.6405667132889816,0.6877452073157124,0.5696269786494924,1.0
0.840430360000824,0.3351267607873476,0.29452667877661554,0.3774089581962856,0.3259943568072429,0.2869250965956734,0.23054218497697215,0.39186453495638096,0.16493109432212477,0.4190399285854492,0.4546010510472527,0.48696007181429135,0.6867744962438771,0.3607905676061537,0.5797966912262196,0.23038712308537124,0.2402667452081971,0.5082972084428745,0.33026846476912786,0.6134646195417524,0.0
0.5400382598497597,0.2206849263816743,0.3389536748520627,0.13496198299584652,0.7483481574756419,0.41530864518818666,0.4868311611238417,0.5110866076715397,0.45648819937697926,0.3530727995508031,0.6311436447002587,0.23711653899910926,0.3722217068353169,0.4768953044337046,0.5505994679094205,0.26823948080851273,0.646998792031656,0.45524326384686786,0.5662529736241383,0.43985669789022314,0.0
0.42752581835411296,0.2830882979359016,0.2759537814579515,0.23545625557178987,0.3760153950170706,0.27214087811155346,0.4171464716049079,0.6148624660901362,0.4160432383517366,0.30598638114621685,0.403607222463668,0.39130012419779847,0.35431887845805965,0.5982374836756453,0.341542017164456,0.33495052740934506,0.38776399793191185,0.2958010517839788,0.7428810008884305,0.48194130930598084,1.0
0.3566974708576771,0.3758216271703923,0.24176219397724064,0.36582582996507584,0.32140496030950516,0.3028308239941644,0.3409133160989157,0.24665649752686,0.2632994992435773,0.6776385262080913,0.5597655010936,0.6261998081548308,0.30684440850938244,0.5016131159102822,0.6302559263833277,0.4825637672032058,0.2864488740032356,0.37250916464415773,0.3616828241165776,0.3664206842032984,1.0
0.7605135892999897,0.34022195407980466,0.1862210898892046,0.2978840180550956,0.474620547892763,0.4116849966626713,0.29951166783353156,0.19440515559138608,0.27384681887170503,0.4712459372582566,0.689353158133507,0.5289932691640437,0.5334154231411041,0.5115811292636033,0.6106043626596029,0.49994360578219216,0.4439834571453425,0.4056739452464234,0.5851101134901892,0.42223282124158273,1.0
0.17082636928802353,0.6609220661727353,0.38364377421826135,0.3443106062996463,0.21710893921063334,0.3760750899544238,0.32284462214290366,0.2245162398049828,0.25945923028732093,0.08677331590963339,0.5036597256881713,0.34160487826767205,0.3042380928534132,0.4494517239297911,0.3848409429556357,0.43458876182521466,0.40810136058993185,0.4583715501804563,0.5059010966029369,0.3689674185596803,0.0
0.28455248691718543,0.17750572317656865,0.7302481960884635,0.29008815565793356,0.2314957809637691,0.14393624223128595,0.3318398368427631,0.43368009421792436,0.2522879632357488,0.36140291078301856,0.26677213109469666,0.5056343430932799,0.46670428391340324,0.365942004792954,0.632632483142987,0.7708414984883893,0.5338314034408975,0.6601713854167759,0.4434252508013951,0.2960503550307614,0.0
0.3361286118235048,0.28150222417390125,0.2120270032904903,0.15045643090296923,0.21570295618972665,0.2557971111671074,0.14565168449643504,0.3973993664694605,0.3055859772647732,0.8301523911327129,0.8032844245826367,0.6259528901648244,0.563050052579515,0.5568046718251161,0.4706531940404672,0.43389869487158383,0.5388220991259127,0.6804888399467737,0.46958319859966285,0.31919820195408,0.0
0.7544070947195409,0.3552454688898612,0.36844862303895487,0.26952566863644745,0.2986524905130778,0.3698063771507873,0.17295471132125864,0.4240550694237815,0.35746458914858187,0.29629773162292045,0.6007655709259847,0.4860100321713142,0.5000383136154618,0.5312164668179977,0.43562491713978496,0.3983473636685509,0.41641574377787016,0.34131897724661586,0.4730343086212922,0.5089787646450966,0.0
0.42751660489800714,0.4862608982533616,0.22718649680139053,0.3893074384876854,0.2822728046714479,0.49100728020753226,0.26324403950040864,0.6802753123280723,0.26026073734849947,0.18060431857707723,0.5728796138755755,0.38915998903949667,0.6299108485234022,0.5081435914435348,0.8549074846932395,0.40952307329567783,0.37660854424852325,0.4449471806524085,0.45948068071753945,0.42664344187911785,1.0
0.1782429395219782,0.730780876136955,0.0315818207519023,0.23276733394471266,0.315532289313129,0.3210847081220247,0.392978833596336,0.31791756920236774,0.28061917496102773,0.37577537414388124,0.5644404702780106,0.6829570050367478,0.6524889401023293,0.44793730944702453,0.711249536432194,0.5487963186690633,0.4155085758631073,0.25257039772703527,0.3984926720796884,0.5446866767591663,0.0
0.25329819590008157,0.24922705526718056,0.24676762430786214,0.6800513542545471,0.37192235039467,0.30681950187727264,0.3223422034956935,0.09901542178622602,0.23412204838584771,0.3197388882807855,0.4024664641335048,0.501095768967564,0.5861719572018252,0.5495373115982842,0.22848014086063995,0.5283566579889624,0.13485466714611255,0.522954897925135,0.4546462760363694,0.4990325473714849,1.0
0.271590376202353,0.18249903294944902,0.14476585528830366,0.42801585583100216,0.35835127650070836,0.31017795798112785,0.0212930185756266,0.48587603077138664,0.6852431279022233,0.25598338059678327,0.4495441215517657,0.35984248788041107,0.6371218932821185,0.3754196142749294,0.22586799452543793,0.30352061628520854,0.6211034229642409,0.5188172056758684,0.4705434796351416,0.41282328593533624,1.0
0.2597399445596354,0.3347495204015338,0.763483562639096,0.41119976589512774,0.3575140987467591,0.3305402673942804,0.34799338453949397,0.1886014914540295,0.3588600440045817,0.2682391033457309,0.33834478389494194,0.550938976709808,0.432429627217089,0.5106964757575633,0.29137566774702073,0.48845083887605156,0.4616477260786665,0.49859636646044475,0.39491068221137693,0.37780931657637906,0.0
0.3011406683158289,0.22599231170950562,0.3514260710013917,0.3781951413167592,0.4064430371970407,0.33047856857981567,0.3512391214366321,0.7964543883287345,0.4167647424428369,0.3566808156184989,0.531630694738727,0.5538628866436741,0.62298573058779,0.4443746357282682,0.5005185175438465,0.5203383217295555,0.5548780871750058,0.49029562983029906,0.49378297978903446,0.4508094720174445,1.0
0.565093367528708,0.2866988577862697,0.2948136244979747,0.4027180654970733,0.2788910006992137,0.3779712780081013,0.33043974926876674,0.1860407098796083,0.17655635996797311,0.355549956878987,0.32936213828657745,0.5599045927661728,0.49304306589007063,0.5402807033680759,0.6431457231644557,0.14858031175328784,0.7321399196606991,0.5617971466587923,0.6521062670941167,0.40570224651467596,1.0
0.31096057458573706,0.24173618802395602,0.3476045309921117,0.34305923681152456,0.14275766473961773,0.3365593637654382,0.3803376884012318,0.7503033699865842,0.3704216905061854,0.35452766522560786,0.5384068729603619,0.5407120116225177,0.28221752848659065,0.5773146271353016,0.3284377298813481,0.7209720656099077,0.44978030694474475,0.535955486060513,0.47156402551278725,0.5370779821131526,1.0
0.14787395354122645,0.19250215989767017,0.24987341198550067,0.35338665309462447,0.29204646516555943,0.8971637592456452,0.2578008101864975,0.3161042604645615,0.3184626006300145,0.3508855000528508,0.6481298267872887,0.28506832710686525,0.5194264158526112,0.39018688980018607,0.4288343971068447,0.48570500810615935,0.6562355936880938,0.5646968105794873,0.49869332249617343,0.22006803053572488,0.0
0.43635381488316655,0.3583221994725572,0.2792237738091295,0.4051100047704528,0.3641355169792877,0.2782235084202374,0.3321277143096413,0.4186921603561117,0.7402825604562184,0.3950271976263912,0.5982032640847688,0.25628810915603,0.2690822431233849,0.5288293031356017,0.2704560598843065,0.8337212243224477,0.6120917764798346,0.5832802239369727,0.37895750908916553,0.5907335061765107,0.0
0.43651868115893977,0.27798934744756465,0.30247890848324843,0.3759183911727703,0.6024593725538963,0.37021435503870526,0.2298305944348863,0.42049827374830095,0.7886462021770209,0.2725875334395176,0.5861235239293209,0.39720490886770027,0.6296057005620799,0.511038243032631,0.5376727134373523,0.7346481464112333,0.6023749036765161,0.6338660162914846,0.3524351791444585,0.5901029609683012,0.0
0.6936963257673486,0.17283216713776334,0.36115297388318485,0.3625597060926606,0.4004670816511938,0.26562645525623085,0.18355195182062306,0.40148835433590313,0.2609121258531583,0.24235179542909285,0.36450907480765044,0.5332817142169608,0.6180016019496062,0.3946254337970702,0.479671718534663,0.5560061728771111,0.6443301864493887,0.5085146738881903,0.7395066757144293,0.7136956382642847,1.0
0.2799409529773194,0.47345978685766743,0.3232247283227114,0.217620625377062,0.30307609188008866,0.575690293407634,0.2809924110200503,0.5028316643580405,0.3314256318020851,0.38945609855064917,0.5741526749478083,0.4743292521589763,0.4912090572911407,0.23214541453537224,0.8352633423711711,0.3360124443905943,0.6060697105751185,0.45092953293056454,0.5898918892658628,0.5142415430064199,0.0
0.3575621998960974,0.3767109516258843,0.8059553449823156,0.4262311780214735,0.2917686966830762,0.24510238873878185,0.2432155435844071,0.27876947862441237,0.3312616203355893,0.2798971428215039,0.63474215448764,0.47538416184418436,0.3677137861767702,0.39325153203155394,0.527576839285421,0.7037696652296654,0.4261127631616766,0.27912156046250136,0.3911676345059907,0.5329732554507416,0.0
0.30136280301341023,0.24468502544268922,0.4548077722638796,0.8531864260126997,0.29866602180226554,0.3724362944139929,0.2760615419172222,0.07506226707465655,0.42807779889853953,0.39647812528926174,0.7149792170612215,0.4590926391210965,0.42583381466482806,0.5602356826399543,0.5803255581765429,0.29581981207443064,0.605667907918417,0.2909778879038347,0.4850577991606174,0.3402609506350135,1.0
0.3224348530429151,0.3483861648773395,0.313414101443232,0.43751691495825673,0.48477196834607983,0.688256336955968,0.1781208609440522,0.2859054143134046,0.355105861482319,0.40082760298976877,0.5883626938251119,0.41139640847809933,0.5844826087727949,0.39983377318027524,0.5720980359012002,0.422057454434972,0.4794402639636258,0.64640908964017,0.3990179837444377,0.29503224205062695,0.0
0.3799191742245591,0.26936931977548095,0.3538608365219916,0.3398799425023016,0.8697451706941424,0.1935352525487712,0.2343210507168328,0.27139569444590406,0.38088588032871895,0.4151302691852312,0.5552073338453305,0.41732077587675154,0.6513844682662788,0.14728192230191584,0.5641193710160123,0.5006849702497083,0.23016982184607349,0.5777900187353904,0.008275046373243222,0.45834293446207575,0.0
0.29364431703981786,0.24384136069760387,0.3543795977327269,0.3206282772028554,0.4211725972554764,0.3010573890737019,0.4142667322394269,0.6963908564266115,0.3225983927756736,0.35812851310122035,0.5441206089952524,0.6508051558924319,0.3674295369397478,0.36133883169991443,0.6424604116654642,0.6470957378784579,0.3419925093948656,0.6246127199938057,0.3725465028389328,0.39443434860090587,1.0
0.37937496925332814,0.2483749042203608,0.23437616988347887,0.2823801553945178,0.3303698961239457,0.37877993130267756,0.1443780693618405,0.30837358506960383,0.6135028821766499,0.2995001753252129,0.5871305395186329,0.5644291231437505,0.33009208716117056,0.5124112731298085,0.21023985647954668,0.3307259615025201,0.48287557195070846,0.7704073776549509,0.5086822930140267,0.32172584199624477,1.0
0.34053897267133126,0.4085594551739761,0.2917025179767216,0.2592363749651152,0.7689201791872935,0.28343635163834213,0.2334101167800849,0.5403642005653745,0.22527487478638153,0.34074815095832556,0.5553674031630762,0.35012613427795986,0.5543232779125346,0.4252254272483976,0.40341443124167997,0.7569702085787646,0.44548564774753324,0.6283692527158801,0.5977558234036594,0.32308944483768876,0.0
0.2279859255525868,0.29571951280476216,0.8253989845676712,0.40421628798419096,0.2736360071773681,0.34604913278278204,0.21912803571442166,0.26041372396104295,0.14974039878849016,0.40530418477983843,0.599487802840229,0.4467341835596999,0.4912795726429433,0.626572528121587,0.7362581081708949,0.479473833631485,0.48309915727331093,0.37143129584519785,0.3315593790843559,0.4259677213044719,0.0
0.33841311681696745,0.23176925041495075,0.28970940573346415,0.24875018714287397,0.5833442594623355,0.17282560551341367,0.24983561905843768,0.2243696916206721,0.17134123562117903,0.44941614574434274,0.5155469817175198,0.47160587398932285,0.6114977926938703,0.45276869816545473,0.6462423772099806,0.5354304832219484,0.601850425106471,0.3514036179600316,0.5616867654544266,0.39210592576823194,0.0
0.23739145708324438,0.3797296947629855,0.3040547305218592,0.34431524265779057,0.35180688092721285,0.31912703122439234,0.3798227751358981,0.4796988071057983,0.3167983482749885,0.6010309532518655,0.6620247419871961,0.3977394791744442,0.584244995672108,0.48669354756436645,0.6475347699408956,0.4867335908803753,0.48800314563321956,0.6477507753839502,0.5979681270599136,0.49539290380415996,1.0
0.33041904630690466,0.2635464759300422,0.37588726329454947,0.40190497003549436,0.278464974503016,0.3017154722325618,0.7088721845198648,0.3730218236362228,0.29910729010965337,0.3111385897650712,0.48973132860584934,0.406579782971461,0.4099940279237625,0.4617799362295303,0.5278519665919761,0.5743250888681911,0.43725070444012537,0.28694411547660514,0.6269108513187719,0.5050376901223342,0.0
0.22142204914108196,0.2842959965198219,0.6953317071692533,0.3059353418854122,0.25704307193946224,0.2925554390566687,0.2837717018274547,0.30869333865196097,0.3635420986788469,0.4104120924179951,0.5709308917309661,0.4580717311210108,0.6143410684833736,0.37418876386302363,0.7359885596280318,0.7185217834245399,0.5703914203935694,0.568749974859478,0.4204308730324062,0.3006459470879321,0.0
0.23780919081342045,0.1319562362142521,0.35912809041892096,0.20282912268189704,0.6854634263788014,0.3685679261492693,0.20679377086395156,0.4248158452192251,0.29571847604296225,0.3303215698869,0.5734443891578003,0.327886927983684,0.6538222431418189,0.5978903012858461,0.39754352571018375,0.5090838852767717,0.7165541187291166,0.380819381065282,0.43402505053613794,0.43667005786492336,0.0
0.3462151801846876,0.24813315561824661,0.3417457994623156,0.33943621761218074,0.3663593993377038,0.26648405459780594,0.6496296444120888,0.2536690046558688,0.10138675932413774,0.3717016053666537,0.6473331224869044,0.37933486892072643,0.3238564486818909,0.36618967260128726,0.5134431828669034,0.46713662816388335,0.3481446928775348,0.4795840765880882,0.43540467145201306,0.4344394864211437,0.0
0.20119056473821095,0.22816296279735554,0.3129945609154986,0.7863847512503138,0.3622007989673338,0.39456191083346803,0.4159214423512898,0.3214055169860762,0.3369147093501575,0.5099485468763932,0.7752329807054479,0.5953708729685361,0.5718918925932772,0.5461162540982323,0.7546844278840604,0.5871370512846276,0.5599066653748239,0.5318225734167528,0.22575115402736906,0.5096135482203924,1.0
0.4913766361152441,0.29823754468408914,0.1860818668971525,0.4043479082745758,0.8278442186400314,0.3166321510965409,0.40794400809209924,0.45052104754368844,0.31600340229868884,0.4937640674397667,0.6537313313738798,0.3700573271564894,0.446685573361598,0.17599595912936117,0.3266900140102883,0.48601238843881767,0.579795264786814,0.3886911622111664,0.4509732032054052,0.4851477042641395,0.0
0.3712277381290243,0.3458166300635667,0.45217012779852017,0.4123554536722036,0.24104006897335178,0.34263265219000966,0.2037608379900943,0.7305809542637061,0.36143698356406717,0.20665252604495998,0.5346038045536837,0.12329488887956375,0.4870196723917146,0.7104123215235845,0.631149399342884,0.7195502511905892,0.6367936572477638,0.25825740440174877,0.397134152594614,0.49887133956039753,1.0
0.4306580612026073,0.2105652380176783,0.3724365050125276,0.6694220876515105,0.38146706308442524,0.17915192015672127,0.40345238089995106,0.3745055983093928,0.2378180287477601,0.27958770078669626,0.40872108641146654,0.5249035304951113,0.4271837896136043,0.3609842720611435,0.647239200100121,0.3339660080953921,0.5255851231655265,0.6071708330005804,0.6209042647898705,0.5029662866939922,1.0
0.3480177984335627,0.1843125955722716,0.2682199593489162,0.2828594377371622,0.47644375428671015,0.3076465584268547,0.4245287276157802,0.13017619377068707,0.4068334695777438,0.7904878020947244,0.4289045529594359,0.6350005928330166,0.4999183079818186,0.6466564246243021,0.5302988685466646,0.5091979676039455,0.4945941972832623,0.22238399835586276,0.5539866824162207,0.4727283049122054,1.0
0.303026497480701,0.3364811182268603,0.3762584198581366,0.37561166847145233,0.773447378950872,0.3113777039117459,0.3036321108966346,0.2844713369817515,0.14157554232085165,0.3283203163262307,0.5189341396346494,0.3673128294774961,0.6135889665025628,0.4330187902004847,0.40449707640656474,0.1392076395658396,0.38502989719690195,0.43044323710628285,0.4066752913152116,0.4050781857112047,1.0
0.4255247028676732,0.2677402690111965,0.28657895271780154,0.8096047830657221,0.4566155410692334,0.2654499483541274,0.2525161515151242,0.2882418855303577,0.4192270177908578,0.4092526734594118,0.6082939317560647,0.5426259448653239,0.30093812292951294,0.41650435669728747,0.35059588881921055,0.6134095073829118,0.37194391554000694,0.4331851808799805,0.6424026394974456,0.20870912606563308,1.0
0.8176256740198918,0.25580667691382447,0.39818086339475234,0.46300909713872673,0.3845144221488602,0.3058502264221155,0.38711845958326674,0.1548672900192458,0.39921376067061926,0.3016757108112824,0.44898111516492406,0.3739683123524851,0.5625220595927056,0.5849321178577017,0.4002114732521808,0.301656786747242,0.6712951991300744,0.30128991654525705,0.616334167612611,0.405229604792993,1.0
0.29594778854834997,0.28147138087861195,0.42338047504656434,0.3427237259973588,0.2964816571183199,0.2256159453903835,0.18103253127061378,0.27475524837699106,0.4260676075792428,0.7932984911698674,0.6879279668985833,0.6301605791421958,0.44800728012549407,0.5250626252085935,0.5530892776173618,0.45623636207371526,0.5010779705396577,0.5435644579698043,0.5423697550412996,0.6958648606753245,1.0
0.28924757970266995,0.2936726161614057,0.2815574058894639,0.35939371776879936,0.1730959279116547,0.3403816485743627,0.3673097121597866,0.36315076602025775,0.2994744210949307,0.8791424607507805,0.8288225329030295,0.2562085964205907,0.4231263963936019,0.5821822329870777,0.44335254105312577,0.6679167435313091,0.5199542557918764,0.13851383502945813,0.5896574831716821,0.5751590747427372,0.0
0.3090486475048292,0.24356345797805387,0.31246517299145,0.34621446478167794,0.35974048826138494,0.2362601360153632,0.3471046127957278,0.1380050253858866,0.9164939619960564,0.33224636445768985,0.2777723015761612,0.37174779332046165,0.49007288697269874,0.34887730790985894,0.39275598525826166,0.3242878050479606,0.6075339929206043,0.3371063499272672,0.3932264149004062,0.4564447003681383,0.0
0.2537036357592587,0.2799938637432815,0.3619119829734753,0.2209174528243002,0.31532153430911386,0.27185207888736673,0.21781572482546352,0.4436016116573167,0.1434146312529364,0.6860179611595503,0.8181607739394323,0.31480393098672743,0.34958259726288343,0.5265919997309978,0.5000141063644382,0.33791383840287875,0.6103270411552213,0.5416494001734524,0.46128611017724286,0.34837225962224905,0.0
0.4263337269956541,0.29942535865868575,0.2543861582333908,0.3744751543463264,0.32720034907401735,0.19323944525540565,0.6658966121125101,0.3563614340113021,0.3740034219326542,0.34642796781182034,0.37501817891272726,0.604193652267393,0.5202497653029337,0.505681599838028,0.2939457841570553,0.46264664390144766,0.5008068759813563,0.7308658153915366,0.2905335267159724,0.26199691256023305,1.0
0.29317492132637923,0.8269874747996329,0.3406995045480846,0.3454878594774588,0.41666217533796013,0.31285186279703875,0.2768025844803845,0.29842742173882253,0.2682490754627752,0.16517592552628715,0.679980546632236,0.7280018242137833,0.42501648544206877,0.48976119382425704,0.5162942028529888,0.6797774771224239,0.324345079772147,0.4235500648017833,0.38597687886965515,0.569526148276268,1.0
0.9115795051409769,0.3258048232547346,0.19527008142315683,0.3905367138726344,0.3998979538641401,0.35664846704153813,0.2528228332271796,0.282237555893123,0.2698261828284474,0.3170917840353588,0.6131627705962585,0.6219833957780951,0.5240212993423844,0.4481416707407197,0.6035052960243198,0.7184232149456623,0.3256025241836565,0.42613788953689075,0.5457612729309502,0.62000279224565,1.0
0.17583447222810003,0.2772143622006039,0.44165076391704783,0.2519607109939864,0.25264535258365395,0.6899838446205682,0.3843632743097277,0.21410889173159262,0.21647084325795157,0.23307834367960698,0.47119159278540157,0.2640956110222576,0.6399927494090837,0.2765068877985612,0.7016005156063475,0.25429339341595186,0.4364409319435489,0.4364204464043134,0.5078753837934095,0.5329922649925765,0.0
0.20202040789191325,0.3612531924000404,0.3280832549994201,0.2237878648606492,0.39975840934132423,0.3742842487003137,0.5530272652596879,0.23796528129652927,0.8270726439020035,0.336653097144514,0.3880079658538278,0.40277804629133107,0.654242751837511,0.46741620512759535,0.39059870886132664,0.2966410570684992,0.5193519355600615,0.5634728270294533,0.4253333231145899,0.67353403359675,0.0
0.18205462203637432,0.33952098778875606,0.8208581678460207,0.388104228892747,0.29096839960590815,0.35932673204143467,0.3103988839461999,0.3062053288335538,0.43587566076773554,0.31319825249612904,0.5402903967759282,0.5316405425034395,0.5165802317739618,0.7553214015752847,0.43904467085395704,0.6706913366870205,0.41893595676382284,0.2552695330972,0.7000880722958924,0.3394292593883479,0.0
0.24980941874384954,0.3240074525058526,0.4370471155384702,0.2563130053056202,0.6745683239802338,0.25511526543339136,0.3427292988739275,0.4357632069634095,0.32263287610382174,0.37483300152062593,0.5886737376635264,0.3343865896454186,0.48863887380875265,0.47992753461299775,0.445984862705568,0.4898486544850875,0.43171631669241806,0.5441459634968082,0.21344129411974813,0.533035523269409,0.0
0.22577048218286017,0.42514349232498605,0.33001389823984734,0.8143321838782829,0.42993650962391733,0.38038291165758537,0.2701561617759271,0.37549072287303364,0.46216635320743604,0.3520672505018429,0.6089271937036579,0.25915213343722543,0.34862746205582756,0.3999152932959523,0.42842748357774024,0.4366041908468339,0.5876882930210422,0.39151498719887257,0.5111668184846139,0.5494311225469471,1.0
0.23738174005937848,0.3422194638100273,0.7851419999065634,0.3787857451635267,0.21561655850012007,0.20631351781923446,0.2510527911425499,0.4297046786931703,0.28445433374607365,0.4003497941903139,0.7401778002894159,0.6672688379801102,0.6965586651369435,0.3825425557596601,0.3940245951264358,0.44560163529140334,0.4189983575821178,0.3130442570614585,0.4531148301407669,0.43648296317808943,0.0
0.178135748851184,0.24626130120575881,0.36470944309490005,0.18557182254711763,0.34697456780577834,0.15815745895750527,0.7061653049562141,0.3937771107584163,0.3460302881269994,0.21669517605774213,0.5257844440909957,0.6957705297092974,0.5724243000303257,0.3436004064952712,0.16511613747550635,0.5491057427383715,0.45123079765685276,0.47373463290884626,0.4676775796379663,0.5422507208665198,1.0
0.7841309091946717,0.40070460633244587,0.3714228960899234,0.27951278608684055,0.29037573076228756,0.2697582481688011,0.25310639963688625,0.4203090395104018,0.24148591644987952,0.37707396893491557,0.7116678607588639,0.6444275137112981,0.5423245453601175,0.33777805507949843,0.6295132024152839,0.5545145229850942,0.5767852097131796,0.7399693675006196,0.3721724559776979,0.5520041923227197,0.0
0.32039938892496167,0.4429708497971564,0.34620017179517826,0.32576672827532277,0.3558069440580886,0.46441864001383604,0.7715314386624816,0.26323783941434487,0.23128338750430782,0.4278539978669253,0.22391422238835645,0.6194371770442125,0.6221886424559411,0.5364428442068304,0.8108862626184605,0.40991536335952905,0.42213879670786447,0.41813807090311345,0.2874541922593692,0.5899927881671682,0.0
0.2599407302186236,0.26235432798369984,0.233769046904727,0.20917665297024265,0.38892602557170475,0.6333419428936906,0.3932019555845366,0.46574928374930524,0.35080440663400364,0.4101333002958589,0.3650322647497709,0.5879909168810175,0.39492838365045824,0.3963864031722368,0.6557368230871982,0.6222226613257101,0.34615336146417575,0.500471199117863,0.22238333890485526,0.42669486133185647,0.0
0.3087468797901382,0.29494797598562805,0.9231437979169963,0.23370906563598065,0.2529526832276812,0.2359262048126512,0.24963772970140397,0.4126352301666327,0.17665853943200321,0.23902635135050299,0.771890315251047,0.4098953750668466,0.43754187330894767,0.4482371859275245,0.33565071047641426,0.3906741281926404,0.2131761489021357,0.5991213347458175,0.6166553920731901,0.450869931385912,0.0
0.8073110641872775,0.27851719669724984,0.3816099534124621,0.18966198357411287,0.33421898001676265,0.27552305165947927,0.37554508344839393,0.19210447519854126,0.39419832954770395,0.3273938125884558,0.6918120992118482,0.3810232188935162,0.6333932498371068,0.47755720933683926,0.3955291931133204,0.6360940716118347,0.5768323762632996,0.27625585095894023,0.3299761961516146,0.6172939975418104,0.0
0.27717360052271445,0.20277183375358204,0.2565343159730905,0.6592308786424819,0.29575545911673035,0.24694535902654724,0.3257703572845299,0.4505320550325075,0.2863643657485209,0.19943169930612378,0.6379789174563723,0.4765694272723321,0.6033399163342721,0.4948274796125935,0.5208733367318793,0.6279327679534172,0.4616892513122844,0.34406048272472445,0.450511773403054,0.552868502311224,1.0
0.4797648466713479,0.20800340204465922,0.34987447920446885,0.7156126930735938,0.38704196403484714,0.3956631760172933,0.3586011374452855,0.30421753790878103,0.45965510192666365,0.3002737281681701,0.75837192308747,0.6583273788452033,0.4535297387940696,0.540867402572184,0.5657140550306781,0.7200877505902457,0.6831693215354576,0.5215404175656079,0.5576162278332577,0.6418394691402518,1.0
0.2171022030947119,0.4144110595148923,0.7429474247726379,0.2599502856924676,0.38164362022038373,0.3978607186407125,0.41645422938907056,0.24550201321724177,0.5042791069782431,0.37241693238492013,0.46454128468475964,0.5851018885264169,0.3520875755379623,0.5718711636752034,0.6047714510594486,0.5820431425168686,0.5156670348278488,0.4808123328594978,0.4175548463456658,0.6674868162078956,1.0
0.23450470781135,0.30977757421331564,0.7726804546752857,0.3091773456123328,0.22133868338025484,0.3306828148160194,0.37697725296383594,0.3362566528472453,0.2872043186676077,0.24291872518524021,0.581670127054066,0.6403372122429742,0.409469431078292,0.4624900489365241,0.6035530318206938,0.5617112521846118,0.4651985445059761,0.33815277709440505,0.5454109268217291,0.591112870380985,0.0
0.2974260129581338,0.3156281450528577,0.29341564916030666,0.24248954167795153,0.39725155491125264,0.2612965098482172,0.8510232040101396,0.4588879312326912,0.3911097820683327,0.390212012270112,0.7047059470809856,0.2955694690445254,0.47512637254274365,0.2907990395741,0.6364760404376812,0.5473965064503935,0.3411361019079631,0.5128672301309669,0.21820327299513517,0.43066903316999,0.0
0.32387560554604466,0.3194236469703997,0.43318867422319374,0.6827660078803939,0.35671491336677263,0.41932466956839615,0.3425690904894581,0.38906100850996406,0.26245374901137003,0.36385968852887807,0.5455758202964988,0.5362125590446974,0.4267281888804886,0.5783211011085263,0.5485655613182466,0.5257953562038077,0.37221686566559514,0.504160314606506,0.4303788920086984,0.5856730964173581,1.0
0.3369334527377887,0.7508846076224376,0.33000056902018265,0.325843453474385,0.24576513552532947,0.3769895658319626,0.28676715927434177,0.3784651409803361,0.36306105660492705,0.434459097843536,0.5775982878574059,0.5259897122065321,0.5203608888014893,0.38684475030656373,0.4985129436548542,0.6096063670662663,0.46557905362509533,0.5509390264843173,0.5682667558575842,0.29085181079876066,0.0
0.39168549348886716,0.3080936863214062,0.23569688629021626,0.23822239794840327,0.23917718604395297,0.5913689432241342,0.23107558712688175,0.42623884867687034,0.46780332441480926,0.494524973369782,0.45730540637723704,0.25975605873948016,0.4149187244656294,0.3761078106448816,0.47005849908489206,0.4021892794736408,0.467753176935344,0.5113657300974144,0.6385306753675248,0.4248120130753269,0.0
0.7390524610195583,0.2649491868141102,0.23792219470276077,0.23417843736926985,0.26773878396591233,0.4063860263220529,0.25918105001454794,0.2888421470890199,0.42628733059149604,0.35011291738759526,0.6412983218563844,0.42781186601719634,0.43919140525755024,0.4109499942892505,0.3417829954076871,0.578192344613043,0.43422146916681925,0.29992045197645995,0.4363017540327938,0.7473648158722739,1.0
0.8078787836314083,0.32851179414329273,0.2788213016331823,0.22764907924489242,0.3745672153685748,0.28027361942398943,0.3053449661044888,0.21819780083376095,0.2639291408762575,0.3054390795550309,0.5445801019686817,0.6661596259925404,0.46288128594069045,0.47703507603822326,0.5698551676804938,0.5487569886129569,0.2818293225520212,0.5009976999851384,0.6521827793315379,0.4277457615509378,1.0
0.7163675557793957,0.399886698880479,0.24304636271752716,0.21613611031819005,0.43587829293984726,0.36984307472068045,0.2977352380355044,0.4277791752374259,0.2874787398995362,0.3351638251190551,0.41890727475249256,0.33700968101742024,0.5389853985307691,0.28619662246422395,0.4895974798237158,0.8611641316792233,0.38555761321678605,0.3209657430992071,0.4880559180343868,0.5531549348344077,1.0
0.21859255535794164,0.3086490168477883,0.2742030056190599,0.36042618310860164,0.30505300836742066,0.23267382528926056,0.21758420541132978,0.6131756730211704,0.25512217333998577,0.22534144448408736,0.47672395842589543,0.5261565794134405,0.5731248788677749,0.4579532147465417,0.4464481213424427,0.46373115051181885,0.38705663553234393,0.546949671073925,0.3925619279457094,0.4175617345090855,1.0
0.3745447743844282,0.27177607419304417,0.41156297241195616,0.37680023368623194,0.11481014140100024,0.774338784405322,0.279338242932777,0.320565808977217,0.4054605682344297,0.26519443891935485,0.6438572732807164,0.27623344738174394,0.4692554527017234,0.455416279257057,0.5785436711289796,0.5611807054760356,0.5413517086291759,0.4575606146989663,0.421560012060186,0.6435273375509487,0.0
0.14558865159020815,0.2662146818310813,0.7820082665687487,0.38699486333047683,0.39320266648043006,0.3438034140572001,0.3404890189457981,0.3014835187140631,0.2830897497221371,0.43403001964699545,0.4814102557943982,0.37640763627189405,0.4003907657246728,0.3825564025672111,0.4825784064057551,0.6108976958020631,0.4257588006780386,0.7515350702736096,0.39072632065049817,0.38819114139926797,0.0
0.47863504227519177,0.33731005537568304,0.2440636431580613,0.5088666943532325,0.1247673574398363,0.6534255523618544,0.2280014354290128,0.22873581789685155,0.4377170590943552,0.30656140173777013,0.38584141903696556,0.5765795894528946,0.13470732514281664,0.3312792517144819,0.707721429724187,0.496422308981355,0.5373480022028523,0.5760226119673658,0.48120997612184074,0.36557616309026025,0.0
0.7805845263682684,0.24568829603522713,0.38143912516749184,0.2578054997528605,0.27465325124306617,0.2993905064698215,0.36024303122791435,0.3261063817574617,0.491853832909363,0.3910838368824002,0.44278694643328864,0.4830575934176202,0.6023765001548963,0.40578344252033394,0.4334172333950108,0.8813984764359699,0.6779048753623803,0.7922232287337043,0.2553325991317046,0.3539244576998794,0.0
0.41408592532735117,0.39405310733574783,0.308988084143713,0.3809535755308946,0.3616784618230646,0.2711129283541766,0.34194352118639726,0.6531998079074544,0.18862409770243185,0.3886727954875844,0.47746033307901825,0.45039689934744914,0.40804371180312915,0.5910417944455078,0.5285716036043497,0.5671901588359753,0.4780834832743772,0.5218890857594851,0.4382214308690123,0.5642827786622449,1.0
0.4356975200785101,0.45375218464989997,0.29562754287944704,0.37996455412782415,0.6696320735610475,0.3132405739011505,0.4218766082010842,0.2675590416525792,0.16327135565844006,0.3541141740129314,0.5134700141712663,0.5106415755762398,0.6704671337537289,0.377644438293155,0.24369868098735578,0.4583626342443488,0.19554894161167458,0.3561379922277889,0.43819623348928616,0.29502555706312195,1.0
0.3587661305768744,0.3889470061377526,0.3313715401284235,0.32061968018645154,0.6383129953126248,0.27110530564879154,0.2922398429811726,0.3345447955161196,0.33455635562632496,0.258757851113514,0.4094378354878044,0.25351649338377596,0.3486179329900012,0.5441065941980566,0.4714612944910903,0.4504581585123666,0.7004636558761275,0.5628238206551397,0.27620255197190535,0.16130240261004752,1.0
0.7596675526980079,0.22196016597946167,0.4359941943475123,0.33526875467200085,0.4118904226169865,0.32754044313312664,0.3267323948473425,0.3816708617661589,0.2738182406949877,0.33752905119630183,0.6505031926708886,0.5075459678901297,0.6133150464050116,0.6202194417524016,0.5723143540925181,0.38722286485472807,0.29911256049879353,0.3853109643541791,0.33412456577593364,0.692834050555533,0.0
0.8082954496124402,0.2665635931023381,0.22471961288277026,0.3009879540315118,0.3186753253303041,0.2628428264484901,0.47156436591995465,0.07232043658735868,0.2535167830159938,0.2721921202638466,0.5161457271237281,0.3222261057581387,0.6718122644118225,0.47193652593167046,0.704630324851493,0.4927073502229539,0.686826364078659,0.3346503984176995,0.47803494585104667,0.414348678139697,1.0
0.2592522373784335,0.6681125084370897,0.27124510854485345,0.4128491672866141,0.4818763024214813,0.19850849102335066,0.24406660635351482,0.1409509786010072,0.3915763540752864,0.3553299864311555,0.5663995834336768,0.4254719391244863,0.6062089968068083,0.608817949040004,0.46416157909806505,0.5639859695572023,0.4190031200897233,0.5918653869776709,0.33855200073205344,0.32388738686417295,1.0
0.4339828632862057,0.3853543239402592,0.2431257244681393,0.2553151154075206,0.3956446270289191,0.335997397070873,0.2099280423143715,0.22058819943955155,0.8095429104857019,0.2824012765736015,0.4616651684495397,0.4113094626619094,0.46220525728766204,0.7183744522960123,0.3048020817063618,0.5751900674289395,0.5390835942618046,0.48801426357371885,0.30505025711342254,0.4752360272760232,0.0
0.25466350253745995,0.458775792899578,0.29166096582792506,0.3337503898921656,0.31869482008095174,0.6826969373276619,0.22709964854025058,0.13974739966817395,0.2917787208244644,0.45786435195384523,0.6420216898534573,0.5408325604803523,0.3188044586068317,0.5089663426796046,0.28016014800728434,0.5754285965155312,0.8658495745250366,0.19683830670163782,0.5106475073150637,0.3443319620556541,0.0
0.49818670897612405,0.49454491113733856,0.2674323558810291,0.5906275381699513,0.3282905205513098,0.16349809662039894,0.5552297461911162,0.27180320422146836,0.3358560215537308,0.3255011466206617,0.5459359463821315,0.4415711690888344,0.5074103031767024,0.46621589583962014,0.2900322766505944,0.29349147038215234,0.38134658033997587,0.398838822305244,0.35880871998847186,0.5933903203540608,1.0
0.3641570499039229,0.3254149723998323,0.3050402905191057,0.34875948384619554,0.20940168776901363,0.3191293342586981,0.3213154608159066,0.2985188343737468,0.3071623103284264,0.8376084870782449,0.6098639046368045,0.4167434162695844,0.6068307580067176,0.37068876708387816,0.4602302295730122,0.3918197983235777,0.458755676369344,0.4754897067305232,0.5398267850939131,0.5466321954488144,0.0
0.2826439704081149,0.8095722269492773,0.32393251047441757,0.27243275923810734,0.30699984939491043,0.31224519425120645,0.23215378563036565,0.20352597658688998,0.2527650882412403,0.3940115120503972,0.6654522942554442,0.5506283167933868,0.5783475769589901,0.6391663046844704,0.5106088865942204,0.5503059403208915,0.46373482146243594,0.18673772641567532,0.5537082895330905,0.3886802865940229,1.0
0.838572404859442,0.36092012765130854,0.28661076313412737,0.45567150664958006,0.4741224741819672,0.3191541653608685,0.32942316307875913,0.15963066375634344,0.3631035494473501,0.31998125478974904,0.6242835017020878,0.46858771820187545,0.5746521457307524,0.6193406975299516,0.49046439336599534,0.5885505912541831,0.41483424954938886,0.3243283784134114,0.6985886406042943,0.32581841255457017,1.0
0.6730228820708353,0.4667102851315902,0.42840610134578666,0.45392165441438853,0.4527655146421179,0.3825417152943534,0.321423949914155,0.4365036838131372,0.4736738257621411,0.2124862752470999,0.6493767038883921,0.2894880588696057,0.598312085968367,0.3156483044890328,0.6324946314778821,0.34048441830318454,0.47877383232363724,0.45953188548556595,0.3952455097855115,0.41623877251778557,0.0
0.32557962380833133,0.3975691993934651,0.25424583697675246,0.3394682838409418,0.7022702688588809,0.3740526069460074,0.23407578546656022,0.4244913029723791,0.33354412689734714,0.3585787074582195,0.5914450124922764,0.3057263688992531,0.4779050148444672,0.5479174364275973,0.2846459617575258,0.5034722954905126,0.5520827589491423,0.6959089217610024,0.4095427580142021,0.47699325123861963,0.0
0.4086971802294415,0.45780675522531294,0.36731934653636444,0.3090344199793825,0.38693891135692704,0.38133429281817743,0.7148439128241929,0.37969799483041633,0.2099731429898487,0.3714832421882214,0.6638040160690749,0.38411104018756803,0.502190687624058,0.5130788157539029,0.5494653716197524,0.5273443406101365,0.4706768423086381,0.3367208595573139,0.5172772633644849,0.37461141820124755,0.0
0.7035709905573231,0.204041954854023,0.481998063315737,0.3415098422166575,0.060919239179042906,0.3574012168446089,0.2811924095870798,0.18674516131272448,0.3566956849916971,0.3304810876648005,0.2387693833200516,0.42657211018211993,0.5180293558452114,0.5856366389675633,0.6897228711010776,0.5772281000949188,0.6167425217306557,0.36228542327190527,0.5683720648385909,0.6128475427558542,0.0
0.20133911369552823,0.28729990995875476,0.25733269810299547,0.2841878594449957,0.3671043968816702,0.23170627599317606,0.2903482491463314,0.6247482207542336,0.31749719277432226,0.16593548392627389,0.5069444869888209,0.5995951177033106,0.7233589384192645,0.2586289693973238,0.36102352673717797,0.3325420170080664,0.5259923537506248,0.2603350818230716,0.39709589971729337,0.590989998230157,1.0
0.3250043848924381,0.21184739767409433,0.34627908638650073,0.42272893395873057,0.6459669382511067,0.45617400723985063,0.326200277076095,0.3335555685561303,0.2992898691670836,0.47006171423158144,0.4106155204147495,0.420140051227241,0.5724999412117618,0.2329343794024241,0.6213378871701534,0.5726003449937287,0.4768417555920355,0.4461317566893432,0.5651172564873475,0.5244963414941826,0.0
0.3489358472974068,0.2672983202176719,0.31978388629623306,0.3596414061769213,0.3266183934702552,0.28357717413887595,0.27596879079035797,0.6918239736397336,0.40729154202351936,0.3077661784443206,0.6437352762659123,0.4047469236499504,0.40876865008475816,0.39495581001978886,0.34268849639683263,0.2654997090623824,0.4929963658109663,0.3369223833609446,0.38915586228648613,0.47535870640600864,1.0
0.3127793843063105,0.12306965971603925,0.7212515707005724,0.3004386057390599,0.14178540716205637,0.3079915261407612,0.4221615674702544,0.4035628651316494,0.4035673275903827,0.30867067698063444,0.6258358586502962,0.38732059264050156,0.4952619928190067,0.7343791667716668,0.43785507292974196,0.6539509848403913,0.5426715235985542,0.4039587163887159,0.48302926080578446,0.4617356021675825,0.0
0.30105580067324494,0.1595222095155313,0.2968271117380189,0.6391881102595462,0.35186232859256134,0.262375092020933,0.17142898134359752,0.49142615348175306,0.2894823153296463,0.31757796767634267,0.36935235670663324,0.4029562276005016,0.3273295660968778,0.531786359490838,0.6585905322581678,0.4762787696980921,0.5494084567201759,0.6132078870557154,0.5159055088289357,0.3041072434595925,1.0
0.31666796066898356,0.43510938646034497,0.4136034993128585,0.3583985165051162,0.4130163360387676,0.3497342066305236,0.34434678017665826,0.3416360932927961,0.7815772959982303,0.29970664182063933,0.6233034690711553,0.592352055108924,0.46301836135427593,0.5633683795751837,0.3564156480725937,0.3792915989538712,0.5157464991868487,0.44725816853342615,0.5805414129454853,0.40889563085780917,1.0
0.4295329570648342,0.3497075898027067,0.2042757140257793,0.390738507300472,0.31518776109308155,0.39727424327314215,0.6892641538555964,0.26023327482855696,0.37720557589091985,0.30337949953393045,0.271208223893833,0.3780768612186374,0.5701526951461391,0.5679644211652584,0.4463460303649478,0.5338300350964635,0.34768563133319835,0.5245969210939754,0.4649125508415221,0.08745629601100174,1.0
0.39012493997630904,0.0925213337540462,0.47333561748327047,0.37756845694801133,0.45252631175743135,0.28266540384354916,0.7194665918592409,0.21785317324848208,0.11396665840877976,0.32965318326291826,0.5730451358597893,0.45872281131377846,0.5936823698313407,0.5716471846862772,0.6537978632734407,0.6064482570576123,0.45822832624771226,0.5412448862863908,0.5331116551845996,0.3477457142869907,0.0
0.43789436548242777,0.30938055847336987,0.2591009422108631,0.33866807887079375,0.17229562711715352,0.26682320640145196,0.33947138043993025,0.3852229521203112,0.2914104394015772,0.8537967998754827,0.6406442363932865,0.4219017766477322,0.2585847344811068,0.36829255717496917,0.32947919494807043,0.37536785126896755,0.42251148866977667,0.4986419527531564,0.49869800383401897,0.3395602032278287,0.0
0.21127724195620418,0.5497911372433222,0.3020642832896041,0.44411505645417326,0.33494612334805896,0.3172232611049654,0.43504237491728126,0.4613321343817006,0.24014981176740435,0.3390996744383413,0.4074210727102225,0.24190631077623467,0.4810214399315518,0.33416012865054695,0.5268375153181585,0.5151255462105185,0.3992394434091962,0.47342336175569044,0.33242658211815057,0.6298043750937309,1.0
0.3404493078105283,0.3015545965988176,0.3054003924859175,0.2794938657244376,0.24111147074368283,0.48845668572061174,0.2310086824717248,0.24178972767250873,0.5438657319163211,0.2901763627129016,0.3520932490105551,0.5510288221833005,0.3816717776094942,0.48128956772267484,0.2799269610874614,0.5164422724611164,0.5121676624363589,0.3345080296507534,0.3964108134915068,0.6537787948205864,0.0
0.2704971250870214,0.3659802981287831,0.44489199497516746,0.5596553466083454,0.23160269671520495,0.6062016448954788,0.3655683210366863,0.27658366505757365,0.28083298436375803,0.2856027950491781,0.5632819901173002,0.7599932583144728,0.5743416376893583,0.6249608917563761,0.46112128322836576,0.2783428438748283,0.8232454352004854,0.5486033612367287,0.49313163108669444,0.2818491553740433,0.0
0.39157074064922326,0.17652526436513877,0.35270341738923217,0.3224797502035658,0.6622848947521505,0.31031941092436716,0.1773258434964867,0.4038098993745117,0.26344969025532683,0.45392934311516797,0.657961514657898,0.4064389902289728,0.5574478633707862,0.5232438997862564,0.7202642377841232,0.577466690478343,0.2778671087642455,0.39245292458463377,0.2592897120299072,0.758445847773058,0.0
0.37878283620115805,0.2749762351724197,0.24864795281253105,0.4730634445906401,0.24497084176392045,0.24131290702317187,0.32694962732207783,0.4280693269009818,0.6707761891515778,0.3347950987579984,0.7548251183261395,0.5204992959437871,0.3933554008966281,0.3951603818589467,0.446055770769514,0.6238689709931864,0.646046644062804,0.4803288328437556,0.2439658619078978,0.5532017908119514,1.0
0.22655773771197696,0.6702245544460357,0.3445950109244705,0.4974510748150752,0.2982313671607002,0.31618381224248376,0.43081701820091745,0.3139773637021999,0.4141267878221827,0.390934207830688,0.6376005490016537,0.5663230310729419,0.42037214496750286,0.5134639711672888,0.6099829623407975,0.33208035874385566,0.3273873281159089,0.23998400214477,0.46365782576794456,0.595456946830411,1.0
0.29508904520114254,0.2466802921552404,0.3925692475160568,0.8821863401839156,0.34260554735974746,0.3852304485784004,0.26985901224040765,0.2053696628372088,0.28657877863852343,0.3424954255286059,0.6429751995515548,0.4381133919105624,0.5724923477226336,0.4618416548467019,0.8379088432215489,0.492856531026192,0.5037058457036029,0.6331163093480643,0.3159532391154857,0.5801630783618847,1.0
0.3055441019002869,0.22314287439365144,0.4262461018502615,0.3744060955516202,0.3632934636111023,0.2618380496162726,0.6382880950448071,0.248066318933424,0.20917794892661887,0.37240313310158074,0.34224872202834133,0.5098569258648735,0.3742217344834055,0.3318506355007517,0.5894431094508381,0.5873463288219785,0.4045428338769579,0.5380974784604997,0.4765714124668645,0.5461037246426834,0.0
0.2518450367624568,0.30081572500649256,0.3388880295738797,0.3588721009096545,0.3641899501387342,0.2868267908814708,0.2345019015341213,0.3654810638780309,0.380908782824964,0.783898055320744,0.5002742260780156,0.6418667426248229,0.5287262650663488,0.3547349282280531,0.4010069466284488,0.2606419089608776,0.3749754668427055,0.2869739861296794,0.16027252789979562,0.4915583944572687,0.0
0.4215529275775478,0.3375366142256637,0.38143971507225716,0.13974440587646872,0.5263803063180345,0.2917262000640332,0.7407118917685563,0.25238260330654294,0.32753076864752373,0.22127517006797703,0.665852622104089,0.5028988654383366,0.6573038087006926,0.36978044032727664,0.3328074772262583,0.37084849633097183,0.5678284875975386,0.6286414421231505,0.21074467067365246,0.4133834074554642,1.0
0.31987718580805913,0.3475512920069008,0.45048329995399883,0.37580243156431675,0.2461541717236778,0.2675693128087993,0.197254582036185,0.4357880061656746,0.71855346436443,0.30093887952170634,0.6869729778244295,0.606426334105349,0.6338710740601454,0.5887609761180748,0.45506703385209135,0.395103879274573,0.6823046620941174,0.38884546149472826,0.47847420228220855,0.4770565558687815,1.0
0.5154836018260547,0.13657971735141725,0.26251366461195313,0.2783312865007538,0.6816726724901632,0.44748967374819043,0.21385917747052113,0.2516640780464592,0.3863917137682257,0.26559588012184243,0.7667282344122126,0.2255741702177927,0.5074742934646933,0.5812659420391121,0.4206317528734862,0.5617431229484913,0.39121448670980996,0.31075434895068255,0.5164536762119328,0.6901983941634076,0.0
0.43372107380851344,0.47654739380003164,0.3087080727322745,0.4168469007898049,0.2558850635092951,0.29162696285044326,0.31670232415885013,0.24659965627775096,0.3117429908240306,0.8754634034498173,0.5354139459253154,0.6876431199001243,0.45065678681868016,0.20232692610930578,0.550437115582652,0.5983779630848534,0.3527338873798671,0.6664829237975942,0.5812770990343448,0.3300228949476026,1.0
0.2969407467686627,0.4462304124651443,0.2995609734561519,0.7789493348564133,0.5057677715374178,0.2992497381929764,0.3300291349287354,0.4157267254840183,0.25936364333582757,0.42783016425059417,0.532632454862203,0.6407706552278108,0.5409930822815018,0.43462890950818606,0.39097094989288067,0.6845405056227823,0.6437573756770314,0.8071479274530221,0.4204611636047243,0.5192194956642711,1.0
0.33679355929228966,0.5844956696877739,0.38961232250707445,0.34733546841811397,0.2571032922467779,0.27831982209818373,0.14392812633810673,0.32311987155864275,0.41612182297467015,0.27993228594541947,0.4575896552733515,0.3553658074336221,0.290103416729559,0.30725324400189824,0.31023686282617235,0.34381573923365194,0.44163751529098055,0.4629021978089315,0.4099325492891829,0.43761176870365104,0.0
0.6899185597275704,0.18656433576893133,0.2225358136857212,0.513427324864719,0.34266797094040957,0.22747131467126694,0.31585339097072807,0.378154634739014,0.24896425412293555,0.3768218599486135,0.5587654924727561,0.5938239250300068,0.22989272706891783,0.46097594145273446,0.6994173118839563,0.5857251372783486,0.6529925369010606,0.7351935049486409,0.5363368990802742,0.42661093439584036,1.0
0.32005333973203537,0.6356666269471388,0.4311680556644563,0.3998432344665144,0.23849024860267715,0.2831800866521226,0.2979188965541471,0.280851418637717,0.35189371479061343,0.4838524393968168,0.5734858617923949,0.6259941849111137,0.38109702745034335,0.6710881267831996,0.30138521224837833,0.663805087759054,0.5003386959375545,0.1754711945682788,0.40203260373451777,0.32833402665935363,1.0
0.7965510811282911,0.3323464167799161,0.38865193198173825,0.47408431898254344,0.17297409638986716,0.3730836797112157,0.36044831077599626,0.36974029221821536,0.17963195464742712,0.3549740062428911,0.814691546133992,0.5650333079887988,0.49659220673981813,0.4967586986787772,0.5318790474993288,0.578737337676966,0.4310267220084821,0.4230797666002661,0.5557043651023453,0.3098020995520739,1.0
0.2216893629149389,0.32830769397213094,0.34422781595575136,0.30874161316952964,0.7913004288962384,0.3456101486498287,0.29333895784825886,0.5561716918492965,0.23887583747925067,0.4134669749864365,0.5251841165206523,0.6698330167350741,0.3643085483111652,0.4431175053585406,0.44960710175448504,0.7296094379830615,0.7513926121919301,0.2785696093846567,0.40900694942884164,0.5090218320498299,0.0
0.2675082635318989,0.33885673620542645,0.46340712369641424,0.2770239068509062,0.7537816205886696,0.2599635245513727,0.11960670996346434,0.39825013308301394,0.34217243435854033,0.2730539512040276,0.4614827409976568,0.5764721493478622,0.38724101309069237,0.5189543922069692,0.4608318937327482,0.42626537897518674,0.5521424012969727,0.32467979082520676,0.45644344672385706,0.5944021063151346,0.0
0.249079895241197,0.19786626681248382,0.8922598024036773,0.3109884729075535,0.34302234045764113,0.38230567593177256,0.4852675923613256,0.3593659103726212,0.1952247165376197,0.43067811266121786,0.5501098069195228,0.4336648093070171,0.4182610686361965,0.4469178208757506,0.2369766275320319,0.4505489563441745,0.6626547169434115,0.28234258481484836,0.46076654867394834,0.3907645335256598,0.0
0.22963564997540925,0.34332141442914854,0.2590642727798003,0.3517553024556695,0.27180957272242146,0.2924481593998276,0.23779282682249203,0.40736058280062887,0.24627700298566418,0.7921013229633024,0.5474040149815461,0.3968277835525404,0.4915654653744904,0.1659270111969124,0.3822452873398293,0.43230215867654487,0.3952634248860074,0.3038469671521371,0.5171351815847098,0.2946091511478872,0.0
0.31350971861656163,0.21139363388595095,0.42593201198626546,0.45131413232214496,0.668694539437902,0.23415657423660194,0.42184824525623654,0.15117907248853424,0.23718439308158568,0.36811780068750494,0.39885001187865765,0.3920118025882908,0.42447062023246795,0.5636232786042232,0.31240927683999,0.6463369131597337,0.4669843384423552,0.5382530999217283,0.4687694004549648,0.47272530230494214,1.0
0.30791968907775763,0.3053011259366453,0.35837789544007465,0.35805171099504424,0.8561353740256037,0.20580439027971442,0.32479213564911547,0.22551041939920602,0.29166944702472153,0.2976461721308319,0.42251956541674435,0.5092604802248828,0.5011488627037598,0.31507251511481027,0.5715237024546872,0.5015468024916648,0.3595449492773805,0.4034964760612582,0.7009656009943477,0.39803516395623745,1.0
0.3590059588306918,0.44237763117679035,0.711320762186785,0.2521277130913687,0.23702876596933853,0.36554897840514006,0.37050632866696304,0.4580090760770516,0.28166645649548544,0.19116582697522957,0.46781274652125565,0.7567697888448255,0.5039838484838418,0.12532538738749194,0.7932013074475406,0.4532314477006024,0.34450424079377073,0.3321223238144507,0.3934336494164628,0.5563000242997479,0.0
0.3019223940603507,0.26306366927837055,0.3133102266076337,0.6082793732329457,0.5220698870845455,0.38041054631966104,0.23655248944566748,0.26140074714777406,0.1793997253318993,0.1536406823205129,0.6395792609148054,0.4062010097934359,0.5934152857646355,0.38185250564641965,0.6757835501586467,0.6259980693452109,0.3496616171847995,0.3936490991483129,0.6441581906121105,0.35872544503241127,1.0
0.23786006742210666,0.24802963418952378,0.7636959434100592,0.3958460419156773,0.2785313799619421,0.3929037940162524,0.28466533730703275,0.39802844433402584,0.2828682161245339,0.37748880594985634,0.6492643675732481,0.5940275752449324,0.30351727126155337,0.2053318688247329,0.34865834651475613,0.35710304529335074,0.21834882954922835,0.39437254675235545,0.6577674862291083,0.47090848896449444,0.0
0.23287710505027848,0.2956368846795969,0.23683444220187727,0.33171888635717106,0.39945695953988114,0.6432565941220955,0.28427309671721573,0.39769593174859996,0.2250095321760026,0.31696918860058065,0.6657393915105986,0.5412396774546883,0.4060139672912322,0.3570223870959486,0.45175970340888005,0.5008955704082876,0.22030785727003493,0.22637528712218377,0.38745340253640803,0.37437362757974474,0.0
0.313948191638289,0.34904075335420376,0.33282371142372885,0.794039780289835,0.27524167567494406,0.4236273714682143,0.25830758944650195,0.5079246866352616,0.27756243195004277,0.40608597634603616,0.8034974638515722,0.527710175751347,0.4138455320501859,0.4187898782505885,0.3418213526649089,0.4823875103007132,0.6287403884121463,0.3769367268613809,0.33391147264751264,0.4530667839938461,1.0
0.23009671859233094,0.34863234745894345,0.2939421457497055,0.438540708928844,0.7259182093855228,0.29698894529983483,0.3584742296757483,0.4729259870840613,0.28136213629392376,0.39179930054184864,0.41771765665162985,0.316037231116457,0.5911642981371565,0.4163907792597345,0.4246899318154038,0.33836110948487064,0.3173655012003725,0.485367744866001,0.28027442551633497,0.6391804289633675,1.0
0.2640973788998381,0.25679398188433455,0.793510196213912,0.41341399806383744,0.37473172346841765,0.482606585111211,0.28846125286035684,0.2062972531271562,0.3664743295420971,0.3523330674356243,0.3821287209360047,0.6301596676730814,0.5240066259655062,0.4735000562537405,0.45439918920161626,0.5501957047009888,0.5531505454866309,0.5203302332076117,0.5074727558151146,0.6368064343038325,0.0
0.7054229694681035,0.2508772137361143,0.39341345762808844,0.35352941442562164,0.3282862685254897,0.3748038220171329,0.3122169346120538,0.13060772183193534,0.2817384258304138,0.3687898416824343,0.7585514878258353,0.6080146256819278,0.4409114785545553,0.4819304463772576,0.2631933219309235,0.34848476964086594,0.12761897880397655,0.420548051864425,0.38222548875075024,0.34796430910017395,0.0
0.23079738765356528,0.2882173787218789,0.7407786934585343,0.3431889883308362,0.18669430678042456,0.263475248581738,0.3173896656085099,0.38121691656018847,0.3020700671700633,0.19040220601696597,0.51943050163585,0.6947231637868924,0.5961158265097884,0.40553471752466247,0.67771368338444,0.5397460723625471,0.6177505782098324,0.4572555275250935,0.43210145288952495,0.47662210941449146,0.0
0.2681823107268213,0.5821392912585047,0.3987096789787234,0.3587563977375499,0.2736340279851268,0.30356004665491065,0.25977224496845625,0.3204454317231824,0.33064229373925935,0.47634524801266664,0.5459793589331485,0.6637988103387675,0.6948681547864015,0.37184459288910554,0.5908764262771629,0.46775662956283076,0.3678749589237086,0.18902394712152748,0.5393762545203763,0.4411774891305222,1.0
0.3199320725809149,0.17463670226684125,0.3320768037847415,0.2911489470926598,0.21193148446266635,0.1379543449098917,0.4070149347770324,0.3760231013653031,0.29191853445095306,0.7556602254155467,0.4889779834104652,0.5477619533916875,0.44834885890832515,0.40516292359703426,0.680450822543089,0.4123057396766504,0.2560075795602212,0.4406710489027612,0.3741878066799942,0.6181653659540305,1.0
0.22279958190451196,0.28905391397252683,0.7190148010213436,0.2689406196632937,0.2702062225856081,0.3388652925463181,0.17652787003583817,0.23022056699755813,0.285404394222479,0.29629806373743794,0.5084045812069128,0.48276066280739227,0.4934938696043494,0.46226784608209304,0.608250965826864,0.4385494268446289,0.6398540053060814,0.46818641212432366,0.5556267653987175,0.29915840668061594,0.0
0.37548562530253093,0.45792430786312244,0.35448687743491497,0.2980565457458773,0.29957906118269845,0.26089812342009294,0.3767842136441832,0.8189041743311595,0.47688011760187654,0.26403787792725647,0.4832473314210015,0.373760633259546,0.39777665070809587,0.448910180186967,0.533896984209075,0.47200807951554963,0.4565041053749349,0.6327895703133846,0.5146654905069489,0.31300310467931813,1.0
0.34235861028815057,0.3476550955875577,0.44218199130149577,0.25792826982958245,0.36014312405104754,0.4711728610591194,0.2611812506471079,0.42274147400106715,0.30013376927181123,0.8352718154065965,0.6532480797760036,0.47223328372324597,0.5072625558463587,0.6814339677223828,0.4417458773197557,0.6896612125873265,0.4735301908081039,0.3976101615111476,0.3097753015006647,0.5111231015933605,0.0
0.1743811680165856,0.14019802434757114,0.4389644382040637,0.4355707908917825,0.3419351144301946,0.26680699865825963,0.2067396124363575,0.8063762328466003,0.24219005049374992,0.4793681299473346,0.6218639640725042,0.63593736094049,0.4648024750816824,0.508853659060618,0.6283301294309994,0.38966591921774485,0.5433524253581814,0.41935819086659665,0.6161191872478355,0.38777407146515513,1.0
0.38383537007244695,0.4188178410162123,0.3117531009732269,0.405228756925225,0.25319377586332037,0.22340279419288894,0.3868221913166117,0.2738940657568645,0.317596399200372,0.7645798108110579,0.5605717200144589,0.640497481250341,0.44359365049516325,0.479421757840514,0.578168535719336,0.5485564281112562,0.6038955569289951,0.2989608449022496,0.3582083692036475,0.4023477315611445,1.0
0.36634041816774826,0.39111855403923096,0.3891725952892513,0.3410061905691626,0.15576561559566504,0.3747932969942008,0.6394003047880533,0.3445003610229637,0.293612427226783,0.4286923364524603,0.4272993349612727,0.4099367377784917,0.4200952394155983,0.4006108923853851,0.5782677456284526,0.3695253129103785,0.28946508129537524,0.5308803810399297,0.4316806042917881,0.4385433340476704,0.0
0.31173727501514725,0.2559665173966154,0.4362178518095205,0.23915145314947622,0.707280474314251,0.3104216044717944,0.29852886215481644,0.32937891787150764,0.2084123160301109,0.28347249320233253,0.5898939887784975,0.3456151739739518,0.44252525663385456,0.5225628864183266,0.3114918488624724,0.4434029196817006,0.363753817963621,0.44069028333993154,0.56032172377866,0.3986932794051842,0.0
0.8076793628631502,0.39994328574083315,0.3815955985033594,0.4207948633663213,0.2820025569030802,0.35943718392153434,0.2750408989588946,0.11159994540463566,0.35619453707674886,0.3611094322852477,0.6394603414291297,0.681300613191979,0.3685954753137397,0.38963424151967047,0.3987664349925192,0.47057928002434746,0.43740006689045463,0.5191535418674015,0.5095382416709522,0.39953192939337345,0.0
0.3581095764376516,0.34831602184677024,0.2801871810509313,0.29742982335291573,0.31233943130455416,0.343821484222078,0.3855888688179384,0.3245941529530162,0.5224775370075028,0.953084614438883,0.5213904190103325,0.42759793587745065,0.48841862947843845,0.49456925216035014,0.29431474831021887,0.2448907130155345,0.5303494662524348,0.3932810197491412,0.3812712337269831,0.5526541797611573,0.0
0.7340950759348019,0.15778573528247186,0.3957008858585872,0.3297570687631725,0.2747341972422892,0.11203573325608598,0.22341524179144123,0.42355971030003153,0.35765107438300847,0.28489493067208643,0.6571992882013316,0.5235974938058986,0.5332765475151008,0.537083790247568,0.6876146275701607,0.39148449340400066,0.547233544132967,0.7120651941494047,0.42235844727211475,0.3922531553220574,0.0
0.35078188708629576,0.3594481192605927,0.3399339064704412,0.3319722457047093,0.6900007603521612,0.39773953925308014,0.359362814124538,0.2749176933661662,0.20012746592365016,0.3776298003593276,0.4969720428616777,0.45906374129439864,0.2662877625667238,0.48795582570651463,0.25825907278953364,0.5964516115584447,0.622620392365994,0.5358139885573221,0.47247973176406566,0.4383521950715779,0.0
0.449667677129235,0.22905653237209259,0.2661821335770505,0.44732840027129805,0.31719816739042367,0.2615735366202222,0.303632315248618,0.972346456113834,0.3232110825858962,0.27156697812191977,0.6232230768221482,0.6924176614698426,0.5632345912546293,0.4228102889872544,0.5836466889929015,0.5654712584179308,0.5140970617540378,0.4274410896169406,0.3319606689317058,0.375144806589393,1.0
0.29529330103625745,0.717639049198104,0.3415329570766711,0.3620397578020575,0.2973760167807807,0.2516422774042938,0.2034459605359274,0.43540919683070034,0.23476272241058022,0.14381766311586033,0.4851902121211574,0.3037624922957682,0.4969719958146075,0.44642780660065645,0.6306636278173279,0.38623713748433625,0.4713606875115025,0.5810406012958357,0.49852251548283794,0.373405066435329,1.0
0.34886408813403097,0.18050614411276034,0.39040970009146314,0.3679411242457853,0.24269842167318878,0.32357711740611544,0.20120142655023643,0.8041586113273944,0.26246919542954195,0.30921904503045244,0.5010236799701385,0.39044343101688594,0.5677622217287406,0.4467510981250338,0.5090420407412068,0.3746929029222279,0.5148359353286291,0.4819084159071283,0.48767120418323734,0.34648139623585594,1.0
0.22510514202681853,0.32180649653048204,0.38097522913265347,0.2977150127866562,0.37098815611543234,0.4658357758458764,0.16334461047397508,0.3681475293235962,0.7227854284630435,0.44150435309307257,0.5922691973557006,0.5306250161509676,0.2465498985996532,0.3570799778210013,0.511328069137292,0.4983707132293995,0.5595586740740972,0.5519709235329113,0.48288591944226894,0.4934157007872663,0.0
0.18347013389744987,0.3447633689664926,0.3109981602735354,0.7549826428991973,0.3554940343289381,0.27455231923437484,0.34039481594348026,0.2630653381223314,0.31803241308307256,0.402176802916458,0.5889645069778175,0.38173720971681013,0.5446068118522728,0.45942168490849855,0.5012786265818403,0.6199539963776484,0.653754593790145,0.37951799481299875,0.5528262854861847,0.41812047614477915,1.0
0.3076046176742265,0.30270840739450017,0.27197603704061457,0.3233801800562689,0.26256921973668423,0.32842276447260693,0.32293613319828085,0.12247792322764345,0.31791095903926536,0.8478937558145292,0.5868250644066598,0.6474768230178017,0.4489548794676288,0.5233068058139242,0.5631840635997656,0.5011220847570399,0.5222863681765837,0.36942073643801154,0.2613530210144973,0.411869682324755,1.0
0.28770457919585146,0.6616790762769038,0.2931919207544307,0.33138245360760565,0.30730578473934766,0.32404922902642236,0.2675607796302766,0.2974070763187311,0.28362322197153456,0.2804627723731384,0.4817400298764943,0.7232588787124801,0.48295623984636077,0.34240897579189444,0.4548377343176907,0.49273698259506654,0.3304458813629266,0.6767370573676936,0.3082138129784747,0.5397235851770568,0.0
0.29062924549779057,0.3042789731188356,0.3639931713215114,0.40631241954441116,0.455458617888249,0.2890597076508071,0.28979907174855024,0.2923008916838853,0.7645172029582179,0.3260568087440429,0.5052641447595736,0.4611267235862638,0.5027891955737517,0.2172681685658551,0.525208933097321,0.6616091081244262,0.5067219331808638,0.49755949412155115,0.21868367075037265,0.23906138850926795,0.0
0.27046504194988497,0.2887181526547891,0.7385846508887175,0.26985365313141335,0.3077676748604809,0.2810186878165476,0.34243387928598173,0.22970692155555994,0.25231691587554905,0.5108652537054177,0.8616558451174079,0.3364860029093395,0.6267865202314448,0.4498979452323095,0.3291585176665919,0.7209851274849908,0.37678509626893486,0.52252838489764,0.42645422040654174,0.574170863239341,0.0
0.3838263767979594,0.24001100194841302,0.23902052158067577,0.4390773323238091,0.3554707708800227,0.2657436033459223,0.16191986481069434,0.33486493189841393,0.3434306793001035,0.8030310284422597,0.46453298855926056,0.5160430971841264,0.3229938845152781,0.5858055788146672,0.5477446192874015,0.6456393424861444,0.48925129082859903,0.4277421889663637,0.3950444437932548,0.582937926296597,1.0
0.24870115862961065,0.27322514558409333,0.3875552814740286,0.2987660943655136,0.33971967999092023,0.3365085602695967,0.21054813110272594,0.4370308250155044,0.37157928820949077,0.799652863970072,0.5676790563810399,0.6819098608499162,0.6002487327170025,0.2640649107155252,0.5692809625036614,0.6016907435527648,0.3198842066018336,0.4975338032707307,0.3960452162633554,0.6302953934716968,1.0
0.1230822878046994,0.389964955327167,0.5050843102808821,0.3286482592587722,0.7242414470754561,0.33609151487815647,0.19766743778682017,0.30549432645750374,0.25213031109990136,0.33359550576765673,0.5078610790984741,0.4197690765572406,0.5045608177479894,0.44388695366074654,0.7569700825076019,0.4565397111034924,0.5156845086224305,0.4986405584063381,0.46833705103617607,0.4879489671987351,0.0
0.4239769915289189,0.18563782183840283,0.395585168995361,0.38514712940343704,0.2076463192323329,0.44009838085100317,0.20927135648460904,0.7301028393289359,0.29672529885214377,0.33735357196620985,0.6739288566331927,0.1961280259235963,0.6656322880510221,0.44115957192344757,0.47814594944425043,0.7842327394428714,0.2911059851440657,0.31027724917016736,0.4971643811257334,0.362961555739987,1.0
0.3522218741117012,0.2759168542008986,0.31024406511091746,0.3203689553717551,0.2554752972605664,0.2313007951566819,0.19666908589893048,0.316618326671595,0.33373795716947674,0.6362835847827267,0.4170250560789486,0.27624855126894265,0.6280539397078441,0.2964756236511422,0.10699077647810112,0.6227193373293028,0.3665258630883106,0.3293396400352257,0.502646498004377,0.4767603576508499,0.0
0.21458505139982678,0.22896252931469654,0.17914136280354945,0.2577895805974593,0.2751658665803284,0.387087521681187,0.7494219515654399,0.19370063204578056,0.317011260482849,0.25274988135133525,0.8530205240824003,0.395555620821719,0.5206073251617158,0.44943971422008233,0.3710212997799551,0.4293756217658198,0.5915829551551957,0.5705199054657386,0.5755384436302281,0.5510151280831094,1.0
0.2892225434712551,0.31259967404514255,0.7633572761285787,0.4147137083672254,0.28780025101125317,0.220087002721376,0.40341312124251066,0.32034690802565674,0.30524456274953937,0.34917818719106647,0.6825776048893165,0.6141136332441253,0.5423835235157258,0.36363216421620526,0.29768151069346305,0.4595856637238805,0.229791410262638,0.223476900479039,0.5923272576598975,0.5765173886845274,0.0
0.2592994428732689,0.13627784288147898,0.24578957729391382,0.8425395021149236,0.3349513840280698,0.31262562462724414,0.3725115430530598,0.4590868495372853,0.11780482448675733,0.38098782134603737,0.6864433754651282,0.400467120694206,0.5676940562356363,0.720317571469518,0.5464542201227567,0.4694965471965462,0.5047939505999182,0.3192797077418187,0.4143796426631297,0.5617351287329939,1.0
0.15905912443759337,0.4582318311991638,0.35320114336166397,0.1515221750232276,0.2866206368604782,0.23677817615823743,0.20078070971682832,0.32545423635069115,0.7588877541522234,0.3532228904777346,0.5852829695491489,0.3972476329738457,0.3500319294167459,0.5405240943527798,0.5381457187889368,0.6475817537746292,0.34910890113677273,0.42530762625199936,0.6007503858932026,0.3354815153931267,1.0
0.42298056106685666,0.1496425536004536,0.7876953032911331,0.2953187061981736,0.3617677285455949,0.3428115423320968,0.1718264309236297,0.2717926241503516,0.3740854395173754,0.2680082715472853,0.7408459237150692,0.29440155409588636,0.38222064774626335,0.5148503667537,0.5585211424550252,0.4609538319340389,0.49387150632731397,0.3653925449825357,0.4540136763583496,0.3721141382054014,0.0
0.3868362097554397,0.24985487100782086,0.3142873007890093,0.4480660298300987,0.356265131607218,0.24440218423562998,0.21598837726504727,0.2952145414912851,0.707926871522053,0.10436460123849212,0.5837744383486748,0.6366145554750722,0.41894859909627885,0.4129965489533773,0.5198933336587455,0.4945236625708287,0.23181352559807292,0.5346238658195024,0.2786061084671464,0.2764343436591725,0.0
0.34385383944338554,0.3281663689789205,0.311266429198122,0.4116798092868975,0.2531360318734434,0.40400244030697496,0.22263336797255465,0.33033992985483135,0.7152131828026231,0.3354372415779158,0.8035300317841381,0.33058719146875476,0.19255478779208945,0.42876151231362425,0.47373785923027356,0.32726299506911927,0.5259026909969552,0.6898443963571027,0.3941545543525041,0.36299700854391226,1.0
0.36472780555675566,0.27544820015667687,0.3906304962413402,0.39342029271088375,0.4006802546695284,0.44638847387873704,0.35775362171331804,0.34772417104677616,0.809830259912856,0.40718133779887955,0.3670592177827674,0.4368477453671171,0.5703474408325196,0.2603584675608011,0.5266357899802029,0.30294111129344214,0.3683235893352617,0.5229302928324836,0.2949778735878408,0.5843872389130556,0.0
0.24830500075371764,0.3686820864914936,0.8393487030675348,0.2576801506188035,0.3940458860001327,0.2407136715888006,0.2820364563181846,0.26385439879267963,0.20211948623076315,0.38285931485923974,0.44674172982358706,0.6177216018046634,0.6626813640453778,0.3627089064337557,0.48107798288050185,0.5175247571416197,0.6725626695835344,0.4977896367364196,0.4842627927827272,0.49056246769726086,0.0
0.43240145327072016,0.42703496520294615,0.2739332426917186,0.2605625167128747,0.29485759769975034,0.19999764256742325,0.9194899348888566,0.40663007174381416,0.5269929303948351,0.2512647154497944,0.5887129174064031,0.4964626559428264,0.4422383667416614,0.47606402540841586,0.5353059416927042,0.5268079816048455,0.4638673126640994,0.514963825597726,0.4849007863404125,0.32105026814007204,1.0
0.7449730181864895,0.38010538288727613,0.32030997767223235,0.23432320779866522,0.3929268212929508,0.4099780764152514,0.21276291906848638,0.30314766738004045,0.3788991890448142,0.35260098856238103,0.45122899853439435,0.4255265234950126,0.448249364936094,0.6114064900081374,0.42240883723447137,0.4015456889510632,0.4491261326270465,0.5142107582426683,0.5475935182208366,0.4060905233029681,0.0
0.25016342349121623,0.23716039187504082,0.42010765070176087,0.8278423744942534,0.25951231409881836,0.32505173577589697,0.3763881915310622,0.36717449880467046,0.35788181608695463,0.2507494144073828,0.3170438698797794,0.6016941268523003,0.4711859435037693,0.23109586731491757,0.6027380377288988,0.6358003858422763,0.44745764510912694,0.4833432420993526,0.4359534226098738,0.3598993391985015,1.0
0.6895595987100375,0.20515120507149495,0.39077947011750763,0.35512136329077887,0.35584012837296586,0.19825575584249022,0.3217790545973704,0.36418370769476327,0.37362001715618326,0.3038216824716883,0.3657180440543274,0.22268803153913175,0.5782077771449541,0.3924077483825812,0.42340693911741434,0.48982422285349986,0.3273922332488546,0.42281682581755176,0.5539163109770844,0.550909828401241,1.0
0.2716746451268148,0.24048698470888674,0.38005586609783226,0.4876979524524851,0.7394410041065269,0.1728855754493224,0.3197192568962034,0.21904358651599218,0.21774103727593747,0.5181139437733566,0.5835111591697455,0.505357240687714,0.4224055326566497,0.5906992775611075,0.5941943251562412,0.49873881861414604,0.5202350663653429,0.29331883789783375,0.587208424591708,0.5460366937082769,0.0
0.2133046127486261,0.2583669669255429,0.3536398026698347,0.7882698172370044,0.42199535119097475,0.19071340694654645,0.2716251811710541,0.4189205316730334,0.4010808884275032,0.3246368506194914,0.6590837554539424,0.30923282060571067,0.3420607527910722,0.43654194621204234,0.559832974728687,0.4717207338283247,0.5908946156831715,0.683785690591336,0.051364909838332584,0.2919976086010815,1.0
0.2797241426705461,0.727646415591113,0.32902726062912113,0.36590956532366536,0.46029534980506664,0.3771152047519834,0.22654579492526133,0.4120910223764896,0.2767833494209178,0.3890280689107171,0.5587161950203383,0.6429115120552176,0.2491280924661948,0.4407088211301505,0.6260219491520952,0.6495551548145324,0.5426030227350873,0.40888673187487123,0.4695699523512093,0.560515519691734,0.0
0.2872207654989623,0.2722802816868557,0.31587872420677715,0.47275277722766884,0.7031177442164616,0.18786089466736589,0.33768750342641085,0.246698811804798,0.3457382406871833,0.25960977571364585,0.4140361803347812,0.46318556392377397,0.37860344756879366,0.49864719581788397,0.4119663424142077,0.3976266622966825,0.40121208650611606,0.4528797064425802,0.36795275584007603,0.5855797397129167,1.0
0.28758425432426027,0.3836398189738992,0.17430062365934795,0.26781958116588106,0.3233888637496906,0.348229597348675,0.3359987477710804,0.7546269117994517,0.2987925057784217,0.34097009465372624,0.5777980644958314,0.3823373080178964,0.35966864573547314,0.36489799597949135,0.620833706122393,0.38145978759464616,0.35236200610510654,0.664691912659733,0.5524294626898882,0.4398096745196333,1.0
0.23696778714080935,0.5723071233008001,0.4483090034171141,0.7617884309687938,0.28329860251143224,0.20625312372654273,0.42573547842910314,0.31993647733076447,0.2733339439513495,0.24102620651709986,0.4632074683789783,0.3829277086136832,0.6012338485059748,0.39976609788298045,0.3684898953836102,0.6855692372151255,0.2324184690210961,0.40604916554886933,0.4243754098910031,0.44397812668980335,1.0
0.1502846323658322,0.41881833858318634,0.7264976058998911,0.4337933371582141,0.39327377763666244,0.17922573394416438,0.4802680733090027,0.26976501455913143,0.25988378239711635,0.3673395738776427,0.7508616747875674,0.45913722457098577,0.5675388427866189,0.596499470750167,0.535428514562926,0.5174450302346165,0.4272269224206689,0.5074545537800332,0.4976769120932227,0.5562173415213618,0.0
0.26649585568146655,0.2575421349730771,0.5330137712656033,0.38960288814206273,0.4097944181260432,0.35601453083451945,0.2433159313375241,0.17654457665566609,0.8030382125930453,0.38535696034017397,0.7064932250310159,0.8402885092246473,0.5490616794252356,0.48848622741895115,0.4097815024363092,0.4190358683492366,0.6426190573674978,0.5028906207021483,0.49196834179018,0.4776770818285858,0.0
0.3653431418449985,0.34084349261495306,0.3417606467008828,0.7768547565143851,0.23626407092091023,0.15671338704951482,0.3953670289017061,0.18535796867179286,0.3327290582285601,0.295192767047211,0.4992565493109987,0.5584329585542125,0.6565422614756812,0.3273747281935565,0.4226960973591044,0.5479858850297132,0.5411213700657882,0.4519570875309939,0.4666364552232662,0.4063117695963523,1.0
0.2967861218913019,0.1181703102257449,0.37278570538040207,0.4345930601994249,0.2600534748265075,0.7113276364212788,0.05272969010449541,0.3725438578406895,0.27779271074708994,0.3693625883863272,0.3323517971687789,0.4824655202505714,0.48425283957646326,0.5909327524113773,0.4976740141576218,0.480502750837302,0.49383709630826605,0.2652598151624381,0.38458983308668393,0.6623733421537734,0.0
0.33353255695526585,0.28867549453954955,0.2998624854568259,0.38417526334022534,0.481358644238557,0.30430582350931534,0.8055921510291401,0.22766387102460425,0.3218316543435784,0.4402037329555726,0.6843460272821023,0.5471784425969954,0.6978900356339302,0.26804068708776385,0.5198846227508047,0.4674610851657288,0.5860465537877584,0.5344169992582108,0.5039059790318225,0.254414299497437,0.0
0.756383438314283,0.29887857265392687,0.4299604668572078,0.39196967195334076,0.2748364382840042,0.5048093612040253,0.3744538805852696,0.21908670718462342,0.5590261631464071,0.395892331524955,0.5172282907597111,0.7912010957608951,0.5900032048674154,0.2664905750401551,0.5220485007514053,0.395340734436722,0.6933023089287467,0.45680765706675114,0.671755572582896,0.456106747090317,1.0
0.3274859351317182,0.5871963464876835,0.25755658285645383,0.18758343552498397,0.4673865740678692,0.19360268670722214,0.2453385258584595,0.30056143595933676,0.41008351437450485,0.33591431314107256,0.47647330803345994,0.48476239789338704,0.4416477381149803,0.47321091095509116,0.5495045362078144,0.6985111871609115,0.5002124279688283,0.3511823963534894,0.4463236393401919,0.6129780061431258,0.0
0.31849190593184457,0.1655293555635979,0.7352535543697818,0.23495442248964965,0.16020691504350942,0.2935212245207005,0.43934547918481454,0.23146845345863898,0.2893596533622883,0.31519099481037616,0.41737605442864767,0.3729281047068094,0.4177234574852696,0.6031618946398787,0.46501819730007826,0.6382131630886012,0.3436470083815238,0.3081944213538431,0.6926308088739541,0.531816248004646,0.0
0.28337204276434297,0.5896434422827748,0.3012701885783929,0.3331966491326651,0.25518517723256323,0.2999764173270146,0.3537567562819696,0.3478286412268872,0.4165106594325404,0.42193210703425227,0.4657763615372884,0.39207544284881873,0.6830586386333911,0.4397045064401076,0.7929354998912916,0.46069238551736186,0.44245069946680143,0.4050692689219219,0.4463352148449192,0.35115517748167835,0.0
0.43868641616008697,0.22500027431495262,0.2778022330565669,0.42718076295238927,0.21458549964614113,0.2773432317411448,0.5566333229472006,0.30448045694900727,0.2887939539192972,0.8441709718377522,0.3147015308704263,0.4883769516122652,0.28755489745476637,0.4567288433118389,0.5074936964919938,0.36355890187201784,0.37265918814471843,0.3364041847861058,0.6515277615306703,0.3408594790264604,1.0
0.4321214805715181,0.2936062073611741,0.3031565518581689,0.3345572843599489,0.3448360548348953,0.3186598681784158,0.16212451203766415,0.2666666998673584,0.40141547685431445,0.8030284073550755,0.6497526310233237,0.5779273934284195,0.6132501332602212,0.4341610034388091,0.2744851455537205,0.4453245142956067,0.44402792154344495,0.5015502173201023,0.7128388922101181,0.5732591064500763,0.0
0.2161495793202184,0.39930234535721887,0.32194456676535543,0.33507294353593287,0.6732637619627511,0.44554955838001953,0.3678343950901056,0.2329043781638811,0.3635342486384464,0.23734586636302452,0.6429132960472148,0.6019024347780123,0.3616988110765939,0.39474680755145697,0.5432305269765874,0.6146171827303205,0.6418276845303098,0.2045690798177892,0.4679924387745495,0.4026059410592812,1.0
0.254280932935332,0.44167008515749795,0.31932800261732747,0.35100793348472975,0.29377347394890846,0.40643826877263595,0.2541242135635623,0.35739580884810673,0.4774588896478066,1.0,0.46022228817376,0.3568911177985086,0.6348016201165763,0.4329228636460544,0.49504943184438677,0.3412171254486255,0.26163199995062614,0.7135928091120167,0.5335779696604809,0.5319493164687897,0.0
0.3433736068805482,0.20487877967089152,0.6632338804733137,0.4347765777953288,0.161590064875958,0.3490032836187241,0.3723007243412024,0.2825506579334794,0.34213499646671797,0.48798161633288983,0.4919494747328286,0.4430015643563859,0.5848147950818552,0.4612274318943298,0.5461499736115655,0.577513852967031,0.3855140869392728,0.6898004342034704,0.10619065960365082,0.44361468760473377,0.0
0.23552164724882857,0.27411267004992335,0.24844338250427378,0.5381298910989432,0.28196549001541255,0.35978032774665764,0.16480758325283434,0.7740489738191506,0.28715170269560936,0.41698072991913837,0.7370700085248945,0.39693362954654254,0.40592034753845885,0.187680666252594,0.5366013901785406,0.6850991976186616,0.3503811350167925,0.5153100289588869,0.2962882228023561,0.3666262083414641,1.0
0.18803541943350027,0.7692212741443667,0.32930559049047603,0.27890130003264424,0.3243206109517154,0.24806837659328385,0.27390247742629464,0.3591221248914052,0.19123610647378514,0.35935260385657614,0.614255918889685,0.5386439821198192,0.5556237230055887,0.6631220424439639,0.4589596631079791,0.5397036615074647,0.7814287664603667,0.5264334547916246,0.441433305838393,0.5449714948680331,0.0
0.2523527759747999,0.23795965567124355,0.2521786235420166,0.4731112107579768,0.37113468445226677,0.7393553055327412,0.428648527502693,0.2676531492342782,0.4387190553179483,0.4348644758150691,0.7038297258201238,0.4561381182469906,0.4295479584162676,0.3499363067871838,0.5354576992966724,0.6292057464711484,0.491077880939255,0.5053854659465318,0.46335512900425924,0.6509601904847948,0.0
0.22226997011556582,0.3633527889463197,0.28579491203789653,0.27014174749244935,0.383306413812747,0.6255097642652743,0.4205803342807113,0.3782741835366864,0.4739036216646205,0.2752448796701886,0.5052663890904538,0.4353330050883885,0.5937778498438576,0.22513670325732907,0.48071872033108687,0.44765469490970505,0.5173320920727281,0.525598192204058,0.3826723374650513,0.4132247062765327,0.0
0.3042095725556618,0.21523838868781137,0.3473394000641051,0.2361953683747967,0.798887040975393,0.330313485415747,0.2695165300012803,0.4010290118654112,0.36671641053125714,0.37857582806299817,0.46454199855288325,0.475679552715887,0.45650862602074194,0.2443609900611704,0.46421497133223383,0.4849913939313999,0.5987288883853199,0.5876658725735663,0.6080050016874416,0.6581397391821171,0.0
0.33549709489824614,0.22588812079456927,0.3307831871136805,0.38178442189682305,0.16492578519600498,0.2902683689592326,0.27669579695556606,0.790140459153098,0.4229389456850631,0.3536394345630621,0.4712003890658044,0.4254021259832655,0.44444053923313565,0.6207983939542864,0.4957579151898723,0.6348084485868232,0.5218483168060525,0.3691018285376033,0.31824858538751727,0.3272636119651286,0.0
0.6905008354105102,0.3622172468220045,0.19540033822792932,0.3484127318646249,0.1769182216580175,0.3507904478804764,0.2869336908706239,0.42160761408062364,0.2705070067984464,0.3708977801396113,0.5242974865430706,0.6785308060710806,0.47224029751317076,0.3307583382933608,0.5378975183455916,0.4851050006999879,0.28101569170307006,0.31716742756799143,0.3399086903905925,0.5319165789003641,1.0
0.2660652159840915,0.2378695604352805,0.4425084607500556,0.25570609349740325,0.2727873302461201,0.34126232684103186,0.31654940494629635,0.4725578495924831,0.6786287025323512,0.44817701879184413,0.36159244259574863,0.695526327423038,0.544923613982277,0.4034797266245498,0.3450002642559612,0.6158493840214551,0.3265497937196931,0.5434472924334065,0.40690873648744935,0.40753163446550844,0.0
0.7162590548945025,0.2912874310371098,0.36341668966090385,0.41544585478225354,0.2558052039757339,0.35173087593992464,0.33191293868173727,0.4460219549449358,0.2760132744766941,0.4180029257706075,0.38026905707038516,0.4962604186087456,0.5508182171479366,0.31878998816602633,0.28348178987964917,0.48027655986614265,0.41484740372746326,0.43092913685519074,0.14762402984724443,0.6131261514340997,0.0
0.30782506204193777,0.1740831443723953,0.3074730051780499,0.3495838467606458,0.1710047316257523,0.3190950580134018,0.19304212251249545,0.32862739141746805,0.30761432059513866,0.7236124224182237,0.45975144057308603,0.6288674892951021,0.35309595171243313,0.17942557495416916,0.5256088963522529,0.4339774052023083,0.528915249717625,0.5893753483034475,0.4198712794133581,0.5685117207622074,1.0
0.41957354272625236,0.19838691375760192,0.3289289011377768,0.3500770442312324,0.35331917718452777,0.3032989839537248,0.362280997344145,0.35448604083647517,0.24670128467958674,0.6109246118354478,0.5618191718487069,0.41980528477323875,0.5745303242576392,0.595120517479545,0.5319532166949803,0.46415010113300725,0.5509783974608196,0.5273254811027343,0.6332501847741073,0.7482399484491595,1.0
0.3168416766749239,0.2627476011168027,0.3898715623044064,0.39565819500518495,0.35483983122824797,0.3672040409032422,0.7678960728635165,0.3741336050368321,0.4116135544059126,0.5059468279208077,0.5893971780949812,0.5624733977995777,0.4157219644103328,0.3720864864090288,0.5130737666966156,0.49065832109325336,0.6871398569999883,0.4677560565322629,0.4691140590057342,0.466570712879529,0.0
0.21427607362795575,0.405304477107712,0.3651125698498173,0.21704177891270732,0.4639839023855772,0.38106833144915436,0.7488886621874988,0.4018018333212249,0.2890534439720133,0.39035857296100834,0.6678976464145366,0.2832652848802931,0.5991988310190283,0.6263518551224205,0.5791388375536527,0.5870903529547701,0.7114658484358156,0.3222429840298545,0.35630343641995044,0.3139158235989282,0.0
0.34841435296481976,0.26923835669686236,0.4239034696545987,0.283694711352516,0.33352364185003414,0.44520543486400166,0.37541174350545914,0.42340435238157387,0.308802886117048,0.8391142912218941,0.47838164687799356,0.5269946931445932,0.49855786107550126,0.48793600355736366,0.3645929879449061,0.6527959238821992,0.3659683105492838,0.47692700424900364,0.42422176039882487,0.38645816946094175,0.0
0.3802017521306017,0.21321464741929474,0.3301349852774974,0.804084599185523,0.516921534848375,0.39989120104409187,0.2697609256793013,0.2683394560039305,0.42595019323466143,0.30179661297199745,0.5263424427928828,0.4171085506927599,0.42624284450996414,0.46638469240067754,0.5864985340802154,0.5865466855048226,0.4734725741579705,0.46354241075270214,0.2761588291446324,0.4759887101677238,1.0
0.3958608191735168,0.3299346057427682,0.3636293424569195,0.3533036310246155,0.2858943331038606,0.8369624879009523,0.23923020478838586,0.20230006986381516,0.19259291552661037,0.5918263372279395,0.5152227140042824,0.42073517963450846,0.5632154616056102,0.33203019447771964,0.2690948588873281,0.6738732197043442,0.43696579109614,0.45886158523374265,0.38929802353770726,0.40290003793048385,0.0
0.3409428957408078,0.4183495673560781,0.2745949061750759,0.7304874418805669,0.43745661674334596,0.32851200695823995,0.3252682958465603,0.4355500093692273,0.3880188953161835,0.37216334890854064,0.38411051583054934,0.640074286688962,0.30408638083224715,0.5682454666683001,0.4948014902546191,0.5603324229503946,0.34962614112907886,0.5610467363574707,0.4879350701916864,0.37230199997242563,1.0
0.26524367144286815,0.374737637312124,0.315934118922931,0.3148099019532137,0.7234746673778492,0.39141309526458584,0.40131284546294516,0.33726566854326195,0.2537408155368774,0.29733915410337686,0.6961361553979307,0.47368899884229426,0.5749319975916272,0.4588076814818341,0.4269356431449607,0.6496537278676416,0.595526323343188,0.43731125454806696,0.5591665611620527,0.4010850222200379,1.0
0.34092520497949624,0.24567678964013864,0.3813602300071321,0.36452170784193133,0.34724854194603677,0.5789061037393569,0.4074270575224033,0.2446681614413985,0.23317695141198974,0.2521703049424795,0.651547679060084,0.42996907668805323,0.44025463487167305,0.36149173220455877,0.5936078587290095,0.5467502541828748,0.5996770024018623,0.15791434371225832,0.4593571536862104,0.5082410958591359,1.0
0.3766020247819651,0.3668456705620866,0.4937772583954644,0.3146051169737943,0.22772721297504472,0.40945719403653663,0.38140996393939863,0.26869774134729346,0.25076901918382993,0.2609970837319442,0.49141758586677575,0.4696356645555858,0.25205531126494085,0.5260544548978492,0.3808084769054047,0.7471651815416037,0.5115238937247062,0.4279606814976119,0.5517421205029353,0.5695686654988643,1.0
0.1538406767555688,0.42844229522842325,0.224972264113875,0.3708983022410487,0.3781411695554782,0.34646921482739296,0.7735700546553372,0.3441418551947583,0.4558548606156605,0.31988803703470486,0.6645229473493035,0.4909740196228467,0.46543965589448094,0.6373279578251009,0.6373687300543283,0.43208939646921757,0.4293830796706543,0.5003287474174005,0.33199165352074456,0.4564613567750391,1.0
0.295668276037837,0.2233638727435487,0.3309693538601356,0.5203448997735429,0.6893226556675232,0.2679309713442675,0.34861944037827475,0.25728913938507725,0.36671046621512754,0.3237188167593439,0.5192655616450431,0.6056558388131694,0.2560052525926127,0.48879894073272456,0.6673443890286885,0.6405059584568973,0.4715144148093249,0.6120946013524027,0.3715910287241409,0.5702971110982624,1.0
0.3180751831484061,0.24093891359820707,0.4511645847210953,0.29650926343241957,0.345989955634057,0.26310154601590885,0.3197154576825871,0.7153323397967631,0.16068189431943747,0.3015956376814741,0.5197267286791912,0.7437674679570512,0.43180565507802715,0.1971496416657309,0.4375647015554709,0.6169555573455041,0.19535969381750973,0.3968541433297424,0.5737167617136888,0.34439162787774746,1.0
0.7516016425550216,0.27494070190505604,0.1979381596967424,0.36300314101863956,0.2833130529216438,0.40028901995192673,0.141127013719935,0.32653686294675827,0.40189592498908855,0.30623446952675004,0.47222102103841407,0.45091376498312413,0.44930783741338615,0.5140124221707784,0.5578857650089182,0.7267639552795782,0.6089639328445979,0.23126385387325818,0.4949794083730062,0.39770359123376897,1.0
0.32679190723402723,0.4650790228584798,0.23445557679549328,0.8166953688261567,0.39356382323123285,0.277183952550567,0.4518918456718626,0.40976154828159495,0.3466219549196803,0.45085991054848673,0.5627400642578735,0.4146243710104139,0.5065841088462095,0.8443494887552885,0.7246898344497954,0.2705720824454957,0.5987443991848047,0.4069763550394694,0.5817677990012817,0.641411330219678,1.0
0.3366275353378633,0.3367407550675898,0.3109031695264815,0.3242511118793275,0.39201603190084067,0.2806070341502058,0.3121418706120127,0.15086272840151835,0.3413101230002651,0.6440872584830887,0.603421359756775,0.6796918072105987,0.37896945422187867,0.565748863838558,0.5831905860118367,0.5106675909487575,0.37384408960465826,0.40716733075975237,0.5262670560381082,0.3603856171195256,1.0
0.14583747050923293,0.30861072751341245,0.44208346061539755,0.33779599132685384,0.37619419138555177,0.7526282273434608,0.2907164015533571,0.2318455940054338,0.20053610695943833,0.3259598992864863,0.3465225897927737,0.3933612974947469,0.7197249204592777,0.4223866175590813,0.6034954882527447,0.35756684191385896,0.43587461727980875,0.47477224930613765,0.6270949239158303,0.3501028892334124,0.0
0.48696491502346984,0.6746621290482411,0.28066921626400476,0.2140506430028848,0.327102203805682,0.34782277852023036,0.20085611002279286,0.36897932441340076,0.27583189778421624,0.31254535015171636,0.43713106406693114,0.3524715110453642,0.6213734564741356,0.38871872677504155,0.5882634940607973,0.4005235056683961,0.529358381887593,0.31643712165669663,0.5303892296271348,0.4918045779970727,0.0
0.19346682047544317,0.2987888481611337,0.12921320521264745,0.33352635380697,0.850847516866795,0.28688044874735147,0.3410011922949295,0.4217434123425274,0.27200235528832495,0.3474288532911564,0.44717219256390295,0.4387529968955793,0.37781900516024863,0.341648432305056,0.6392280065034575,0.5282953682423364,0.14159109802319098,0.4656739375580543,0.3983979732167224,0.5487531558283495,0.0
0.7061309746665041,0.33051300967451935,0.48661685145622013,0.3327599655547103,0.38808400663091647,0.28522585620228014,0.233806220085837,0.24224838869703377,0.22149720874719825,0.34911378404233984,0.5894039810535904,0.46012976822331714,0.3515853236058074,0.4404893808209289,0.5860807045830663,0.5916566764709209,0.4309970376950116,0.4453026129558687,0.5029929386644064,0.5224732653823398,0.0
0.2738272096649755,0.11310976174230555,0.7061431172686621,0.2553140047513846,0.3643986650846409,0.19032964496900043,0.3406934405493288,0.1940276339448863,0.3219715163708449,0.3582153036686534,0.5751309993082339,0.4234698889003105,0.4395090013245501,0.45440150520651723,0.6441128087028918,0.35747178895940057,0.49846195737434357,0.2675336286430471,0.5093832934137533,0.4184037276169802,0.0
0.24171283620768286,0.6803552988083617,0.2255304901975334,0.5485801424105066,0.3596229370235718,0.29834140861860614,0.3397391785918592,0.25215219891996427,0.20635359242987705,0.28395277530755897,0.5281652321079447,0.4468449968396964,0.3582039059630939,0.49931664487220384,0.5494613804993687,0.40618401600085313,0.5467936087737773,0.42672227075562313,0.41760417025135105,0.32681703439166115,1.0
0.19552358543332937,0.3094292882566091,0.8079688914935811,0.358775910648242,0.2599290877826379,0.1482851359610406,0.2686881910613809,0.4137554630641054,0.19429685174106742,0.21065106883601314,0.5761143295489527,0.412775090346168,0.4435801577936266,0.5731024369201033,0.6026755830882957,0.4743442173558584,0.2646365770993115,0.504932271105391,0.48577193291830556,0.5083396739445615,0.0
0.2547034101051626,0.32531416930890544,0.2538968804204108,0.3242503292186889,0.1618108136807854,0.6600937998217882,0.47543503368649553,0.21553751803482607,0.4215896026943101,0.2541737931576333,0.6627722316317829,0.45362750987445094,0.5182862954914855,0.49354048223354086,0.3633710582266075,0.6783945495217123,0.5550697958450834,0.4049118907608022,0.591913530180971,0.43714240192829956,1.0
0.4377278004189761,0.7096714010680316,0.2206768880476967,0.4177426596041662,0.37850961983261594,0.30020650334244076,0.2537618574829542,0.2516743095821092,0.3764135200101772,0.3388101450973186,0.5408784041711272,0.5873267352746936,0.3496676194089531,0.44358568569643125,0.49758775162667646,0.31066240867613776,0.5492398033018684,0.460187426712873,0.5177479654049014,0.5746845940956724,1.0
0.3811520801455504,0.2522457574865753,0.8667567165355581,0.2300274484179689,0.33388302782127405,0.29983283650898185,0.2191591699487945,0.41742301313095875,0.2681788866370892,0.2512951694489779,0.602232372089242,0.4533166400824479,0.5028103334071993,0.4451223384122083,0.40937910966293306,0.568832021249321,0.43828911459729797,0.27241853533022664,0.3891144362303697,0.4493563864589191,0.0
0.3617235950400537,0.13060554401055627,0.3349535810452622,0.3565994457682252,0.796047829850568,0.12204850714781532,0.2601814826363161,0.33936073331835537,0.42908840070504983,0.4767723234408646,0.46165951327908017,0.7231406855934425,0.29750905482533224,0.38615826020553656,0.6079439599385467,0.5993302578513198,0.616384302033145,0.5057381769588396,0.43347672775571416,0.43814493318499703,0.0
0.2745291378844663,0.2672762720989608,0.7822021400792829,0.4666625044290898,0.30592948546925014,0.348702534100351,0.27428663668331893,0.31792810418081663,0.2740544344215956,0.44781296971563,0.6653554077065269,0.6194720788283403,0.6874600869721497,0.37545946416385934,0.4532819260161358,0.4484670986223611,0.6708315015076287,0.6405898980926774,0.3135812840022746,0.39493644076172735,0.0
0.33641708320194974,0.20911558366230484,0.3197482340163196,0.2227496898142235,0.8184917602956017,0.30346244789270266,0.4983629461031883,0.41264020938061785,0.42427788286400137,0.3657225773453738,0.5229266276069235,0.5244505019443992,0.3596046984786879,0.5142207324603989,0.3430149576120498,0.47076012309710774,0.349583425318644,0.6117097020021515,0.5446928551207081,0.4032150436487501,0.0
0.21570416647222818,0.5912905831658699,0.3712088851440104,0.5586460923390664,0.2068763532792896,0.2596719898343146,0.22365719886699914,0.46992573007204486,0.23964676068784568,0.2713015563190422,0.6527797821397732,0.50953124407015,0.6030488573140915,0.5607453489850057,0.32453961939604703,0.6498346706274017,0.41252412552855217,0.3373415392367961,0.5237065029754819,0.5251685942568487,1.0
0.7838730806884433,0.40669905913113,0.39687438366869526,0.27743711381617,0.34443528795894535,0.36794422820600375,0.254903262114376,0.30840066097484503,0.35222945841273556,0.38233689194658615,0.5515886317195815,0.5664595141476289,0.7621747377693998,0.6159101312267867,0.32435141171313625,0.23421187306166158,0.6436185026176608,0.5869013782011561,0.5137132313449573,0.3723111951976206,0.0
0.3906706984199613,0.3465243525459198,0.4566836511949415,0.7006333971590407,0.38996643651476154,0.30849998166534376,0.32217962333384864,0.307317883896091,0.23425854630905346,0.32804535818685726,0.40708512527319407,0.5848050019130819,0.6654722646594512,0.5300243459152688,0.5094956533315088,0.7009871725595023,0.4289772942512913,0.4752496248366795,0.5401537142323551,0.5061004375794229,1.0
0.3202155221485619,0.18179703485979998,0.2966324141852099,0.37366529723655245,0.33321229349599485,0.37713362831908626,0.1599870317801934,0.09006318559873036,0.7446139719037618,0.32136576958574675,0.6365364054622763,0.22746353342161163,0.3513026687395304,0.24411166921105154,0.5008902078310905,0.5196768311473127,0.5316654308225779,0.49942905514990404,0.26589291359623474,0.46685029622210944,0.0
0.47539754982344695,0.39049184303992784,0.2758437851138926,0.4525636126247383,0.3146009664871423,0.3977330901498669,0.6565816893169321,0.27787175242943885,0.42548475731173674,0.32489139821572255,0.5399460100603641,0.5596890750928513,0.31856249524569236,0.4122753990310941,0.5788437675149628,0.7431574068156722,0.18404729683211524,0.25989632304039023,0.6014083615898486,0.42840144973282346,1.0
0.3052290091737557,0.07041292859308815,0.2993767265770542,0.2912967758825696,0.3529794769173043,0.38204831534476447,0.20927406443642393,0.3076616365352032,0.7170926941704046,0.3111297887342156,0.5064594556434324,0.4717703675032775,0.44967339153221314,0.39724332836524723,0.5335551281661527,0.5961803673868158,0.4186051472137756,0.47960241694426065,0.4401221531196743,0.21329026242510274,0.0
0.10548563158200674,0.25948828441550686,0.7117142157623575,0.33052830392442223,0.3029641963993959,0.41835216806399955,0.35346371078237393,0.4270445003842482,0.45117922438552904,0.32227879720820973,0.20934944566208002,0.21455371238987597,0.5697572537780851,0.4379974797746222,0.30377717521913805,0.5484260347281452,0.5576344714621088,0.6537240666445587,0.5807881649956217,0.4165080465775833,0.0
0.38534970961358234,0.29364853770459826,0.6295436870282536,0.3769428236824548,0.3776496626287448,0.37658496561750004,0.2926752638788462,0.5152232722277337,0.3497300645297501,0.36017231146805956,0.7841075148035275,0.43987259287871705,0.32421592397075866,0.38359939796939807,0.486205600759752,0.47137282514244794,0.5315889362173105,0.3774636038611098,0.1770262678795791,0.31582823763227447,0.0
0.5658853099299109,0.12943949297008855,0.248645239899747,0.5354837356358872,0.37746698984666693,0.39354909054786635,0.27913806668938634,0.1551310949265971,0.24484400312047766,0.24402016814943467,0.5038909991653124,0.6261476260221283,0.39774191764308825,0.4089249143858469,0.602788589513935,0.27989038444390435,0.5887735095076537,0.5685257159192774,0.4920852573292767,0.35510710665994505,1.0
0.27846773109954126,0.3887340094334859,0.2504648623719693,0.3135821312453777,0.6559759633630656,0.38026285289188144,0.3006480872055116,0.4106808007352882,0.3422966921186969,0.38709854444350283,0.5773880802697012,0.42469919159540304,0.2726097689472635,0.31993377556838054,0.39601331849659216,0.4950403390180553,0.30525700070606493,0.08672019742721093,0.49375388188041697,0.4698105668366523,0.0
0.33569943505181576,0.2651678842998442,0.29850410706988023,0.38301450471558207,0.3100426454658957,0.20806975846653636,0.31944046757925115,0.5997282875041943,0.2774771742059399,0.2835793664335346,0.44845699045483345,0.763916625904781,0.4733560248776595,0.2911252789453374,0.48949286163554767,0.6185366802443082,0.7146403655414231,0.4434720841441191,0.421232629759728,0.4952679250842846,1.0
0.31507670953163713,0.40109133026061905,0.23461470217466002,0.40241543503975913,0.2903803112591841,0.272141331069871,0.38449110722804775,0.7059194105007398,0.24426824264907365,0.25722607328115704,0.2870666895821602,0.500968393934349,0.4644717737284924,0.34573943313211053,0.5965070071809578,0.10159860041209956,0.5170177529942019,0.3508200126833465,0.35511531105057703,0.4956279512000909,1.0
0.37311725702878873,0.2498222744643545,0.259671245146966,0.3296549484554454,0.3075893606153117,0.6579563089840363,0.4081619713125682,0.31828886944963186,0.3335877517389471,0.4289808500030488,0.6315667204577291,0.43920851338118777,0.39215095184770415,0.2829006955382779,0.5624051286642164,0.5254306577909713,0.4167053777096489,0.713325181940887,0.5865824006603397,0.6390190977255025,0.0
0.26536503427832675,0.34238665320506245,0.4180111954970791,0.23610577586915293,0.3321039793794162,0.2511827025901731,0.2191011911952325,0.2728365810523103,0.20954098586222653,0.8355332737840078,0.3999751545613287,0.334415329996973,0.6374331886441856,0.41908912012650107,0.5375821102104146,0.40914742124246695,0.3996840337830448,0.2255391924642168,0.41124594528325165,0.3835291672075384,1.0
0.6960091524427594,0.22145598547361145,0.37606750776601405,0.28710270800690224,0.1821106439940119,0.2682625419153369,0.20441047636066256,0.34743425938285466,0.1783332618882951,0.27908145805832923,0.5460550793336937,0.501285753103254,0.4878361341329646,0.7196478071701012,0.579923403101977,0.5569915703087965,0.8278786776374626,0.24772920856971656,0.13079223804683648,0.29463771147706086,0.0
0.45969473820514006,0.3174714135859743,0.3587586112932474,0.4192411224159239,0.4356603529748793,0.3105256604921489,0.3164156742591936,0.30991828806510796,0.3645501946554359,0.5829566164248,0.7397234642129499,0.8109412146667877,0.5183544313205593,0.43295063767598546,0.45573802799147917,0.8350673149520866,0.6054721084935043,0.4791647781960482,0.3838747510688112,0.5173814879389195,0.0
0.1917285358398801,0.4490525304640771,0.4576303511047879,0.30204075397966174,0.35331028556309574,0.23630791169862891,0.3873150293442137,0.21052423066701548,0.7617330198826646,0.3661558338858957,0.44927597071356157,0.5269646504451663,0.44739649415147464,0.5450824331556896,0.3492475444467554,0.5448953522396164,0.39614140144661647,0.5422202642345639,0.2800880678184416,0.43724775012053174,0.0
0.4224821332688493,0.6142266134466479,0.2924850948505843,0.233491008117156,0.2657587965490273,0.31386900217459845,0.29189119839168076,0.38338050197068707,0.30821743152076286,0.31322407025832444,0.7125460746722408,0.5000109376645204,0.4779272444124355,0.5263753371557405,0.4908319661798065,0.5920020530906756,0.5505646378794626,0.526079540461046,0.5879387808553663,0.480455929419766,0.0
0.4170659545162076,0.2976915756002272,0.3450083669880092,0.31443880585784356,0.5591925916251927,0.220258319756635,0.4145450850166562,0.39425982908088086,0.16386217691891786,0.41808492755693294,0.58709195420992,0.40710232251691586,0.7364265613445926,0.3066833037524259,0.3623029115159102,0.5478238117840296,0.5253985943922379,0.3853320156657115,0.6073046567388163,0.4194107876306239,0.0
0.3183837888785551,0.15987564484811523,0.28130132162118593,0.2949786929648183,0.31014745424569806,0.8009236599377716,0.30161684744234,0.3655189673604254,0.32415543454769435,0.19391843802249262,0.6325707143370692,0.5278764553501423,0.6030519085452705,0.5437744013940425,0.6847446267812863,0.4553661506205447,0.6050362737475697,0.3687821050710597,0.46893147831327353,0.5408562231656132,0.0
0.4023840296752053,0.3292726943747299,0.32515433628287665,0.71308572151654,0.3025205721504597,0.28229130640476374,0.318742453702251,0.343737924129874,0.32140206231357293,0.3784023362255072,0.5647271160434362,0.5744744125271242,0.27961261363923073,0.22121088289894125,0.2827904367151629,0.33075213336176146,0.5340484248540951,0.7527896216637256,0.32558341909294863,0.40910493173669943,1.0
0.2703745066375844,0.31678562128572574,0.04659217024018775,0.4067706271240954,0.3780174327207571,0.26660750981245246,0.7248056977258852,0.341705426541573,0.38432452431381753,0.4733026352244522,0.5238052322914791,0.6371835516189757,0.5821241001862865,0.4334179875934588,0.4834673083448632,0.7137727525290186,0.5862507989078769,0.34073317865066816,0.24912125918068767,0.20072419711347328,1.0
0.2810706776872959,0.30475174256713317,0.37048844590325813,0.19952761739566144,0.3016943069049867,0.3653426196531948,0.23738041269418209,0.3599093893853576,0.2210860903720033,0.7532933924835374,0.3376508589983299,0.5095096933206857,0.5601392159356862,0.4169550004086821,0.5400663549621709,0.7173862566106275,0.6875594155841597,0.8776598656105219,0.5606177490971818,0.4701374210822315,1.0
0.4717740192094262,0.27017017919141756,0.21674408138684859,0.29398396185551023,0.39652708806093645,0.36065781037972844,0.2721380289568914,0.8953421940119797,0.40366542793035654,0.2823476017240044,0.5999407414192482,0.45973406005790396,0.47482645773525306,0.8562744280594026,0.4840439942988794,0.831547875485678,0.3867494843971923,0.31683015611165316,0.3045640638770002,0.5422672076733936,1.0
0.6237935295595822,0.25820648404128754,0.41979536103822745,0.44984464407832664,0.20946691603289708,0.18409425093885745,0.27584685883639815,0.34977606572782466,0.3000117795892311,0.2951781424629315,0.3939656121831783,0.6059223799242561,0.35385021312965415,0.3308475661092454,0.44604191826534517,0.43752534253172587,0.45426394883135535,0.47894590427501105,0.5741902426869268,0.6525619886656104,1.0
0.3031520846069648,0.27631440669533003,0.3642748168239608,0.8370446033376211,0.36586782336945806,0.3730945987723008,0.24735431335914432,0.29640844255401794,0.3351238786605453,0.22223439885626925,0.6585574314416849,0.4464082433158676,0.4662460255211786,0.4564552822695871,0.3910589102915745,0.32370371528134106,0.47594100959695484,0.6534103537306233,0.48716534698157676,0.44197721994757566,1.0
0.42938317139345905,0.39963442626947004,0.27778996555254354,0.4138548726894158,0.24675648366493982,0.20858122785048022,0.25088282146231805,0.8325982367871517,0.29402040073608454,0.32589216239489555,0.6557052194366424,0.4173549044049445,0.7040835693564379,0.3962065889612495,0.5624962860157162,0.48837212196564067,0.3313383474457831,0.3368111362602439,0.5147739991799387,0.42386082899783856,1.0
0.6991223754570484,0.15994661948306615,0.3362308939033879,0.2651346471766738,0.3365874236124561,0.3451732835764313,0.2633738451227942,0.36524144381139745,0.39545981015254283,0.29310973781202154,0.5058557047011588,0.5006211594762346,0.5522078685999069,0.10800279042116895,0.6513278257398982,0.5593753509588749,0.5172898225475194,0.30643913455607374,0.44172776469630864,0.3456773731646676,0.0
0.1168733474794672,0.3908988639040992,0.36846913064057296,0.3332349853561697,0.3758615345176544,0.6702703763939681,0.11544131073428712,0.4340573140391379,0.26310288304542756,0.39471061280616226,0.5608385812471627,0.4952790407528889,0.5191493559513198,0.40751223220476374,0.662348120766589,0.5683233445222274,0.5610615566335506,0.4505012445177179,0.5576570103524027,0.4465569128369166,0.0
0.3103208181979789,0.8281537692678904,0.3094326771948138,0.4039794859637072,0.35100767959003487,0.22570061282792364,0.4129139193994336,0.33337047821138355,0.3008706426645057,0.2487120550213453,0.6231828015557812,0.35574448687577126,0.3788283718901271,0.293187975534802,0.5078749962086944,0.5356562260206302,0.35167523763182484,0.2879695487068418,0.34443250771926415,0.3784457150976581,1.0
0.6994329374060609,0.33898813881154,0.3523292027357111,0.493448838002789,0.30767285592546484,0.2862410049250193,0.36583871839588045,0.20701139163336435,0.38210338900470914,0.2860079909596302,0.5033094002098277,0.5936904541339613,0.26679381623307663,0.3765821373756112,0.4953372922269511,0.34810164856750825,0.7885241093386144,0.26694329810583883,0.5221224291201414,0.5159538942372024,1.0
0.21694728796542473,0.5752985888610441,0.25489347134315343,0.284255786851697,0.15485141357873972,0.23476830708813204,0.3241301063320278,0.3380948838217375,0.4110100181648346,0.23017463384743675,0.7164649854590345,0.6507265023472463,0.47287014558339024,0.6476103822307322,0.4494557098993582,0.7413010851563091,0.4756236425762688,0.6780869020421219,0.41444558975437956,0.2589684674766384,1.0
0.31623090562870926,0.86935829349159,0.2391332186352713,0.3305051332087312,0.3768130589950501,0.32602608986090764,0.26492891007831015,0.3547719309493495,0.3731879647348645,0.4112884881233702,0.7614792418165164,0.27367012159381104,0.46557944398169426,0.4055024843448177,0.5536123254330759,0.6046192852588128,0.4500514956102804,0.37907423433956844,0.6675833319079396,0.5784292977993017,1.0
0.22235049728581968,0.3939105312754306,0.2759130561190512,0.3206777908686256,0.3021584576143361,0.36475900094986863,0.6941120824586318,0.16465191623034445,0.3970176725134469,0.4584543752034962,0.5248772292757831,0.5290490865352595,0.43542303165268326,0.4561252602083751,0.35122465512924905,0.64630858723987,0.566394227939758,0.6745953356261848,0.5116009376062396,0.6208816845025391,0.0
0.2509811322144377,0.4515310094431355,0.2602293235319181,0.29944420069856137,0.31328440058231927,0.8270361939531294,0.20872040007142492,0.34674455900470647,0.45356306076074204,0.43725889645802535,0.5360959312839711,0.569253971382101,0.41141412953086903,0.5185546737767741,0.3853468636492986,0.46807103668811023,0.524859555712468,0.36537193526501854,0.3817337763692486,0.608153679121993,0.0
0.19263699628811326,0.18976993497424888,0.45893951476368955,0.8945311269113531,0.2890143031018779,0.27345383834149556,0.34931305604794133,0.18580715592411598,0.23215359639490785,0.30225812303767374,0.637676419662208,0.44077550102102003,0.501639251360005,0.34670319166626534,0.4587244443190803,0.40018091878752127,0.46221314070600106,0.4744455215866761,0.45795138495880455,0.4095751141085829,1.0
0.32741544732345823,0.2965419609192639,0.7409362553452514,0.511684589316442,0.3742153276515501,0.28816041544126514,0.32888007238325145,0.37674221472256403,0.3626984917070293,0.36742224858709727,0.6851067332013584,0.5840924526993343,0.528442638706353,0.5084673847971032,0.5045882201581924,0.3275173112907923,0.3110316647435438,0.4876901532269066,0.5033776061036183,0.5695543195056508,0.0
0.3810335088312058,0.29684739609587246,0.2283316208334195,0.1901835438230388,0.3284299200112105,0.3433231025916238,0.3725441967168217,0.2099839805273177,0.7924814662889607,0.3696307175685975,0.714726681010745,0.5286727632846939,0.609173206883478,0.3552014492884636,0.6515800127279818,0.5551358434220784,0.7230706784082466,0.3014043942864753,0.6244391553855305,0.29566969426189194,1.0
0.1489830208108467,0.4380507761181739,0.32764006195075696,0.6686458066785079,0.235362557988594,0.3376881028614911,0.2455631538038661,0.3264145170504234,0.36357915739873914,0.2153866569781125,0.7458678634586471,0.3496629429260292,0.4851651342283408,0.5105619340128469,0.37735632413668974,0.5421084810506894,0.5679237589068575,0.4862290650687564,0.6669790813478601,0.4229528729240712,1.0
0.1501597434854791,0.2782003248860473,0.25007513330624687,0.8487775425187956,0.37584997325445535,0.4003644800042755,0.38334750108705884,0.40435191479933996,0.4802001058804428,0.3389187306291253,0.39334870607473826,0.5297934868295366,0.6646289851057872,0.3321601784618167,0.586905073624708,0.605301902772304,0.37486018043788477,0.33780929813700755,0.3618028699743283,0.2865487612399672,1.0
0.4949283021182205,0.2687493919180049,0.24240781841279885,0.7820402938540614,0.43077824978445456,0.3414253243042442,0.21121136713342348,0.2936774058648365,0.32145072670755237,0.41180183183848496,0.41306698470899594,0.41774890344891225,0.5629283677507296,0.3230565577063027,0.46795291357692553,0.4048785790607258,0.5393989362826616,0.5814679345575293,0.5481861761864237,0.3982034177293316,1.0
0.36650091022170417,0.36156901371037,0.33442962086348565,0.6862393245157272,0.36812729085710394,0.24741668546052,0.501758871099915,0.25099920054917085,0.2625233743724332,0.2448731853106242,0.765438364587055,0.3987607594822665,0.10003596599275266,0.39455717373393007,0.5201611640129853,0.6940492548778274,0.2903295447319233,0.31383624701777346,0.38820300544804687,0.539453112701541,1.0
0.3911180774178179,0.22168664371077929,0.2803259949837077,0.7344287736145666,0.3415263972248449,0.3199268380630039,0.36904947745162536,0.2744713921482517,0.30592086586702383,0.31835417950486034,0.45179031813383663,0.24933106844591418,0.6290489597662225,0.7512764851488295,0.4869754970439483,0.4229050102773743,0.3643918267580227,0.7262727250980181,0.42506685295715785,0.44580686096860805,1.0
0.27016479573064645,0.2582052458367816,0.7588757728256506,0.4656031732175173,0.2838315381311215,0.18427915211094922,0.2746370755000349,0.3601431262399229,0.20474605510052507,0.41414761829058966,0.5387692166251014,0.4688712319292845,0.5640465860348991,0.8320594084100319,0.5689533148473139,0.5178043122558442,0.39725484573624903,0.19044086562363843,0.43672634262683446,0.4444040554928163,0.0
0.472997402247175,0.7370924169736994,0.5118622909170646,0.41015143873410953,0.3111067720688385,0.32443012920419223,0.24945770120747057,0.5000242246691547,0.4329036556769875,0.2548886034153135,0.5566390217257231,0.44296079009720296,0.4082984961443727,0.5410543043408655,0.4597453206159906,0.6472743692021421,0.4625985046327485,0.421658565714565,0.5204237465900391,0.5183931633202538,1.0
0.4041110407296499,0.282603461276093,0.4094802333802156,0.2903352409224081,0.30106246252443963,0.28156529252602236,0.2925269515567167,0.4058037251615849,0.2918469831109795,0.6834548531712674,0.5612966022102425,0.5849738925051726,0.5553008278491661,0.3596721173379396,0.5594805034262653,0.5491455820121324,0.6233762197142696,0.4910422946180716,0.3067719394803927,0.5065814682590885,1.0
0.1482971706626005,0.3802030312661405,0.445240881451805,0.32577413737273875,0.21353255060749676,0.3467468828026323,0.3122998921554033,0.37182759889688777,0.3584111921986785,0.7478801192722504,0.7026527565622447,0.41009513614483856,0.572407350771098,0.5471423331074051,0.5081632044287507,0.35720594759281105,0.48063337090838526,0.4032270518305744,0.4647109064911639,0.5079587860444028,1.0
0.27054899888979944,0.20545892384199727,0.6855399704560687,0.2660494642569917,0.33394545604262665,0.25668005121226145,0.3811394688898678,0.4181200775876346,0.24269137908076432,0.3692164248248762,0.4024398085471037,0.5465289261775828,0.38133905795308976,0.3055515817145158,0.3675674398543045,0.6785777902779572,0.37711534087060655,0.34299745522856406,0.4325934704545557,0.49731902919911997,0.0
0.388658075635777,0.390382076078976,0.36030207571218864,0.7099319615926962,0.16288549887511883,0.25732686668921906,0.32816506266071327,0.2312208293993782,0.24353866073618557,0.3362232107392834,0.3173233002977377,0.7922162749514186,0.3669231172117433,0.37552867230575365,0.7573507466199261,0.3696776141576734,0.6303738319045629,0.3770823883021015,0.38131349735278725,0.39940054703363626,1.0
0.29432228599880417,0.2706176744206799,0.3170820032876547,0.31437713072996365,0.3605607319147589,0.29638900641435034,0.33241953790564166,0.23871552116381015,0.6506905613657356,0.32508995243106176,0.4883656342210237,0.48356001245152447,0.47493382450868327,0.30974910460133454,0.5328603314475492,0.41710296670445113,0.5986702085795403,0.657890641968311,0.5750302333678808,0.3402174097347743,1.0
0.5095335061175104,0.4659978375346767,0.7673736270075417,0.28073074482624577,0.2724521852836803,0.32047369545976034,0.3566276651223898,0.2906290903940837,0.35896552855565356,0.36558350335739903,0.6483320795602838,0.4424464673595848,0.5522899675578468,0.4111080471092037,0.37850847598731324,0.36853339748301917,0.532403204747283,0.5082552183317838,0.3963743935001625,0.6261630725127928,0.0
0.36877296532941034,0.32218164350973116,0.34302365080890407,0.4761293484766428,0.36590722739186504,0.4473721657874473,0.561354431844516,0.7699098920768916,0.40756372390735196,0.2637637435112933,0.45191009530531756,0.7559065491368957,0.5052718930777551,0.43593931267129643,0.7131190470043001,0.38933713606670983,0.311196675064608,0.2846377068942013,0.4840686983006781,0.32436362395920115,1.0
0.39996562310361466,0.3048444164116705,0.8858095552747622,0.40856061893523665,0.31118835927179045,0.3498821319349895,0.31194996860687246,0.40911106339448516,0.39531747000819273,0.2877500976132333,0.29482638398405975,0.5024788073389833,0.3966831067443196,0.39907974849219213,0.6760605939832347,0.36761802969128843,0.3521091281176586,0.6994691997474755,0.3682072779868636,0.46672808850130576,0.0
0.3731809410582648,0.22654237091001245,0.23546760270202377,0.34991718771573105,0.365343427063733,0.3279805932900777,0.26676076699862183,0.2555447013560892,0.239389240196342,0.741989016723543,0.5375379055694856,0.40981699139925054,0.3688744736458997,0.3225518221847973,0.4483829355895264,0.509973395237494,0.4753895060009158,0.4282866841387944,0.40353932736162595,0.30759418736115673,0.0
0.262269798447802,0.19534724174185078,0.37451715389767504,0.307619577867093,0.3650384169203479,0.2082588810361062,0.4307685176936044,0.8540813706694069,0.3643865843291433,0.3655568332095086,0.6018638590095094,0.4068480703923028,0.496879542278335,0.3958621349261172,0.2672788795604318,0.5286783882137354,0.328976572479952,0.5839526734953221,0.4804326142059039,0.43651413506601194,1.0
0.4325713357973611,0.3383506547429877,0.3103928302812437,0.7720331788050188,0.25799918765031016,0.2834171884964737,0.2901701843211466,0.48033537770043544,0.29504296835976546,0.36649046891543613,0.3258353083519513,0.5443048786308385,0.5897464860633452,0.5401995113790615,0.5772398161214694,0.5175176173524051,0.556879374465487,0.2566326575891148,0.5016622827543361,0.42042262185059415,1.0
0.07422709429827318,0.6260568769885876,0.36078717007584904,0.3346648406910813,0.2939991711105829,0.24054690281995625,0.3256193369435623,0.3523456064016361,0.24610102181926724,0.43869561314391203,0.4643456134901856,0.2930239767566104,0.40313429094824405,0.4867481743792701,0.2600800318098794,0.6698715535061646,0.7048769447161676,0.452400876619942,0.2956062648514358,0.34357853997497134,0.0
0.9254797622952687,0.37739269422658867,0.3093367448802554,0.2886982708600038,0.37742907626365074,0.49857163245735453,0.09241053877614988,0.2653918838857459,0.34429597459559425,0.4115231000391045,0.5327892537381561,0.3989787511502959,0.5363989124188081,0.4607888179573727,0.7383207789656228,0.6641730499085874,0.6828433937446925,0.32603135384790727,0.4070807454626905,0.40423697225908395,0.0
0.20533407998921813,0.20233239561020144,0.39014344998534956,0.4574930660797534,0.2395796865345721,0.28694787699249247,0.18385736160767902,0.3519313299082823,0.8465806047798392,0.3420451933783304,0.4571331099559631,0.6531835564330546,0.3249962640962122,0.33543610135223173,0.33039175010301325,0.556373837646108,0.41928844208300087,0.49296016044712554,0.6351203962845504,0.5808476879289943,1.0
0.26660459702862893,0.26523122234641755,0.5096422411553789,0.3397101764313192,0.30234609028938525,0.22522330578248045,0.2729468736977534,0.6955112152991442,0.2374172224379793,0.2976021725779449,0.6220256375252436,0.5428795990844835,0.1636837343115507,0.5645761729365715,0.38960784080985655,0.5217731426602512,0.6423769474526342,0.7470993632761349,0.5391184783343559,0.4254602675501255,1.0
0.3303244644298892,0.2857116048875031,0.3838027283582505,0.4229436632874589,0.2677159231473688,0.6930106146413803,0.07915750885569611,0.2254506469144405,0.2974461852381513,0.3576386079067928,0.508169642988278,0.6347273971080465,0.5378082913873703,0.4777568284795341,0.4948909103519227,0.6232741510929799,0.4893996915425943,0.6265035012025644,0.532360354392134,0.47280388861080136,0.0
0.3052048847321715,0.21653620882696675,0.28788334812591987,0.2943304489082062,0.3163122208261776,0.09646758744372386,0.2801217167202058,0.626006136868136,0.328998843292737,0.3513602639086927,0.7193266019289697,0.5314606371551535,0.47384428273675616,0.5717517668790685,0.4951775683755198,0.02407952985778178,0.42850530172830464,0.4465528300205492,0.43860378252706445,0.622457016058059,1.0
0.33348094141768225,0.14065185015866308,0.3591995160274981,0.7358644660813438,0.2969442832260982,0.25887123781894134,0.3678239917973554,0.3966574429845904,0.10976333374447417,0.20325274447178512,0.5369193022767167,0.49583048971770927,0.34411851206375643,0.4676780792674273,0.19926934867255852,0.28220100947047333,0.3540132350702288,0.4444489806292726,0.41284828255410844,0.4544411509033519,1.0
0.34344135713499907,0.8143170147192194,0.32171279203825554,0.31313202341597474,0.4495488782455518,0.5188139980264521,0.17937868839541538,0.2387017897101024,0.17840444668466537,0.4483602166848377,0.41583704316497716,0.5397805499319054,0.6206123657897926,0.4334781875946053,0.5881291827604413,0.6415407158147166,0.5789887241659817,0.4527006715227742,0.5311979292904758,0.5570710246073514,0.0
0.3937208384087436,0.32960816412565686,0.3301257775050679,0.33574751867389213,0.33669682349549457,0.39247491904563786,0.8613983021053659,0.4647161568932593,0.43725171278936265,0.3870310783800748,0.6300694141438162,0.5176644053744223,0.372388594072504,0.4358713649400396,0.5608624603800606,0.4763493218746576,0.49079598755569515,0.6679815370425848,0.41891807919037394,0.5990007046519737,0.0
0.728500472192235,0.22019309951084987,0.2564807861458223,0.4427702894655115,0.1310463280788354,0.32887546003009105,0.24033869158822074,0.24981184086219194,0.1761121178747859,0.2365917564570148,0.6511892866664473,0.3404277975008698,0.6544066555058287,0.6348798033973313,0.5833426317183312,0.31486376562321605,0.36233049441784343,0.41251418280168295,0.28206684040499136,0.45282875534500827,0.0
0.268572497321438,0.353429059030923,0.3247713038101812,0.44515977927894856,0.4395478204699698,0.43279034576593,0.30547778167455664,0.4726773563098376,0.6865576379083854,0.26640653504084383,0.6260495997314567,0.5578099973516588,0.29754547446781576,0.357970168220711,0.4395275529227324,0.44341486589834905,0.4696865558593239,0.5559885203331013,0.7639648882414596,0.36530810665134583,1.0
0.2627876447524594,0.08703144053939069,0.4538286291358957,0.5872195155393038,0.31755764696602584,0.38153182302301514,0.288364430339697,0.12634580996258493,0.3635539744309548,0.48375342545590805,0.5676658177177181,0.5469502691303212,0.6530792249499224,0.4888325377540386,0.4730174885729597,0.45661092619269156,0.499831506525306,0.3820404900824577,0.6922670104727187,0.49354787796080973,1.0
0.32011957427483084,0.2686785335763966,0.26750257667356064,0.8006562365569112,0.2034737411227754,0.36529194854166663,0.25423861460310865,0.2525126437064087,0.39577397149784976,0.26943045204389904,0.5053323654437475,0.37685247828773916,0.39490866455811346,0.39055395664609044,0.5754291546157192,0.44211992690286606,0.26417053558399933,0.3726403337289594,0.4400945924386499,0.3233309210486499,1.0
0.3606217800868875,0.6728156443577613,0.3362982804417741,0.2425109592936135,0.307967271449467,0.23619032396500028,0.2937356076588022,0.25890389482761494,0.22121775521585396,0.3571725342606453,0.54727916634839,0.6770902633856666,0.5662574871917487,0.37847160191116874,0.1952059413685125,0.632591632196631,0.514284217647524,0.45884184021203717,0.4826902094241204,0.4987623911311149,0.0
0.2912630159934223,0.19561164449247326,0.4172378911662985,0.39498616918204743,0.4255187221219842,0.3512804937628861,0.6474324518300765,0.35838782819983933,0.1656766175401213,0.22883600062338022,0.5953082385095141,0.6508952520226438,0.3468805942390575,0.40676208197697944,0.4772910429354835,0.3166402710944405,0.5688416819158025,0.5286320915965673,0.5208419675327399,0.6476759860984105,0.0
0.2991053046759133,0.1731984140364392,0.2922964678022465,0.43113463609617386,0.24055240473856798,0.28237682842325684,0.44304505368950786,0.7838773504118359,0.3442838409414192,0.3009678288122976,0.5010312013513041,0.440391180887698,0.6216718578707661,0.5576626350352726,0.4412816840136927,0.45695712516489506,0.7542197508179388,0.4795773604838129,0.6322278781560094,0.6799945081998774,1.0
0.3750239366474634,0.2848019824700189,0.34301043655178787,0.2882743764956228,0.7856454181192183,0.2329350247221495,0.40650907724498175,0.28383716011046145,0.3927848124659368,0.3315945274882155,0.5001948986717353,0.48209680362208807,0.5881253657007403,0.4970696110891682,0.4821918334432344,0.2771413888012482,0.39077537337237483,0.4191386982398719,0.3883518853622394,0.6033551889740413,1.0
0.5099924922141132,0.35469248624815664,0.33501008902677193,0.34899682331091764,0.2762802677232663,0.6700282615895328,0.2901042959780545,0.3025358692557453,0.4322275778682655,0.16746398984788272,0.5209959420114779,0.42977268412137215,0.1521238765981474,0.4839511761315677,0.7383147684828314,0.4821592382575466,0.5888262480995109,0.3963739441186975,0.5814830679300003,0.6829785262494488,1.0
0.3046051405415277,0.3774152987286261,0.21253679452477248,0.4712186089790747,0.38710515753730323,0.30956623113146486,0.3155043253355678,0.33048612154592066,0.6433263886385043,0.33816808432031004,0.8030876679944076,0.5889368434631577,0.5015151650124128,0.463903918734859,0.4230935196848041,0.410636735244537,0.4476259716555944,0.37086554787303544,0.4391964299160801,0.5254538749835779,1.0
0.17576403624032305,0.2875418466753279,0.5706185900838519,0.8056202381722433,0.3038604868326599,0.29852576393170827,0.2299149712480157,0.2875709461346878,0.3163428978354954,0.2757136577102861,0.607871190382572,0.6932621240449957,0.8529673419399549,0.5504460728620094,0.48561726779842246,0.7525745283250644,0.5857393910954772,0.445350400382673,0.4857508779176807,0.6971240063991275,1.0
0.22569856222855977,0.1217886982799534,0.24473229786145306,0.30887401614967364,0.8172927341971534,0.28902967588834605,0.40163060031338393,0.27356950276938374,0.4865972184875859,0.18801233887788962,0.48117305775355046,0.6211479462348173,0.48229656402044546,0.6903547779368997,0.5144021256399841,0.5340162994821719,0.45954433605453443,0.44458956137413963,0.4652169434930242,0.5111270294493883,1.0
0.2759869132886864,0.2239930140816585,0.1874364834342438,0.27280454832847867,0.4446191649847766,0.310176914224096,0.3737763969244716,0.30729011627046,0.6586497440316709,0.2581305692844006,0.4964508408689743,0.5452485562105982,0.35589708890458377,0.4807614352132654,0.5076022327646413,0.3629243715661711,0.6007771989483608,0.5814556204160859,0.1848905329865005,0.28738939338724434,0.0
0.3043357856492773,0.2735068367440204,0.37546141154580204,0.4200550121426641,0.4915772556712709,0.3223273349641208,0.5288719550597061,0.47755519096161714,0.33825966644134364,0.31854722922792,0.4661039692716684,0.5719505722211096,0.6001108745413034,0.5201937298484935,0.5251094865748301,0.6957581001564737,0.45889676708792854,0.49748394693912634,0.5183602912308932,0.5100105331848306,0.0
0.3503262243178475,0.3966191397201916,0.4252037506680565,0.25491657925381184,0.1830143382846706,0.2616392149277401,0.7627562020957015,0.19316107070134114,0.1573997070479785,0.2039801070096442,0.5342300567992349,0.48668483978563565,0.36190724405864777,0.36115631649594626,0.4718497121465595,0.5245948612254308,0.6724525894723254,0.394546453507715,0.283341749303302,0.320931349621828,0.0
0.2647102224334094,0.2569367611781841,0.3093680253852634,0.6248773932578777,0.21815530384937373,0.32452200726638303,0.2760571950339454,0.3511180769566415,0.29795373649627527,0.5429626640250271,0.6144767770351564,0.6692213712999888,0.42945606535454295,0.4477306509469211,0.26469091993371724,0.5303028674005189,0.4957478314926878,0.48440086714064623,0.43664449352638696,0.5473643679493542,1.0
0.1753337054464928,0.2857908581192421,0.39240965007498074,0.2966438516990094,0.4029512599356773,0.31998095332893045,0.4361865910671207,0.13809172992970367,0.22410520140070872,0.6790696735205123,0.7211390410487153,0.2028627906136567,0.46888497222475284,0.30796146498484284,0.48939775478803005,0.5802505588710729,0.5267889670634825,0.6169192057454472,0.5421434805639909,0.6600949679324015,0.0
0.35737022133909446,0.3160728518712225,0.21970939627681452,0.36106602408951083,0.4582725279939609,0.2756785361922067,0.29218809548829267,0.7182593554238046,0.48509397477396665,0.2555454919483622,0.27748021376925025,0.6364025867934553,0.22498062617539677,0.6263420623498005,0.34267835840892524,0.4576821918045562,0.5479717957657172,0.32102839511227166,0.5683521830614362,0.5037287268971345,1.0
0.8125366359240931,0.4187498658654675,0.3540489642465457,0.226640873988116,0.3057392311966671,0.3033483759092753,0.26770884765403136,0.2910471322589804,0.3830784882634765,0.23100003599786406,0.6576610861201991,0.6786530884015267,0.46159408041651706,0.2855671293792291,0.3861466856935249,0.5759054429328467,0.4121977410955264,0.5526593874372415,0.23937002434231106,0.6402975804217863,0.0
0.32709703336686385,0.8399619312157371,0.3665492278858177,0.3937351778721677,0.2861853706467129,0.34045586829455005,0.25752456020438647,0.0774493875427208,0.2986201772681745,0.468424655014558,0.5463646790204565,0.5392143661874771,0.34226383611589584,0.3178865064617642,0.474177341843488,0.3518149198892968,0.5272674705916848,0.2711110304006994,0.5761528699913226,0.5742575350806386,1.0
0.2703210253405325,0.21899267445313086,0.30104989473862737,0.6786492763064442,0.2844366538770545,0.16997760316035412,0.33581397469636176,0.4803185994330507,0.2641547044972917,0.4357600579641297,0.7795423608226757,0.31731701854321637,0.37000557283511853,0.2990102700621545,0.5978642519777259,0.3631444304177991,0.5015269397921425,0.5703762977334033,0.2627242192186233,0.4199668857742842,1.0
0.24586355097559145,0.3916527667912152,0.49154604867869,0.5408318797694315,0.3272418209736406,0.32310402641467234,0.30771516493844925,0.3443911095963582,0.8090751450227193,0.2839566734558277,0.4809393997347099,0.43145871507212635,0.4943959000352116,0.21190299544411806,0.6023317219816094,0.4160598896303199,0.5446476996671489,0.3691911931073779,0.28756673996050974,0.3558401909150276,0.0
0.36166726966812707,0.3458107156144593,0.1968830933399385,0.3924984075096011,0.164489820758221,0.7568956199685506,0.2848966543955764,0.26307573725110034,0.39961450739753823,0.2578623912527528,0.5376638638752833,0.6940000103783809,0.4439838161218869,0.5372114670400179,0.2010439284639184,0.6423557880725009,0.46417836708849464,0.33293485902235176,0.3803662850194072,0.6049723829000151,0.0
0.26565916841906356,0.2479881060779843,0.48286679689356066,0.27785740448309626,0.2959979577795859,0.23280914582694515,0.46430958115621207,0.8504800177094748,0.36931362245517624,0.29851836400200604,0.45744968306021727,0.6097079685246991,0.3448416713366842,0.47251959981407143,0.5320347961367318,0.3699940666846434,0.4346861890227537,0.4137012720461009,0.4682753499416138,0.25977760264462546,1.0
0.2222890120640114,0.4515192756792561,0.9274365568125457,0.30220081149076183,0.358121906831888,0.2930054231581595,0.2700170882799891,0.413613205910357,0.4394301548304024,0.4327573034248693,0.3481178316841791,0.5914592346416326,0.4537447124178936,0.26595110556310464,0.5823486969684011,0.41817379761903134,0.22055743756400625,0.5772056805080342,0.41374906617927026,0.49690158641221244,0.0
0.3595454880128451,0.37846309877040124,0.2686168028420127,0.3396309396078879,0.3903458586312233,0.6618541795725312,0.30802901551881534,0.3615391561204264,0.20035910622561248,0.38627820606127894,0.49973377961053994,0.41338194892243824,0.3268604566227795,0.5141766190091804,0.6044490540058897,0.6588495082362807,0.4075035387309844,0.34286607175366685,0.5628454088022959,0.5426245812596455,0.0
0.48392136531610924,0.2928362050023736,0.32817449252686437,0.43938013758989136,0.09718806159711238,0.3504152821634037,0.2738998703826813,0.34513950008866845,0.8065038231248831,0.28346776817382013,0.41386576562511374,0.2912970043574117,0.325394664554958,0.3641329945899585,0.3674043787406499,0.7172732229517764,0.34840680649924105,0.608182251358182,0.3501523280065625,0.33226805982670105,0.0
0.3387985963279438,0.3488346944569978,0.3340063791244858,0.2449543420637096,0.335599626922878,0.2748784322242668,0.3946119234728548,0.33675625952043836,0.6866002070268657,0.16981822133144955,0.5379403607862746,0.5865281552052672,0.21643708319409444,0.48726331245304955,0.6917769584498443,0.624019055884979,0.5168109258076674,0.38165912960018117,0.41712009821036267,0.379917766194551,0.0
0.7448285637409341,0.16622124609222785,0.3420157066739441,0.4238624143630785,0.2937362892969275,0.48437366159855577,0.22720650938468737,0.12618268192576015,0.2983049302606792,0.28753949333299683,0.4929000096148855,0.48021127671986513,0.2892807733001379,0.6872974488489147,0.6478829665063438,0.7318869379234352,0.3706528718054853,0.42058451731790947,0.6547025491052808,0.5308437183771684,1.0
0.3410210278434492,0.5427054016291861,0.41643268684162177,0.18977746074536497,0.34016897796760054,0.2389381685153632,0.1002651971003636,0.381420513758131,0.30781085178027695,0.44750299325853826,0.56003145050063,0.4245036629254949,0.41708411496721876,0.3695182554208536,0.5717359855182171,0.6628858006676177,0.3608364907653836,0.5150028670281975,0.5181260805766466,0.29050690651542754,0.0
0.4993492975258418,0.2540490247686452,0.38300730442892617,0.2342681935454288,0.46265985962427425,0.2560050382998064,0.3209078472466555,0.45107179854519974,0.2578377560545506,0.9147093229348275,0.43159407773337255,0.3775042834560556,0.6727617206880357,0.4263112737900966,0.42509351623985414,0.2724368172307711,0.5679865871474642,0.4352473903844885,0.45083706243531146,0.6468737947598304,0.0
0.2553085977062549,0.6061281576261709,0.3345425972514294,0.33721012692902547,0.25027134299375287,0.22308348005434633,0.30194164440901655,0.35846806925423896,0.28272297573261584,0.40361445444789823,0.6981806622269854,0.4075854821883321,0.46098507798782207,0.44142667840163624,0.5098384922051502,0.36506195175581563,0.4982751877049988,0.42422160588467006,0.6713525999691954,0.5171561646219682,1.0
0.7147429866630839,0.22543837961823043,0.14268751554384582,0.3880927519869758,0.24817832784556404,0.29517712328033635,0.24965774413106573,0.38392596095049186,0.25066668356069177,0.5521083067089527,0.4237557941897184,0.5172564612898952,0.5916734201881055,0.47125953093394995,0.6212381506051681,0.6064538166330112,0.5244435854725645,0.49790353645723356,0.6045353705316064,0.3791172804664989,1.0
0.11650658241973719,0.6688414950832495,0.3282328208405413,0.2984259081791788,0.4128983561468377,0.3661957483744788,0.28836260059695684,0.3811272607762878,0.340546770969277,0.280688812468981,0.49703352759748143,0.6953844390702608,0.35034097711759166,0.6168583335808481,0.40580388362066666,0.4558877415556334,0.5581606946858646,0.5028773338746019,0.38874488211264624,0.32788374228024236,0.0
0.2585427322138998,0.31999848954329263,0.2472458035868472,0.4153877869856482,0.7087669700663211,0.2366724716852401,0.34133441152621,0.2764651925586993,0.19497185892641095,0.2889546481419184,0.503037638134947,0.5559566828960216,0.4090379141293532,0.3584402522324989,0.4009783666656019,0.34669977259035345,0.4120371651572727,0.6504890465279085,0.530762119502568,0.3635770761886499,1.0
0.2884083799783007,0.28968570071147093,0.43409466013916426,0.35541522518343815,0.4283149291502214,0.658876669742895,0.38947962143719317,0.3644843549970249,0.28969807205424275,0.40968759106187325,0.422365531926327,0.4804641340448158,0.4531804881129907,0.42417397833565834,0.5496281581818383,0.2869389016966321,0.48178080554649644,0.5624900997554243,0.4467132478252663,0.3913785604847687,0.0
0.40305234337518736,0.2424672954583009,0.24339032294759172,0.6304003477067563,0.32342693592235144,0.37315359360710487,0.30763123506374923,0.2164192958207729,0.42581094851199075,0.36447910657717714,0.6700242400838625,0.35855866184863444,0.45649510917824004,0.4295327810686581,0.46238298782731824,0.52765506721245,0.6785832830195468,0.47026384756827727,0.34136791612629735,0.45995820911893215,1.0
0.3909854138550264,0.3511996572208128,0.3663002367882017,0.792547846615665,0.38142863075263284,0.27833336591510943,0.2640005231459146,0.24647505015783192,0.2065540264478866,0.3383743124325654,0.32055804207941985,0.4330742110296883,0.6031286533162354,0.5503432999857785,0.3921654052802337,0.3502696566207065,0.33701759165064227,0.6045460536341375,0.42930668029489555,0.5596333270510776,1.0
0.11872974338345227,0.48728691037049643,0.36872033244061403,0.32752523713075293,0.39218743081776536,0.33141388538574124,0.3050082249701052,0.7870461954353741,0.274631415328605,0.3309274965299999,0.4648528488502577,0.33974549761386874,0.6969937299888799,0.6646976904904167,0.6595045042908149,0.1847357635076768,0.543333255491827,0.37038658670821345,0.5903319075920289,0.6446860351404661,1.0
0.28944055820727566,0.485927688436441,0.7064425829240228,0.3600384652993694,0.27496395333866575,0.3548216980917444,0.48050246420900267,0.40543551460616334,0.27692192782476377,0.39052265093637084,0.2470562804379739,0.4306650156872399,0.5378745457598618,0.6371795985526671,0.49077232579961566,0.23862428070780295,0.5204567132222059,0.8077026606088973,0.5994209640748572,0.3106252127395215,0.0
0.43240730276662587,0.28775517429052005,0.8250948792672872,0.2913094225921816,0.4318651464503994,0.37428115170693393,0.35157043741841654,0.3934602734327039,0.2898951758571906,0.3364367850707928,0.41830007571601663,0.38067585275809124,0.485121106398445,0.4898017350374778,0.39275337847054453,0.5285789624589705,0.3591377184923058,0.6006981694172665,0.3520879019927021,0.4300720506820372,0.0
0.3037247462387637,0.758729638415695,0.39616215452813314,0.28891700633812695,0.27023433800410407,0.23858121450414022,0.18694455885053274,0.4112893407915781,0.1828440226995423,0.35986799217956145,0.38758946656772186,0.2692726024064248,0.5036771081743986,0.7043440511950907,0.42349902482582813,0.5286829827031252,0.6775195085811084,0.5409232662603136,0.3266651758496699,0.39398358271512923,0.0
0.46906784279455294,0.40039573611946977,0.2001315828351704,0.3438984446696467,0.24778791821591317,0.2864518950988471,0.3273409335497613,0.793018202544943,0.2812302296350159,0.24032713654111174,0.4448043029310592,0.5204670029692439,0.3416240800593682,0.7823989909790027,0.6482223252268363,0.6737865909647655,0.3774910532968956,0.5010161464673761,0.30518143891836347,0.5513606372371946,1.0
0.20785694176522834,0.21312762888864514,0.2906403535104209,0.23407217713112943,0.305101648718269,0.201607876081525,0.6586551591741292,0.2381334870936936,0.4107985054789984,0.312613935958464,0.7316615310032151,0.523568051058571,0.4214217870073196,0.21932212195628312,0.614482571734352,0.13074687567350202,0.4855689913982342,0.47137660514229385,0.5169494740807835,0.543025674168635,1.0
0.4786208426995143,0.8341760085674044,0.29609026167835156,0.4302964664448319,0.32584958361438116,0.36179400917690135,0.1974597712011259,0.5028249519966245,0.38490062848979173,0.5184082876205481,0.7435528709939196,0.48738974949910585,0.2969760398527655,0.5102341479440778,0.40816550751223146,0.6392523659623763,0.5790437246199658,0.492564834704078,0.4599406816790605,0.2833014443448839,1.0
0.2986378902530325,0.25020424906948224,0.2902423510586032,0.4735478910219151,0.6834807933741351,0.13763419073767566,0.30190724216371423,0.26077363410164295,0.28359425542792827,0.20290980245505041,0.4701227179559766,0.39924683641674386,0.5845415602725703,0.30718138416968693,0.7466390330329102,0.66842828079923,0.15587593575070463,0.48859095479776615,0.4449715585160235,0.5426907375900988,1.0
0.3374473453808855,0.2918914136902323,0.3051123700547538,0.3251566539797232,0.3800101427586643,0.35949382490818016,0.2872903743532041,0.3377244150268587,0.27557309618454273,0.7495054210404404,0.5832571670273946,0.48052797310516904,0.42500405359430765,0.3637189837131361,0.5955300722507775,0.49505142046108913,0.46975342358935845,0.3461070100245203,0.34757582929655767,0.5159686613733085,1.0
0.695967866139848,0.04669866164184258,0.25947859114273714,0.386835998266003,0.3502235650261481,0.27485740100180367,0.32421022238261693,0.2422541387386698,0.24093780829025663,0.19488258790024146,0.5833100980498631,0.6966877877013122,0.40102846874369547,0.5719010112495037,0.7102106070061176,0.6200435778402644,0.6061191582557152,0.26571666856742193,0.4890281021697159,0.5324203030687916,1.0
0.17051320097964529,0.39986929663996656,0.309753152629906,0.37119576297332224,0.36040527234543407,0.68096065810032,0.13760363857568636,0.2720924359282463,0.3415722593405045,0.2532095279078488,0.6946266838228408,0.5983560881363146,0.4471270628828188,0.481886876670268,0.38532923297116767,0.5176924896417455,0.40665466664888106,0.42771445928376683,0.5337399464904048,0.6047542084854571,0.0
0.2565238243470787,0.2767728261962375,0.4052371018130355,0.3066241157330722,0.2476760844567628,0.18410599922573156,0.7456771262949792,0.3442911853440645,0.46337341622144146,0.39862281058347504,0.47734076834508504,0.41932096141478464,0.5908965763038403,0.6678152331180012,0.5295029802244878,0.5796901628769764,0.6426737081908456,0.6269056151316728,0.4144814722891153,0.4952980206997343,0.0
0.31607934094347234,0.23279621250953014,0.2783907200075266,0.33609777516002914,0.3141638727467893,0.31367965636968553,0.23214894491093976,0.6804697675527797,0.378750236239442,0.39920388556351094,0.4633774967092528,0.6028035057545693,0.4927140545898283,0.347132221738018,0.5845516414190048,0.5669562284428651,0.4620836988073235,0.4991029832551892,0.5084540902871344,0.31888394991946795,1.0
0.16460765817787834,0.32860646737459465,0.30400564378862727,0.3186799579553255,0.4391811348045125,0.7686380199477247,0.37547918776570643,0.3352634804548501,0.4416073799507365,0.40287127588870364,0.6138898462705238,0.4609166560111085,0.5287771965048497,0.17716484545370798,0.5280448777244152,0.716265554714083,0.49282415932537543,0.8500643442915454,0.36995031734604256,0.33989803921456874,0.0
0.07314474715408462,0.6526828669988878,0.3605444663126404,0.39857208152356194,0.10788426568361131,0.37932549802722765,0.2094888242027699,0.2589759943380471,0.32243294960298574,0.2663765565339836,0.5379163994167447,0.4448353909575402,0.5449969928747503,0.20725761229527997,0.6290074920325732,0.7098213450886035,0.6608171631140398,0.4665725400345823,0.6897657713054657,0.3447011821482244,0.0
0.2851967488604862,0.26283621037770294,0.29157236902500644,0.2615065690346513,0.35914305926515794,0.38837552973721007,0.40707147051224785,0.31456928120568584,0.4062712648770339,0.9041947004293802,0.774453826254541,0.27543797737369397,0.5756721495606407,0.645239613196071,0.38877660294406435,0.43125924673856114,0.5800878690454442,0.4130200212673311,0.5397701837266923,0.5043590440225246,0.0
0.2374916349572653,0.19639747304014715,0.38810258969924116,0.3642548876077716,0.8103124531347105,0.28877612268776226,0.22714995241773261,0.3926373064377413,0.4037469875194434,0.2566230940049124,0.5668017982369745,0.5089225927609357,0.41634137183475006,0.7445860589955233,0.5620399769796096,0.361300502608003,0.5547542478378868,0.5945885044631747,0.5423786206081272,0.44446399303756684,1.0
0.43861024265029475,0.6281962647224881,0.35117628233537124,0.38774282563356777,0.17183274650348612,0.2357081635003567,0.13528290691617914,0.35255736571385604,0.2613419116198151,0.31318852991112456,0.6824399128378059,0.47921785644052156,0.41724726935142475,0.29134925771888476,0.35644318473085623,0.44900020081037223,0.5561897349892913,0.6039744674882935,0.3454497277869341,0.39523269210390166,1.0
0.5029105548040905,0.25165907393785314,0.4650192209050814,0.4438923556248772,0.23612199615017648,0.33691055232683287,0.42002456400428106,0.7961970688009004,0.33826644073376233,0.2879727353748014,0.5257139633265792,0.5238064643287043,0.5280286530628936,0.4220521653034292,0.4162498478283285,0.5593350746029963,0.3809696442401188,0.5881127760127078,0.32604752809799686,0.5009807841284898,1.0
0.20995551932001422,0.28103260096823807,0.31605990696431396,0.753976829149882,0.25535155549629324,0.14741911739420963,0.22985607298148292,0.22891138455645788,0.369060565588325,0.37998672095878855,0.5518173883334466,0.43128229243706784,0.3712096791419705,0.3035305966469172,0.37631790550624444,0.5267174619665819,0.27603510759724353,0.34032382792274,0.5077923918464313,0.2850965870065385,1.0
0.12835584605746833,0.2476563541458756,0.2873412792541502,0.31652622175990375,0.34924153795903556,0.6277092507732913,0.43139454176406544,0.43589026410400006,0.22814983107536024,0.3577822355443441,0.5155046005085557,0.6335455792729481,0.6559882819908692,0.5006349936993232,0.42899962989137963,0.6302786086477247,0.4488816969082564,0.6846604986368777,0.6695643330653255,0.3242989729523796,0.0
0.2301113420900328,0.3628361805647613,0.396174840789674,0.37293626811622854,0.27460544001987436,0.3094371593848655,0.7023540176747041,0.36230749208377905,0.29674365812659753,0.4376849721989817,0.47678489785169204,0.6667893006071445,0.5038015927183268,0.3620305977531287,0.4073340936852181,0.5470287447632093,0.3849821760438765,0.5109491158175714,0.25878150192643234,0.4282080114907637,0.0
0.5290985979984155,0.2950256539789171,0.47337571034516146,0.40730870052962087,0.3612762912194237,0.30946106567146114,0.23266768731012577,0.6344883979437614,0.15122272813717694,0.23601261346742103,0.470420636946806,0.5658870953854596,0.3261101544419297,0.2328278782835466,0.43579194654012265,0.6812546594307011,0.5589930981673302,0.3912201327879032,0.37076538863844155,0.5757539412680148,1.0
0.7187256548830192,0.4084319161768487,0.2794985544473593,0.4641454702560989,0.2893677944449155,0.30743012938478065,0.39473234573674737,0.46667724958000406,0.4299270630704618,0.38299083012837914,0.5436318611165646,0.28693925753732424,0.41134585731788953,0.3566861418451956,0.4202456455977122,0.5454566084240116,0.6178505626067142,0.41734153606548463,0.5699802182587653,0.44215158742787786,1.0
0.3493026940971548,0.31227510805556213,0.22929986138533384,0.37324873094485517,0.2107384500081938,0.2767919874016604,0.7434698797398036,0.40465562978577013,0.2713087984429643,0.46144400799097934,0.37269257475611595,0.45895058779232173,0.44595641091357674,0.4649846896154153,0.698223159933493,0.42149957637385854,0.2810982293372751,0.49882671350469143,0.36794996655729223,0.44888242141080226,1.0
0.39812724114782216,0.25395606903389345,0.29722291442942433,0.7150728085102589,0.43463986849868225,0.2213492535033852,0.38123574898372403,0.32421967243451044,0.3188842412322791,0.20944561966989644,0.3549576502234191,0.5822582583114617,0.40857716159542273,0.388770294216192,0.46780507867544496,0.7314324517580066,0.5552903859853915,0.44293327666241405,0.3400170876026468,0.44127055394825326,1.0
0.33929235294368076,0.776733976624675,0.35413945427693283,0.1772785965329353,0.39922183891496826,0.2601770827367176,0.3581004575345058,0.41349408515496733,0.3474491833745324,0.18570895674553214,0.5107237349345047,0.7915681982309144,0.4185702453024532,0.5633446386853371,0.45984991636939726,0.5718012801404445,0.5717744344741008,0.5890658304932747,0.6153852675660136,0.48386749962030196,0.0
0.2814587400515289,0.36153062449956286,0.2891327209300121,0.3852132818170397,0.36538783235044603,0.3184129452671751,0.38016106657640136,0.42146627069700465,0.6019823393725807,0.26428952194019795,0.4669227870202814,0.7049524626792028,0.43256949748810897,0.21561463863296484,0.5464570394470606,0.3848023715984322,0.34497488975870916,0.289211182503045,0.45699055265148314,0.5338227055404582,1.0
0.4957882926345329,0.25704325575439524,0.4591261287238373,0.21342126073159323,0.3056821432395538,0.3215842292876719,0.2293315152299838,0.7333433601243042,0.36418022880745926,0.5282423008463442,0.41983200170007046,0.3307128996870783,0.40919034904196216,0.35512700541270514,0.28329708165691614,0.4864510849408763,0.24451464490409397,0.4668062820223488,0.5238572082341453,0.3475140369512777,1.0
0.29085033502158264,0.2748127481443978,0.7778394443005039,0.35332070099261337,0.39018211630118876,0.38209680522656586,0.270485691881857,0.18322673650197524,0.3463536399666909,0.4293125238963726,0.557948424943136,0.49066794216604326,0.4751374279792111,0.4590284654048852,0.48577596470351103,0.5585263303555927,0.2563995899247249,0.5745508961357,0.3530248106378165,0.24587241065569035,0.0
0.7272382645822705,0.21111899129959277,0.22415287665796613,0.29696917373126425,0.16241753620402422,0.20757604831749615,0.16879092372307733,0.28161319264954016,0.37185841235423406,0.3304435133632884,0.5650007420723299,0.37300637563949357,0.5287969124549947,0.6392363043654881,0.5431872082545353,0.4226196683388431,0.6698953960674792,0.44373351546944917,0.44370407250293636,0.3116250556209659,1.0
0.3037124688853544,0.3374471702070218,0.7751758193808105,0.2886503837965104,0.2910808498074465,0.32599415458560066,0.2849366269582405,0.3566198129578831,0.3780467698002214,0.2508415779004327,0.6502494388166117,0.5566432075901684,0.47157706322251336,0.5779190271124888,0.42065172775702864,0.7647111524397235,0.6042152935802538,0.6158973514518096,0.5400795090308097,0.43800561793809784,0.0
0.45776942434819984,0.2623827202433509,0.27186107247446606,0.3276528496997884,0.30103517120059664,0.32619222844296764,0.3164422895146562,0.5974151429559773,0.30087533754553053,0.3794765677217361,0.5882201279167245,0.6495427202736861,0.521856213672785,0.47717066450033313,0.5662254143770568,0.536434790203019,0.6623824115605469,0.6497823663957512,0.5126210177459373,0.39502831617041284,0.0
0.41214120077793953,0.28519935657931783,0.39523502712346653,0.6450353292924321,0.3570508031882001,0.3692389755097226,0.30555237740972585,0.27946168382312686,0.2947509325574544,0.3575133196946436,0.5934006230590154,0.6371339978182387,0.5607632140751211,0.4741524250559798,0.43533230017190744,0.46350760734473617,0.6520507753504973,0.5911536815643034,0.31255077378356966,0.4049957864322908,1.0
0.23770904670408433,0.2962188413666423,0.2796411770398804,0.20700614235104278,0.30312744497633204,0.29876488516330985,0.6915782466794871,0.2701438453116383,0.36071897719931584,0.32657611691508254,0.4026730079619544,0.6193365448411592,0.46865047164332296,0.2851874729377399,0.5325265040163845,0.5898770202237051,0.70055273020237,0.6918617662118725,0.5737064742087818,0.4097938692832875,1.0
0.352175616469188,0.193769228962822,0.3003057508081675,0.4763273234198017,0.38894461058953167,0.2671751000296727,0.4426398025767348,0.2850533566410894,0.3055924529417885,0.6883762854280372,0.577990932237133,0.45066765197048203,0.41242260542277603,0.34838862668073145,0.41613553857725444,0.589847921159441,0.7706574522764598,0.45925323581873106,0.2613629022984093,0.5026711015336183,0.0
0.38156834750014973,0.7109802450944199,0.5156817548445093,0.3008223676056408,0.3729823711547803,0.4456771152777885,0.25153838573876697,0.13414597842013704,0.38612545598714154,0.47466289759582053,0.42828461126105133,0.6196312118208007,0.43074940925258653,0.49004164267071654,0.740472283155182,0.6756548108778856,0.45329750147556963,0.5422820841435815,0.44738627870223097,0.36459328082521403,0.0
0.31746267786778437,0.24553576552095335,0.2640376389912815,0.2679767358435727,0.293423080476639,0.4342403752578857,0.29343535292654604,0.8383645336802881,0.28583608515612646,0.39114659903752924,0.4753075017500628,0.6169494509777331,0.6869245502170059,0.48434656945482646,0.5385781385235678,0.43587137423857775,0.64978135971477,0.5028572849129509,0.674253191318739,0.5349038914368569,1.0
0.3794556986897161,0.19540375005032784,0.8335125106855789,0.39893527644749766,0.2505515444337084,0.17516536424285511,0.2714469514856562,0.4881907880499057,0.316255817266881,0.43295037478253384,0.5261773237062441,0.2740507935226349,0.466715789332512,0.4910075992002897,0.45898053937510513,0.8166395968766691,0.3660690715306376,0.5978440008352359,0.3757362176912278,0.39669762447296947,0.0
0.34185052157023504,0.2893793168230178,0.4673465412310344,0.2817242118652659,0.3006328749699232,0.3561964218322669,0.7146226773589783,0.27445052186206964,0.35402794066508736,0.2718063370468208,0.8089995380275485,0.4806372137889971,0.5721735667310385,0.5061107028590641,0.44445901948139216,0.44884328977961346,0.4935028464360811,0.3896083947040024,0.32163945344667977,0.4894652914734712,0.0
0.4599402576041538,0.3030766723246525,0.31238886765001145,0.469609786771769,0.3297385579930788,0.3613507311290669,0.6928533250414228,0.3983882088868614,0.25312856872039075,0.371456172840809,0.7081067837193353,0.420544868494755,0.5213469477621335,0.5446704433292409,0.26787929170884284,0.541837179176325,0.5581179214042293,0.511368220318244,0.38366817525087604,0.23460723623939342,0.0
0.3527767642480489,0.22848137621942788,0.2889328476713444,0.6764260688879158,0.22420812259754982,0.1912604256283733,0.25184310766748874,0.27132924280344745,0.3299325330877764,0.41825539082724983,0.32253740647365414,0.4096181308320054,0.6118227233706635,0.39146026850182275,0.6719898370634824,0.49180086365102027,0.44845802072184127,0.24345423764611793,0.41917819203477164,0.4358452590338789,1.0
0.5241705435916941,0.26152817620453755,0.4135053939737729,0.38849106975736203,0.24136261735564302,0.2974964665100243,0.29180179466023104,0.31707356207178833,0.6976522749625125,0.3348839193691311,0.44676037063928786,0.34066670264730253,0.7010218990871923,0.4124720982296785,0.3760858448708181,0.6362533361097963,0.3928459698888415,0.7470637471384876,0.3122521975079523,0.601951540756901,0.0
0.46881163560081396,0.4048302793020169,0.25541871761074125,0.6075467260172739,0.5607206528849273,0.3884961905522872,0.3611687435619529,0.3612205333041284,0.30091542566998497,0.5131378750281973,0.17357076759835915,0.48936872242781027,0.2840413449317709,0.5408996162933609,0.5026873478714603,0.9246351311508718,0.4455946712105934,0.46859444576651443,0.3126051747868604,0.383465617873336,1.0
0.23671280193235555,0.24620496562923566,0.32560309519661906,0.3355801070045217,0.23948213582009503,0.6101411153779568,0.26223984351320667,0.253264735733827,0.304662711738676,0.3302428465275307,0.6434343588460207,0.3234432351361112,0.5722633043327042,0.39667403554201286,0.6206409458695311,0.37306390305806214,0.39059809588190175,0.577539637226247,0.4063920089970636,0.34065383689542683,0.0
0.29302301129328845,0.17740073573859388,0.39562278743542667,0.6900676040586977,0.2740425366540401,0.2941776575272208,0.27913667450520396,0.27662900965750487,0.33284285460012736,0.267910064850588,0.4821186073046545,0.5333570098465819,0.4070824455980548,0.3388551923529737,0.19372499596465093,0.4782967378913928,0.4043757963920742,0.46462109274762714,0.33611425133845724,0.47158714212207153,1.0
0.38923919850374905,0.33052520415797026,0.37197793711665433,0.8826636342623256,0.20021899454254616,0.25954995432986894,0.46299744772162776,0.3760258575327057,0.34581560413352186,0.17979809042251937,0.7634149868604788,0.3919341266731316,0.5569254137477723,0.6796996023745963,0.2577293161694981,0.40389214970623205,0.6078591345900486,0.2057785978999191,0.5606923964021577,0.577841092197873,1.0
0.25951533559312706,0.3085392273639772,0.7359914780732477,0.3920274579641351,0.3701295384304518,0.33149406809101883,0.35971198861918213,0.03749035061868994,0.30201861216711695,0.28824940982648894,0.5769671490852694,0.5075905597462832,0.5362629072138283,0.3289174244793981,0.37992298491281673,0.5818671474835421,0.39424695044028907,0.4589367000200058,0.48894039842304077,0.5433291650970163,0.0
0.2540591050621001,0.13046227993867596,0.2981028877978842,0.2772312188078789,0.42685681214021787,0.35431111983177754,0.80348566441902,0.20496437905905324,0.32893983206147526,0.33782998881851567,0.27835719280860344,0.3998900926907104,0.5389960249621413,0.3556536098691442,0.28766259783037507,0.47034719875456343,0.6538778082014216,0.494661465845424,0.6102400369933505,0.7379216343682733,1.0
0.3321539335661845,0.22185545209229532,0.1780966769249719,0.2992281128946058,0.353565619122762,0.2656794667085814,0.3460273644692654,0.22406577174670533,0.690153479063871,0.4162763049326213,0.6620726396151115,0.37051563860050096,0.24182200763560235,0.5748164811719348,0.6183416111727017,0.40546959549892103,0.44864324273138495,0.480296317556628,0.4506453688154701,0.4086840540040436,1.0
0.19935221922224827,0.49033131764276716,0.4152063250241882,0.39845883002186394,0.6153183825831563,0.3490801179489096,0.2898052110563371,0.36858300334618166,0.34457751939104375,0.26394695542748353,0.3340373926574443,0.4197452412182898,0.4366385847827108,0.3129663048308242,0.5738902616844089,0.603211425159963,0.41684225922794343,0.5121965585623958,0.19928060489427002,0.5134300326077836,1.0
0.2726155170318309,0.21859032726869165,0.3336889316864593,0.7248126172104731,0.40236764806878145,0.2737760351436739,0.3022179866106644,0.3798324533317655,0.34792535124625174,0.2624226701144525,0.5240168679997617,0.49090394619985556,0.6559213581055795,0.25075491739172323,0.4740959276725626,0.4553563723461528,0.5324883376617758,0.3291594405730487,0.3016607136038034,0.5931917460416403,1.0
0.3956300051928684,0.3455134498587919,0.3161263579187613,0.38265486337898835,0.34493261473994263,0.4290835584639473,0.2758747547733649,0.3509271077685125,0.7919890088298509,0.38113147297040284,0.5879578974135553,0.3346790121715086,0.47038480486776746,0.4222819046499568,0.2029314575624121,0.4846426617935443,0.5083975984550091,0.35768538852785187,0.28550373367805826,0.5509140466473595,0.0
0.35305964699826303,0.06355025113440677,0.35112626955024656,0.3994736733710086,0.2810009654548957,0.4114247473589721,0.6555569442698879,0.35253000864444156,0.4616247587710409,0.3906241551400488,0.5939152152619611,0.5518103589574175,0.2830747208556873,0.6295447360494426,0.6277773984008373,0.5879255582401748,0.5000936015485173,0.3808447761816851,0.5372856391253168,0.324839963601356,0.0
0.3559151005752907,0.40519965838587024,0.44880642034612206,0.3540519889117638,0.3853663908468473,0.3363068762186169,0.7240056315881909,0.4698360975265097,0.29759854253926415,0.27205712891623596,0.6303470157944152,0.508390217429113,0.5339838366406962,0.5730914349760825,0.26806732696569224,0.5515333010591769,0.3634425041872802,0.3918985707798679,0.3981746183193556,0.25797910472339636,0.0
0.1508633807812378,0.514857444152748,0.3059103987572943,0.3371923050162372,0.3151732978875474,0.2881252180169466,0.2735588580133624,0.22783228412727333,0.28883007385954984,0.3837553092969192,0.4690484954846274,0.5735647961428316,0.44258425862668443,0.2823536805650302,0.33618167932115856,0.3632635198656906,0.3112275778005338,0.3113560795108019,0.3109677265707198,0.5195015994792589,0.0
0.2572442841135935,0.7451540492070196,0.2824673050162103,0.3204899881796902,0.31175726447376195,0.39709110574368744,0.3160646799468279,0.18959179051648173,0.32652554325369565,0.3132363826953501,0.5600749908920644,0.3862673019255415,0.5682211967764984,0.5162589330290142,0.18299411382829994,0.4702208800621919,0.461592574543336,0.46641798197989964,0.49646491432693074,0.5695248833380732,0.0
0.2681895355617827,0.27653215912269297,0.2445965684678376,0.3234993704025587,0.33048522551272075,0.2229543203777441,0.29950073185912085,0.7620393012902866,0.3778293511894226,0.3005990520854318,0.45601220447958113,0.3302766045237394,0.5661991148827858,0.37371636789530405,0.6805164138690245,0.6203330678858072,0.2452945762430251,0.5377525671422295,0.49603943392517735,0.4476123527504208,1.0
0.3591775257339359,0.27824598011690604,0.3360926548087654,0.3165696665003007,0.4365196834983805,0.215781468238732,0.7680830124589673,0.3086089653138745,0.4657560131769366,0.4287382600156119,0.3598717252626843,0.6456385211533413,0.5591527420852757,0.28742078027073814,0.5240179816472179,0.4750303210623826,0.3561962040468757,0.400265511923523,0.4813237036215047,0.5163502043426239,0.0
0.37675482347877903,0.17576545765381518,0.396782525293232,0.3290815965040065,0.25954684061762495,0.6553853782134829,0.2612586959900222,0.28071651428963074,0.4509107671759438,0.4261442787697164,0.7896910938500108,0.40971997038221736,0.3828448634127487,0.6575320625789358,0.46751742451206535,0.5333699175865807,0.40923643893231376,0.4674849069720382,0.5186448881327604,0.45884374552561824,0.0
0.17489833594926826,0.14633331615052309,0.2802925153464132,0.409291008626105,0.24247229119522867,0.6854167046541275,0.30648691870786104,0.26593800193526707,0.2720992824567867,0.26237239947379515,0.5285814985768537,0.6007583052486282,0.5185351147248514,0.3196639134505058,0.5051125367561952,0.7153247690629493,0.6324554154900377,0.5421748823153227,0.18437059684483736,0.674464357688561,0.0
0.294223899755596,0.2653779822034128,0.3406516408397764,0.43425352749720075,0.26916996173368163,0.2039285035897742,0.3621307500445736,0.3145943131097219,0.7775629414608443,0.40364132349186876,0.729528311543528,0.5692517758294057,0.36670133924104,0.530651995224679,0.4982972010323614,0.402447178747972,0.3972388660757976,0.45952258287215325,0.4649652189836275,0.44421006422695564,1.0
0.3772733215471662,0.2632973066095476,0.4006084749268945,0.29095804334920133,0.39535091812559686,0.6330073615825219,0.23439035440848446,0.2615866387661357,0.3966891026277703,0.2566503696218816,0.5885860869611647,0.4602246268370813,0.3697148764408075,0.47277648729908417,0.5751729287359323,0.6421494933445371,0.3742919065837284,0.5763854768034342,0.4092830024469138,0.35787254571862326,0.0
0.25584924355581995,0.30291880023305456,0.2988992100444643,0.3155609093664011,0.3799823423203374,0.34582782359000397,0.2839230490689505,0.8087970439098291,0.21954705729248672,0.26133179735148326,0.7964194085416602,0.6525358882608674,0.5773834572167313,0.532281935288773,0.5003726582500055,0.5108250961849635,0.503561149890904,0.4340001605919809,0.3198001219377574,0.3869436332749455,1.0
0.30998230238915,0.06287378895684179,0.32698173120097557,0.3175317393294533,0.3696750277126687,0.3813842316049266,0.34390719274303816,0.7861770743207301,0.23304325864561504,0.5861068119385568,0.5589663843117753,0.6253222700367723,0.5485935235445178,0.4709680444413635,0.4688163429305772,0.5666011672407933,0.33705304914550305,0.5594346025673957,0.5030718670221702,0.5124066598590529,1.0
0.45453172384369067,0.2728362066139142,0.3730802050336215,0.3236334797337385,0.22919333392290547,0.7601413316320609,0.36025286495589753,0.196720445612535,0.42005275929458663,0.3321225679572317,0.6094614499937647,0.417760306722816,0.5893310437945305,0.4002360687349362,0.3548549459678646,0.4838247195133787,0.5436980718953395,0.49942880183408944,0.4917202125308824,0.38887283084504765,0.0
0.4096892280116522,0.35591109001614596,0.3361638888352723,0.2415972315014124,0.46411341827229574,0.4377819080373751,0.3753427060048921,0.6781027843670443,0.39649911338842075,0.38266051588250194,0.37751660281528243,0.5213027642618903,0.6282948565715302,0.45266954773295837,0.5082301794662905,0.3690595551249766,0.44872973208804856,0.47595032466041554,0.4947521667158564,0.4658019117663787,1.0
0.15267439836069172,0.343787523924898,0.35957257483746524,0.3512581531381238,0.3699030112659796,0.17134012282186806,0.757627593919773,0.31491349604195695,0.19648062314129316,0.14209726698566957,0.2399303340158137,0.5321885873418808,0.45352720190694895,0.172314152633184,0.5610189305704645,0.740126908044559,0.5403946358577258,0.29587038167637536,0.5030012059035993,0.42163879961079664,1.0
0.3831222803831512,0.3489676190747455,0.3378861678618523,0.3061177077865819,0.26521546652763167,0.38407471032361934,0.32456748784116735,0.454042805571526,0.7811275417108683,0.5865552791310451,0.5187856414084158,0.5904898500570068,0.4823415517769767,0.31870985662740814,0.3757214968636306,0.5157461946291119,0.5807549940371097,0.42971459782903076,0.5353915563796783,0.39073835579349986,1.0
0.2539879387443577,0.26578838120335296,0.3143246825054971,0.29883132890654435,0.5138585969462706,0.387372457242445,0.19803991751704703,0.29765573462032585,0.19933579197195572,0.8030019303504121,0.5087849109390464,0.6819100446191603,0.3494804119455416,0.4380302403093334,0.4023768794798642,0.4285154306937623,0.6726981422898068,0.6650591791530017,0.3898585925881055,0.5036297470839357,0.0
0.3371880628835695,0.3398428797577032,0.38815840139286867,0.23523086393465742,0.3594011455916311,0.3915888320310577,0.21779425744489492,0.3164091828817455,0.22493325174051976,0.67450192999426,0.5359822960840855,0.5314363828230593,0.5594035128449883,0.6038848765721943,0.6060467280918045,0.6222608028664618,0.5443781506668329,0.5217146152124794,0.4229944232485131,0.6537710308105067,1.0
0.22005136861083957,0.26744212890540614,0.3617235067700044,0.3543413587271394,0.38517621340285163,0.33715864105903837,0.33636404400258824,0.29013169576947206,0.2994773122370947,0.723728164145264,0.38551373215323204,0.48190811238951187,0.7002488201374554,0.4291387402819754,0.5694738482128838,0.5694397204038776,0.44866652723317957,0.4470544012391735,0.2891546022712307,0.3020919907262347,1.0
0.4934220800691891,0.4193185523950863,0.415036681075444,0.3073143697468145,0.4059651333839577,0.6186391187581485,0.29620500329324073,0.35892522049647685,0.40403967348112035,0.25001959157794945,0.4646142230921583,0.6202426697318567,0.4372616937725914,0.7696580483070312,0.4311520213844551,0.4452888449718384,0.49281769635566286,0.5362918441797216,0.4553984330078366,0.5222557231457691,0.0
0.32479760558951887,0.3728686487465247,0.44471801685160667,0.3495430838217755,0.30187113896044626,0.676714097027429,0.37327797984609107,0.4494916185721056,0.35495912709755834,0.30130365796383546,0.5374546041056525,0.5439053607926043,0.5337761642293392,0.6832628368582813,0.4631507265898243,0.7559464709472733,0.4370914520273028,0.7378814991568121,0.4884830242239277,0.8067287272737673,0.0
0.7753994316975714,0.3081184544953218,0.35373042162473106,0.4037674040612045,0.40263510384511886,0.30165135391282477,0.2639374346465336,0.29693184253436367,0.1906834156207668,0.28638812624176024,0.7924116246162891,0.44277558820263535,0.47373988895944175,0.48422491203917906,0.6527759257526212,0.42910697217169025,0.45173505639340444,0.4333507263316796,0.4384412747487061,0.47377138022877247,0.0
0.6549116008923787,0.3638585709986069,0.1663718509657106,0.4096719945632257,0.1984289744856959,0.24975471607951355,0.4892475050271147,0.39209880050417106,0.3676096351234187,0.44539276118679244,0.5675793881659374,0.5695121657244271,0.6278072952352413,0.25492120392251794,0.323415922980221,0.4836106422922152,0.5343167475931241,0.2809966180038088,0.3147933295741844,0.6084580539085515,1.0
0.3072914041500181,0.17924961985039728,0.19710582117322717,0.2086113479910322,0.6701401828433066,0.34510201910172983,0.32650900430613644,0.3151884117245411,0.35001556276263357,0.3172262051030425,0.4480538163500237,0.3655585129102983,0.23990278815814237,0.3669797371877511,0.48442022264406037,0.4749322833289133,0.5956970810706452,0.5521977197471014,0.6953445551522025,0.44108552790863575,0.0
0.29628900207919784,0.21291461135577577,0.4446588305339204,0.34752158811297157,0.40096923408194496,0.28376547070354496,0.2708184904348894,0.2612118456420557,0.24198695450549212,0.8180204264567225,0.4126962085495449,0.4433850109651267,0.5284782043425559,0.32050612705211845,0.5115721776116555,0.3632859102641453,0.43487180605889547,0.3185304372360085,0.43995820436582495,0.526938503065246,1.0
0.4404283025739889,0.5570275217873962,0.36246638052396657,0.23907581481925905,0.22204102065679637,0.3219849806570738,0.2477304988317841,0.37923256400092226,0.21234004361603886,0.3122769665270041,0.41940510925471075,0.3404554640766565,0.4165471551654583,0.63160250698412,0.5850336127325299,0.30192720974085574,0.3244669131419341,0.6915737659357659,0.4341382519280068,0.5501504270752698,0.0
0.40670098857820963,0.3165482382650301,0.4557810053203013,0.48925413338512064,0.26022685959543185,0.2618298422378361,0.6991567334144995,0.34329335172497205,0.254672318377689,0.3416230250347083,0.38325098058594936,0.40569181797075515,0.431444341912029,0.7102236851720357,0.5710780300154009,0.5696934194930074,0.44362208030834477,0.5415670024507545,0.41699237666888866,0.26810711871171844,0.0
0.27119866315751623,0.3000954910557506,0.2836764956325021,0.23082383470630113,0.2639687103683553,0.38679433047600587,0.40392716306084886,0.46249088278262684,0.29683571348722626,0.821875800833503,0.7005993847896368,0.428649842742958,0.49899340651661533,0.4797577890068545,0.5668585363250811,0.2964983697913076,0.4471529828366899,0.4342756099760367,0.6329757372589425,0.45396876432142075,1.0
0.7788227000546039,0.43564344943864974,0.31676329561678995,0.4034777887257527,0.47514731280358724,0.2959464079989273,0.31449889080384125,0.3615662044597568,0.20036130859002096,0.27858641385743765,0.25971392085161304,0.33068279123400746,0.3776833742872081,0.550812017383554,0.329069033928198,0.5535951200228287,0.5671731852628723,0.3880031773546856,0.2986078375703489,0.4892168135525977,0.0
0.2351197861126263,0.2633746219844119,0.24168747144465755,0.8886557715967189,0.3156752433670186,0.27568192322503615,0.3581653512176021,0.24625699611673613,0.2428943724255574,0.26652303511100434,0.5980572208245781,0.6481796140571212,0.5787164651047956,0.4344887485088985,0.4873278148696976,0.502038943278579,0.2818939538060835,0.4818817351485523,0.48642068675665073,0.32278968893969584,1.0
0.2387051515156895,0.24837787179609566,0.25944011070776773,0.3507454306051303,0.40553842508826343,0.7045978335537838,0.22580935025151716,0.23954196726872934,0.18490899567051527,0.3547340656101915,0.6044107582460088,0.6488126825612881,0.604641342486643,0.7351593997935972,0.3592172175274185,0.5635209508693431,0.5064014619159166,0.43667870599599407,0.4083152551361975,0.4573271043772837,0.0
0.4034571303865422,0.3147159183088807,0.29498435067762924,0.2577623077722442,0.27374277113014944,0.35207881259722845,0.2289056519838581,0.32829635141525476,0.6948051082661255,0.31191408183888186,0.4483478254508412,0.5792033965906446,0.5220334754499849,0.5237166140584258,0.47180648643112905,0.5174391654575334,0.40181741836917095,0.5577221401905543,0.28999957646591235,0.32040766673255117,0.0
0.7712343398432688,0.39531251790679406,0.3518552462780519,0.38012049106380996,0.21170332423053273,0.2955949916091132,0.2989357678682986,0.11679426311147026,0.26108227849704935,0.22226192296875585,0.644210175199828,0.3579713797312817,0.35976163398042593,0.34254343218357153,0.5612090407169938,0.4997023478981548,0.3700675754578766,0.4951189111697912,0.6362490544290218,0.45395703372346413,1.0
0.23045403151617064,0.6233537026737002,0.3336560282059217,0.28964815812958816,0.3434749999330047,0.1359990268744982,0.44797186166823055,0.3184498321379109,0.24068620693017057,0.4040605328625839,0.6061431810848288,0.4204400335635722,0.6536535457671353,0.40666236629639696,0.5466491766094979,0.4027456832865158,0.4142305457776002,0.31053288325430906,0.3951646861476208,0.5760149750032871,1.0
0.3367348120575942,0.36669295676758734,0.3010157352061779,0.21883028860293982,0.8008656780656613,0.34186349869721305,0.35432423904113114,0.24552741348227242,0.38379548007360687,0.4365227384951149,0.40683013130553397,0.5418400928187349,0.5979496714591442,0.31261156806456636,0.3738766552729451,0.38186115366969686,0.3631295409066959,0.614184323550871,0.44811095291422026,0.5449428991983917,0.0
0.3226596445225275,0.7543460198541747,0.3265686682850371,0.22432193022300392,0.3718302064654072,0.25755451660664425,0.2407276638712193,0.24995045215858017,0.3240895700915782,0.4067873198011426,0.6588816428393042,0.7262472456284221,0.48595805332473946,0.6901028108006374,0.4765551004433744,0.6964257018223283,0.33694342397335464,0.3596163312407164,0.41845921569556854,0.6302273891034024,1.0
0.16810308254968379,0.22637630606475034,0.22114755520032509,0.275959477031173,0.31787266504080547,0.3360624735839711,0.2440574895132947,0.17743101165104216,0.7017284076477833,0.2174588924645252,0.5046139962407766,0.5201224866396535,0.39614889228773253,0.46694775876245875,0.5527015015223006,0.5155913005424232,0.6736007545882403,0.30194336156663254,0.584273159230448,0.5238308442026111,1.0
0.30914547680983434,0.37226509362796817,0.436612404691815,0.459173136510379,0.29905556352453694,0.3229372575825811,0.16507170492313858,0.7679944044531151,0.35186181586532245,0.4133155574775995,0.45699112488103383,0.6932655885651691,0.5658657590722785,0.3990454486835422,0.4681808425527872,0.5585640760809307,0.3514655717715023,0.5613777290782702,0.44152286382741596,0.41442799257876345,1.0
0.14993742429048101,0.20468111571518827,0.7453083643294659,0.4651529212912239,0.41511094165662815,0.33452779596481075,0.16250558534847856,0.4580506795355079,0.2504426295658708,0.20062471312303284,0.49942395310808707,0.5898655563012041,0.582782184401474,0.5743433577166723,0.5864070137448052,0.2946429653679676,0.3523315450285366,0.48801688706599067,0.4741624908047474,0.4400394284748309,0.0
0.45876471614695896,0.29194585759349506,0.47902475081641416,0.33993336548750697,0.7680699274445189,0.25815186033646803,0.2478496490553871,0.5119868259623451,0.2921811460998982,0.31494162230700884,0.5021210566142488,0.6102077058596899,0.3889296499530926,0.4431835592826876,0.6426815378516083,0.4457982958278184,0.3874433312830872,0.36426885373276463,0.492764708198435,0.3807448364772509,0.0
0.2697090824024375,0.25996327022866966,0.36465645489166415,0.38092120782873484,0.43767418180860973,0.090137051746284,0.11967214785396182,0.18852619511068772,0.7993629532266795,0.2459355208598895,0.5502546483772578,0.453571303179938,0.28364179456547767,0.7405670967025,0.5609849352082988,0.3920831872758256,0.8548391035438931,0.4880352817016463,0.37336338150342063,0.4637670177312269,0.0
0.38648833792347603,0.32327287523406,0.4498094397355358,0.2561297971642943,0.33328511117633597,0.6682737220453648,0.3383590249652167,0.30233314140648454,0.28352737718749305,0.35707612700269104,0.6312254922803161,0.1649053528245295,0.36665833566631323,0.6136562347565078,0.4510869629372757,0.6112403703125733,0.5958438600995881,0.6608980495387639,0.5388356865037153,0.5250716064765215,0.0
0.24462191864937685,0.34149467785050497,0.33811966186296316,0.3235338369570175,0.3779486472117474,0.41746681403029323,0.45035507681492853,0.6867939910146057,0.11102705303191374,0.21061725992251357,0.7738694262047238,0.49858208978388374,0.17320776607644484,0.3377777234970515,0.6193926093047258,0.7067720079507818,0.5368364339036059,0.2649023039606559,0.6261141852583573,0.4820409726289848,1.0
0.4894134705133491,0.21190753118962202,0.42920613635432303,0.40988944417023426,0.1796075390478847,0.7909131206514446,0.44725015072800955,0.363151641845047,0.4483469191111662,0.321898297753544,0.6140261627203161,0.7723929019322306,0.4738081458132324,0.5283564458364054,0.587972925508855,0.6668424982778298,0.5026925329912483,0.3905500965612344,0.6531676448604026,0.3931388477208558,1.0
0.3840123815385087,0.19243350502033724,0.2652538674319165,0.2906497079051266,0.7405902299804836,0.25708069843817516,0.2176028947099533,0.16185905534525621,0.28774114361002595,0.4340385849009336,0.3370096014676194,0.5309312042571008,0.5874643697150871,0.2752644073920681,0.41131702011784166,0.4408232291573135,0.45773354436291025,0.35804338683608217,0.4692722147071301,0.48834922240099327,0.0
0.28726111638218166,0.19988886376774714,0.30149885829591494,0.28690706670261196,0.7702182408430989,0.26773043345693104,0.34724490314975154,0.21748710486437203,0.28157987873486096,0.31469119797231426,0.6047862038006232,0.4958450080224301,0.5597904831168516,0.3682939113225359,0.43806693119696244,0.4955203452574418,0.24747091325293677,0.6852740040016914,0.42623816356510025,0.36883778112632454,0.0
0.4166162887731159,0.7667871494379388,0.3326797060987127,0.28848075776970006,0.41285266340282434,0.2636213637546625,0.38370972655515495,0.2534160819133523,0.2556139416890676,0.31631274416497085,0.5442152340158994,0.6099534935863198,0.5627288931899895,0.27649093763265026,0.458925214597662,0.436825976542306,0.6253841983354711,0.3910937556518105,0.5659788144576186,0.44203669610192603,0.0
0.32491879559535924,0.2650195136113747,0.33804608286418786,0.3593042939938883,0.3619199075843311,0.7059762766325328,0.26367730268263767,0.29757570127185445,0.18660669203371139,0.2027328932942487,0.545673398521489,0.4239557947009432,0.3083553586755512,0.34476297299898917,0.3627361296192975,0.4609056281125322,0.44639870876488225,0.4525913442153576,0.40662536367334556,0.7411758483330944,0.0
0.2863049665177264,0.31223623363793773,0.4201069936871548,0.4431890991342526,0.43844515481786506,0.46435305723127196,0.30085928769937825,0.3762222445141449,0.4439689647279007,0.7490269738780895,0.5825353850158137,0.565035662884168,0.3271596598533358,0.29912897510982983,0.6237185469558199,0.292049969750814,0.4791970162281392,0.728206447591273,0.549761578919605,0.5063145458775685,1.0
0.22765110717303388,0.37428717686097424,0.39544050989654506,0.2744178649613018,0.313920174157167,0.19146555027855672,0.16653698085830754,0.7421722628303462,0.45667628518613934,0.3586106053797481,0.4680836348985024,0.5236506544456028,0.39320263485515183,0.2926852360776966,0.4619189224480553,0.4697005972025605,0.22847506615984958,0.3622653629916417,0.33692677013615846,0.2944332518734599,1.0
0.2206385500877453,0.27088200394005685,0.2832224355366391,0.3188731346646715,0.259698541920486,0.3042279345170833,0.6546603040137519,0.17973146413745428,0.32636093838878205,0.3213591893050014,0.42375729384245936,0.34639466845921263,0.48152145832209925,0.597214262942602,0.7082469174392809,0.6594363724471444,0.08478644228398441,0.41909143748045585,0.5080254888390864,0.44362318245375854,1.0
0.26785609519026166,0.30360144030275227,0.2954235788427647,0.4145547996553061,0.3359409446435244,0.6629878574141084,0.2453544393189947,0.22063964582785636,0.19172896391880284,0.2696422175656213,0.1592920994927916,0.6689444669208002,0.560615529639976,0.45189287890026336,0.5714095646882908,0.5847576870851403,0.3212485533872287,0.6194435949327148,0.3381012979875856,0.6627460756985956,0.0
0.3367551411908397,0.29202697786287884,0.4207692072620751,0.6649040404847508,0.3178997148800645,0.14491495600834842,0.23097263875786217,0.2764767771102464,0.37308343709332015,0.3605456236309988,0.39514489879648157,0.4254779874018264,0.6246236855770539,0.26792942863383135,0.43449239422198843,0.21085355773634396,0.4691295405333358,0.29983642095650054,0.5841620298820323,0.4551435497535017,1.0
0.35675145856399026,0.14511587307099175,0.28319394451720975,0.3561967068733304,0.8641846305526348,0.45687008457069966,0.3907306439444154,0.20677437680797095,0.2967882670689275,0.3836063089636864,0.5956247108858468,0.3456391919183843,0.38123106841593885,0.23100130439548752,0.46504553118379344,0.5020962725286409,0.6241892219175151,0.5931383161184589,0.2099967058195964,0.4692809654447943,1.0
0.3522604690502428,0.25835068827263735,0.2548126845311233,0.3109974215328623,0.3647165810505754,0.2378620885381977,0.27327879496491636,0.6775649850604453,0.27123189320016217,0.42639389424279006,0.5009574038470263,0.6363387360919199,0.5380377546971967,0.47660939696381577,0.486690095661308,0.37326603430569893,0.6293223327736734,0.3839463117626042,0.4275291618124967,0.5147868080727648,1.0
0.414852477397489,0.3331933926855844,0.21801879542003444,0.2515231606840632,0.668558537737018,0.42843359619945653,0.27302895748602984,0.28399485323312496,0.25301077446335435,0.2751665654247615,0.5186144789180137,0.5671245525301104,0.41896539541404,0.3207252754976273,0.4433642470380772,0.4974468902637817,0.3423019691989051,0.5779980287905877,0.5552335869336325,0.3253632727215216,0.0
0.36452510515950154,0.3045235533580239,0.2093905759382788,0.6448612027259608,0.16644392676721034,0.17116234907017655,0.38822795025152523,0.2577566613142061,0.4052355332777154,0.48149311511355136,0.42463320721660175,0.6183496544163423,0.3212483355085113,0.30851938757152525,0.5952648972975809,0.5597162995805003,0.38337282328917477,0.33838726868356694,0.3705573734476199,0.4046073941075721,1.0
0.6326375671749636,0.239695043783202,0.5342772439482616,0.4333235762103435,0.24002388941815408,0.3226507127312061,0.4420973947609668,0.3463478349677191,0.3369579516255825,0.2375518133786289,0.4806500543524041,0.4297396775045718,0.660903546465661,0.0419396551153533,0.5847380592255761,0.5536339681357461,0.6076955371629016,0.4158342261651422,0.6449297197680814,0.19792039122369914,1.0
0.2695201964263237,0.31350510271738374,0.3196951785095888,0.7741753050541402,0.2889901696647553,0.33470099027500716,0.12848021016091282,0.27501644973858996,0.21195946520701792,0.5272822691523762,0.754748946835772,0.3468629078919239,0.37626582276747483,0.375771898054781,0.4484186175238053,0.5125513354230588,0.46041582231715605,0.4511089390373583,0.35532171227411374,0.4062615443789953,1.0
0.7284481611539395,0.30758124366027056,0.29950270076920366,0.44678050196000285,0.24681918099040517,0.2765307862696209,0.49935139742380286,0.3465804152576113,0.25610839695404064,0.34562560189232416,0.6151636476867347,0.4190543550736465,0.32610855960541085,0.5065912723503004,0.49853953738331996,0.5137433356768242,0.26468604835668047,0.39881830694290105,0.43454172588089324,0.5255427362956271,1.0
0.10342728278091362,0.23627647874330884,0.33734739331790115,0.4286737660906139,0.33340303592928117,0.41955804267503194,0.712421493317918,0.2705217710736051,0.3330456519969831,0.42743992594845504,0.5899885893000745,0.46731877934868576,0.5855095265224739,0.6597710037853745,0.6098027882428866,0.5035962981871887,0.7852845041666643,0.4548013886050426,0.6632064607802378,0.4984529565047115,0.0
0.17393094306232482,0.26487526990437754,0.3296751402382153,0.3310498144375223,0.4900612238585596,0.4121101672345505,0.4601742581092578,0.43286013633427867,0.4123797954077501,0.7812122098391143,0.5928528062187727,0.5349978721857207,0.14514137898421536,0.4134315360599169,0.4493328590448603,0.4794972617819577,0.6628773208238021,0.6030509026942635,0.3187861696519052,0.2866201245442092,0.0
0.29335380000962824,0.21433568216584387,0.7426729488268726,0.5490732602915707,0.36183696217348205,0.23091441563840032,0.40543041575090766,0.2878083756673791,0.26777162919560776,0.2931421947646116,0.45141766436892283,0.46736916632810344,0.4825852870885341,0.22626883884496996,0.40373287565252863,0.5027949170250277,0.5733728502829467,0.4744115942903334,0.38293106311574854,0.266375330089628,0.0
0.306461389083958,0.4358064035280717,0.2558759914802502,0.39825776519895406,0.8397429813730386,0.2527854575528467,0.33621853089427517,0.1670676684470316,0.3973105553202194,0.5017778875994511,0.5841339916816475,0.6611944844633278,0.7371849299903446,0.5816892755845804,0.5326159469463093,0.2249210448165856,0.7493021962797148,0.3769820639497508,0.5513367188027251,0.618039362204171,0.0
0.5351625672337853,0.287442997353957,0.2480947498088314,0.3373001157653702,0.2972907419083698,0.5495928188271965,0.31188654995121273,0.3810238575578156,0.28276478166850566,0.3203126069612914,0.6223681109785338,0.39991004264921637,0.5746974718986944,0.36372875050397685,0.5107879784190728,0.6793044755050999,0.5979577962147193,0.5205510746549052,0.44865975307497097,0.49301035445918523,1.0
0.21022194430002797,0.32068373997460875,0.3505997395733039,0.30226690232470255,0.3425799867008389,0.7185612206790887,0.37012450317385726,0.33696205995975953,0.299360914890981,0.5746851840717311,0.6722905244165666,0.20764852969343367,0.45128908970789466,0.555780250793499,0.46096561038412154,0.6094667443204205,0.2367574140761723,0.4761033885880588,0.5657673026813383,0.4845934287186292,0.0
0.167082941142779,0.47673009667549704,0.3598100144784673,0.2563025559479477,0.8532398712637448,0.4208414751426287,0.37207795996555926,0.5172747598684206,0.3485373790208581,0.21667949459182495,0.5274364081554768,0.5708618770213552,0.44044378510761495,0.24589268682404702,0.5705475164237171,0.5400633667713918,0.5587358507710648,0.41384563986578604,0.5592641191765289,0.5615557386771235,1.0
0.38715582072511634,0.15664792607034672,0.2990970545812857,0.35073486027301304,0.2795946482363292,0.2909895175344566,0.2179019953149937,0.4341056285913926,0.3638018451686267,0.7864533357224662,0.697019343416664,0.5560129443970004,0.4442071122945555,0.5938812947153373,0.5538573007203499,0.40657453385675146,0.5814262285500639,0.5910742073302874,0.5569251334527157,0.4204384144980062,1.0
0.2648099017566543,0.3410980729262242,0.3651875222714786,0.2758610958157247,0.7392088185363467,0.3036409769874493,0.28245866333439207,0.39448549526848603,0.45343873994351525,0.29503217021588757,0.5427545844905021,0.40430408714539956,0.5054616817288341,0.42347263256501083,0.5683311306606657,0.8120764337505526,0.8251003441503841,0.4012806575043743,0.6623273653981573,0.7498739137068711,0.0
0.7842909761814179,0.20839724311617408,0.25724995724117516,0.4356083082210932,0.4313265961166168,0.3102124569781182,0.3948342183597565,0.4162008914559519,0.38613969797525693,0.23549848266202641,0.4174749379667862,0.5105686037193065,0.5937285233111277,0.25655471911361544,0.7084603169806323,0.580795136398835,0.25286849808848133,0.460961961999944,0.44853462083568957,0.622805778190224,1.0
0.20588189150446334,0.41312020834577456,0.2463883939100007,0.11860482012573814,0.39968930495931254,0.130638692099024,0.5813410266569745,0.3232992462850103,0.3800532791623238,0.35135532054036334,0.6077589440386943,0.49246709414906603,0.7057092100740554,0.49636100751337,0.38723142675952693,0.3169672590639865,0.683829604624328,0.37793262710596687,0.667467845088096,0.5831069241886687,1.0
0.4383131885762642,0.3056257653120855,0.4185537993745514,0.22588652969555728,0.17400220679077041,0.27697218763265286,0.22840469348844045,0.3752664952750231,0.6386748977912723,0.18908724077572922,0.6253928845673701,0.3069725419529098,0.4251843705081498,0.46868058239925464,0.5894271823005821,0.46980217335315044,0.3479168372399447,0.367932416353013,0.5419572163555797,0.3146432572067386,1.0
0.3062492092796369,0.4526756383386227,0.3449680421150179,0.25874357417518334,0.3894009025924033,0.4132386514151025,0.343525870438829,0.6866455174903905,0.20899685360752274,0.25660567658250777,0.5820518799051745,0.32940064646072315,0.39841802997615183,0.4586388392400427,0.5942044124141983,0.4442906124817948,0.3879240101588761,0.41834006525360995,0.6922257453203586,0.5286380036566484,1.0
0.3949177834787722,0.4257611108512309,0.2265269981465713,0.2974513930699461,0.3511107062075385,0.29203918976930343,0.36252901304046253,0.8173638594822308,0.26777697478013135,0.32978050963728844,0.702750753254354,0.371692040876224,0.3918356455416392,0.36899600302420094,0.42252586528660535,0.3670997236189493,0.6593090274405213,0.4822061709851016,0.41960408909270164,0.4398156632302632,1.0
0.26746989621353356,0.3408704340403765,0.24659415238836607,0.2978505782737868,0.3951379244190946,0.7345286509095363,0.4210646610517293,0.47949080735327027,0.5206676174568965,0.41510572619442876,0.3553635926111659,0.7571257130182996,0.5234488584898792,0.4475216017617354,0.38154330516545953,0.47020107470342437,0.6075371042873547,0.45428321617936274,0.5129117988032051,0.32765165460584433,0.0
0.23019362364152066,0.2672969394364042,0.7706453387512614,0.2641262872133491,0.354522203626716,0.22694028345914408,0.2560359517242853,0.28433086350049525,0.36825992373008587,0.4038268976542069,0.6455928896525981,0.3339874365364086,0.37119289623138785,0.3606754253210685,0.28697935992233337,0.6758141394457626,0.6306340471735379,0.5777585183614447,0.3797752026854941,0.43575470048244286,0.0
0.3445663967117453,0.31542235065984325,0.3010240446403345,0.1904735545035088,0.3716049788456425,0.3162411768286274,0.42579729813730094,0.675995706916297,0.38701162301264513,0.2374798511704161,0.7837457764795661,0.4224239035202534,0.4624069480534816,0.4345205049290424,0.39468658101825993,0.3209726103720931,0.5478431354316239,0.679733943129137,0.2847165455457342,0.3426976690402491,1.0
0.49025636210908996,0.1924099501613249,0.20449135039258282,0.4042058271405395,0.3234583469728177,0.32713095414398624,0.1967458403975887,0.33798594281389344,0.7053560200992863,0.46753107875541805,0.24133565876268237,0.23840175398131505,0.6291196655371091,0.40658590911899584,0.3874361289696805,0.566207165634033,0.6197863772193873,0.36390640185349116,0.5531680900409361,0.365480047017146,1.0
0.353849955380649,0.3613380265001393,0.17064371854187826,0.2988738659546493,0.46556164766937314,0.22412415856644155,0.31381645825692384,0.3394852733401675,0.2699382751800407,0.7889305814302917,0.5494899253151964,0.4932085726596001,0.3846695267268089,0.26719620413114653,0.35873906671824485,0.20845997466835842,0.6278054916201204,0.3008212366287919,0.490935435899861,0.34701115191972653,0.0
0.34200219150624084,0.35472322499787606,0.8668168618856689,0.30290861540723024,0.43454340066740826,0.3415133905787313,0.3876541676885189,0.27956514871014376,0.37713150132756534,0.3571553729114027,0.6868168510776305,0.6873210807750517,0.42713811597613527,0.7375352750873765,0.28743713815440847,0.764263098847171,0.48005760037649825,0.4996925235434757,0.20292233184255115,0.45234811344230114,0.0
0.19589233188323865,0.2280853636748424,0.43027326653110687,0.3493903338081222,0.12875785402893308,0.39925754039816647,0.25985760152567755,0.5988907194113555,0.2574812733173272,0.29303390655456474,0.5565737782455049,0.7130758057729167,0.667570533347726,0.6201373761032012,0.5263427564772422,0.4008723557086295,0.3554501895360823,0.46474760101450685,0.5509686814840438,0.6470496930206339,1.0
0.44111166028798654,0.25915570751020295,0.6537924191033866,0.46729376977464016,0.3422455687570325,0.257228553019679,0.29579823385950216,0.2943765923162391,0.31227844578609726,0.30136947003428133,0.5613819642087406,0.45033687059387983,0.5144956257892568,0.5087221405138246,0.36890893085940274,0.5120198034427963,0.5840376171497874,0.36997135359981403,0.3508946595843001,0.4822701628502667,0.0
0.35554242507262274,0.2742211935364427,0.09253219032679635,0.18278637206359183,0.3268398506841739,0.33102153853753863,0.40322110615402246,0.32618129890153846,0.7284383261906096,0.255684085128789,0.4820298005589383,0.6928530229398827,0.4349314150707165,0.41271618798898246,0.16775451228528404,0.6275157234000049,0.6201908423524242,0.39119897019527067,0.4819774699223161,0.47920056943139605,1.0
0.6110310387004341,0.2877007034948478,0.3393228512989058,0.3380920113535753,0.37582587957912067,0.28720002014731133,0.3122228387994509,0.346502339949232,0.39910304579008166,0.36908654876807545,0.5761613669415865,0.5551029788331366,0.47449786086226853,0.5131371232680988,0.42822814352643224,0.3529115009787076,0.24532826893751944,0.5228108033537446,0.573736792575841,0.4880341253167142,1.0
0.11475566315023128,0.23680892878860854,0.377500024717173,0.29294053461951264,0.7267490038811321,0.407330806983991,0.3582610319454753,0.21156694650068752,0.4694414883416228,0.3440628476247512,0.4259241861071712,0.35184170870072207,0.5010571778912792,0.596597981980784,0.5647806163982263,0.3738531815611985,0.5969344308094777,0.6971184657440715,0.3701188595984115,0.27845628651443455,0.0
0.2711860268966424,0.3212358263231145,0.3987750911116881,0.2898445226285288,0.1704329729790819,0.18059717135161418,0.26574333234137293,0.3466466743492307,0.6002816186127038,0.4034591784932485,0.5315140829155164,0.5397903232921514,0.4552255957690938,0.2983465875086181,0.3076598741008646,0.43903844833734773,0.38479272587572544,0.4121325512697828,0.586813663972349,0.448520911847332,1.0
0.3403690842970541,0.2958173248466679,0.3920124185131305,0.28800037055393857,0.20895854873472286,0.6868284423487871,0.28765219554078536,0.39013318834544675,0.3562851105085542,0.4030693284316691,0.6486170949874532,0.5443454912128052,0.4890044780219734,0.3808579019176548,0.3912238041336658,0.5856823526665563,0.4917383233086615,0.2671754920202517,0.4320068285957768,0.4962203851860839,0.0
0.13575553105622562,0.2754062085586684,0.2944887101672746,0.44090672811746523,0.34977276207432284,0.30640508016461854,0.6152777920190611,0.43000199235978115,0.3567879262983802,0.44998031451946285,0.36056537467498395,0.40537212436641884,0.606145939373951,0.6965084553023343,0.6228208341838349,0.5273531272870791,0.22300416104160953,0.7813972907161348,0.6207633478618723,0.5781495240664541,0.0
0.2594517580419859,0.28377283604236,0.38091684710778934,0.325357777359306,0.13964486527449432,0.399148375681314,0.41345455704689804,0.44834967224185673,0.7433928083413941,0.33846872029409214,0.7864642345342542,0.19800174834251966,0.5473970670617077,0.27521126489193204,0.43445304845132293,0.4750252525806218,0.5250940990751661,0.5043356052821244,0.7023564119957739,0.23481474712696032,1.0
0.28200554427996405,0.7636232354446211,0.4008170667141573,0.3373144063285066,0.14326291561896937,0.33675665429728185,0.2630945089913768,0.3424806879426018,0.2838244905390729,0.4726898526460632,0.7315454847291842,0.41114391335719225,0.3612580105245229,0.5661974099365027,0.5337063026137685,0.5620260109409727,0.5872508545865395,0.5942127104758339,0.5906319147712623,0.4751615385281828,1.0
0.2972132662191534,0.4087818962064692,0.30374466058706645,0.40980660547765213,0.2342026088647964,0.22306454516102386,0.7933592715318554,0.3517501992564932,0.2673446724056677,0.15051419757577159,0.5393420128839554,0.4961442143093707,0.37430053682282277,0.32961895020029813,0.40581282166672383,0.4891509086687503,0.3579584962711879,0.5557704030664602,0.3970079418344794,0.31063148923321227,1.0
0.37512258623129924,0.2516790838260502,0.4403698161116756,0.32696771471432057,0.2096059233372497,0.22202573354009347,0.9716045040621923,0.2577206600184078,0.41486615623883194,0.3064763005369285,0.5587033952141448,0.7211330146366883,0.3098167071512551,0.4325983730210702,0.5221069863855972,0.40539551701597787,0.31829197727353986,0.5415127602328541,0.4683969184032059,0.4352495448552058,0.0
0.4607473995209026,0.24024262240175906,0.23388763206465546,0.3283581423199932,0.32504598552086766,0.2738200971789488,0.2649487653055945,0.4465875943957414,0.25357490362556123,0.8242894575100108,0.540980547218248,0.6404909540725825,0.48487836456034555,0.4651342243100434,0.6381580556033076,0.41569488552272527,0.529603124430747,0.5114578572897241,0.5562000989169439,0.4097930765894439,1.0
0.4185886342955379,0.3908197374864758,0.28562542301368027,0.6138482413897406,0.4848775983168938,0.1969943573954307,0.26775120036300365,0.3067076719197062,0.27100536268447795,0.29625003629247576,0.5421435686466515,0.6261277564395369,0.48943599163463763,0.29000913511392595,0.49588533267209833,0.5616085658511979,0.4595994624142122,0.39980545858431804,0.5881706977046475,0.6142949671688425,1.0
0.393181307950176,0.29313584955631816,0.16256410105241542,0.3645311780782452,0.4232956216680831,0.3040579455116398,0.22297267816633917,0.7779401548364164,0.27197996175690436,0.3456133888608837,0.5761724857002805,0.49598625198966534,0.44943312130107976,0.41176260761253086,0.5673626477646646,0.485874342066282,0.5059174166573138,0.33273203455827494,0.36780922211135736,0.5236082426877542,1.0
0.1686152145791434,0.38965425179263946,0.49845661733424795,0.438267876247571,0.32251608302195645,0.23520096297758092,0.7102448424946279,0.24001850857656543,0.2641780711714777,0.20021967857299117,0.6152233086092286,0.42956855225591456,0.4684140612004048,0.30925479698945474,0.6284019320845088,0.3918658829227592,0.5053695403903092,0.3493891495774065,0.4512318559623522,0.5905573395629654,0.0
0.24427042560566348,0.2877334755374582,0.3270285028213012,0.25847756360260604,0.6689367448282615,0.2954322222503441,0.1709982542399772,0.3427510205170901,0.27461179124463186,0.3210522619370896,0.5315935198798791,0.47509456561537455,0.39423566875456545,0.4174287200481332,0.48315060074396554,0.2609176203280438,0.42876929051899787,0.295592740118905,0.4988672582292457,0.46814346299524345,0.0
0.3964982173228859,0.2996732909982536,0.2579465667571968,0.3037462717554993,0.41799650458114734,0.4239012765707297,0.9078685201800157,0.3820778832149999,0.24859548322503822,0.46074338512599233,0.49135313518249446,0.5342084429550585,0.5200175864923046,0.3115992947091344,0.6152663134727856,0.5781986852963565,0.41074152545120207,0.4193216047357117,0.496185996703827,0.45572507586748184,0.0
0.2761461102589563,0.254359992351052,0.7460758109053875,0.42034571954446165,0.283605211544234,0.35069315475396734,0.337532391255079,0.26844486342424534,0.3524291512917314,0.41229183996099633,0.6455749532876036,0.4336003318692031,0.5230453650177097,0.6430063011831835,0.5196303962022308,0.3806427632156897,0.6849085350919252,0.5166578121273484,0.4799472963501105,0.467405501156799,0.0
0.30118889515938885,0.6643343994914948,0.08199371273227196,0.27585108038313255,0.41618015758594823,0.38371545935226103,0.248691868171748,0.42240862523508593,0.23192425564717192,0.24760214566152686,0.5240885271165484,0.6059720602417171,0.2766090015367038,0.4670803827597353,0.43845997720197083,0.442120880753227,0.7486495545055893,0.5501359442079978,0.4521717923487271,0.40248750749636286,0.0
0.3922330111906471,0.27374749534964865,0.2805782287994539,0.759313219888051,0.3985212571728278,0.4033981176370034,0.39699286479432444,0.296034002487806,0.2590714468922248,0.3743212482638486,0.4441211453326372,0.3131630373679394,0.5458174512078168,0.423188829188508,0.3184148228244795,0.557230561740207,0.5687942334069132,0.5595828011178654,0.5678925813375422,0.6246294103138134,1.0
0.3664691136007177,0.2295626173009781,0.2456609626020077,0.316691147819433,0.3427474475135211,0.26019639790628735,0.7929405793938831,0.30878915084286035,0.31872335951994135,0.42259473061125896,0.6666730263485885,0.3857812710303105,0.5159933560733636,0.5443876296080105,0.35312964003215674,0.5264162503565211,0.2945391916084895,0.4598882659871072,0.5055761754533772,0.49351266591306425,1.0
0.48633794950792697,0.4001738905241822,0.4032075050021729,0.45361636011670003,0.6174953969887758,0.3139767919518868,0.3086075098475944,0.42497962528152367,0.184059431425366,0.3322566024175324,0.2982981793029533,0.5155157908083915,0.5700344130431123,0.5386429762784258,0.33986094628452623,0.5580079428868425,0.46943233046784805,0.4799303023981294,0.6125723697730954,0.5784535999510285,1.0
0.2382554498285363,0.28246490374338745,0.47128419774863567,0.38577408418355075,0.43010012335775094,0.31443962336383285,0.3113322377412663,0.7672944340092891,0.48189080142250446,0.3722378566822946,0.4001908987971472,0.799661067648313,0.5258769364371453,0.304402099639145,0.5252088339418195,0.20137766159380377,0.5271593916905477,0.4766499947028579,0.538825493151621,0.61262884711558,1.0
0.3382911034050169,0.058900002797765943,0.30781100287567686,0.288442060565795,0.3419109493908931,0.3381312935643947,0.28257020060592514,0.3657020355668959,0.6262341784026483,0.2936322561149433,0.7211911862114134,0.4837704257379648,0.5699456393962349,0.2341507925595158,0.34735225869818853,0.5653755752761269,0.4234314598676527,0.6987444517458525,0.3387707772969635,0.21875320466181633,0.0
0.23849851260460908,0.27286233354478384,0.40201516840013374,0.40839535070980093,0.32295877519789395,0.16934658381392081,0.10958480096414838,0.7184427550650341,0.45668877958120024,0.2386930776362875,0.42313966806252146,0.22317730207232866,0.41211377974379776,0.20820598776139765,0.5649690848370783,0.33415508235444363,0.747957903229702,0.47114335600222235,0.5315714856890122,0.4781232426365183,1.0
0.29891519096525726,0.17030236668906729,0.20693156670962065,0.20841001795279698,0.23752739223875408,0.692440272272294,0.5426445773431439,0.46381769043018756,0.3282655641413257,0.19767677001333397,0.5872264843897986,0.5111222415184474,0.47150582582812506,0.3507246660250958,0.39840403241403166,0.3784923042689403,0.4549930457387763,0.4219399105562916,0.3484759910533353,0.36777336447134623,1.0
0.29805019596869525,0.3717123073718032,0.881428258343667,0.3376427059419492,0.4195752828306218,0.23780999355143823,0.3473006300925936,0.328865693181382,0.24032111829789332,0.4440338370098976,0.45267724647778607,0.37129934782221397,0.5269673182959577,0.5958394670985611,0.22584482729464717,0.4515295322397705,0.5275860208563997,0.48026377234774525,0.5430675526791124,0.6335397381002403,0.0
0.2558989128422898,0.34782087604451123,0.3689981039012945,0.4672361235670165,0.21597490927724444,0.32811666631275893,0.44698187814975243,0.5662254082255418,0.22581276582160392,0.35345458966347537,0.3887139229144931,0.4545530330793858,0.4593078608978461,0.48499809665389926,0.5214434219547278,0.21661774945498757,0.6320883589367512,0.4970358187314943,0.31918313677320687,0.5129978907459727,1.0
0.26867608860049547,0.2909288711377157,0.24638714650565258,0.3997521240325139,0.4716238055772579,0.2979392275860191,0.33732018625860366,0.2950288202992556,0.3507818436882946,0.8262716568156384,0.5871371748691778,0.4910609104404757,0.3556833325112954,0.24177376561451316,0.745809591332963,0.596845577558895,0.6007878394452407,0.4750361428029802,0.5615037352748924,0.5439621967009433,1.0
0.21606385402775583,0.2667455958811185,0.8101882049232072,0.3017936552995611,0.2886472539266552,0.19217349241262682,0.5134789362407138,0.28544286474885106,0.28381296660992883,0.44492925392425453,0.67851134286086,0.53840947469962,0.39868950461888847,0.40700280667668365,0.3402186478104068,0.6852361462254566,0.52880578012242,0.21538229176026003,0.493479011341058,0.45646856258603163,0.0
0.19330028744004535,0.33050675361049575,0.2346875085572684,0.4136590889154614,0.3554323324816696,0.15853149334872033,0.2585469611442235,0.15767006814160062,0.359054957263772,0.6782820615351994,0.6079813604329729,0.5695584971361594,0.5207877177687203,0.5031531314457605,0.3104260239188597,0.6733387253773142,0.6576733585867738,0.4293364353893207,0.227124002209846,0.581507678290762,0.0
0.2893741866782876,0.7050647875565337,0.40168155459288785,0.27948963870566024,0.3027760211275913,0.286883921141205,0.4106721378549118,0.43388564143857716,0.5239577333779704,0.3627408107925355,0.6044123986759564,0.24787307031774566,0.37296534682504856,0.23287640127678216,0.2681637473604167,0.495950701469765,0.5354088156101527,0.592024804784457,0.46039140427905895,0.47031585224269973,0.0
0.31659033867343767,0.2350439084300397,0.4392642756606978,0.41816770950629467,0.4979053481885944,0.7992224655989888,0.27409805168372126,0.3226649462930036,0.23900069850563654,0.20730296591675978,0.6817712814597647,0.44967085356638553,0.4072131097745411,0.38626848864537155,0.23065693215965627,0.7080706761270676,0.5064079057821761,0.4252041660943403,0.4762842338654336,0.43759506774895096,0.0
0.3135990410846687,0.31842693787482346,0.8312216016743821,0.3187024299217392,0.3161472450071961,0.4093717273987063,0.3012714168634554,0.28156351205331953,0.23328346308167164,0.5025392603703644,0.5448672404875199,0.4375095741938221,0.5346309094925689,0.4692811569054845,0.7078917816789145,0.6012249407073365,0.3014680831782468,0.6786316648778217,0.43690817090451656,0.3386110461364267,0.0
0.6687039436739982,0.21187246702955784,0.30130348817779495,0.22400933830778166,0.2614971571826251,0.29823406483832615,0.29804924843852365,0.3476244024344804,0.3481373150434804,0.20029421192673869,0.4752417823320043,0.40776838879663113,0.38967488095681946,0.33531044137529264,0.43592004882081603,0.456348409021745,0.348485256618995,0.4478166128877763,0.46700821214385996,0.5354531622097777,1.0
0.1706894210582562,0.335296139925474,0.7068804268188529,0.26417899997050637,0.29653659904325286,0.32175509672691993,0.16117029481826772,0.39952339738471404,0.3542054225848322,0.39889344069054206,0.6169779045937276,0.42715633333608083,0.4627144534064242,0.4518412130463986,0.40667020171455887,0.4676399634169056,0.4042660097347024,0.28238270504491214,0.4916136597591758,0.584541820230128,0.0
0.38955835052675475,0.4276024457204941,0.3026623583799277,0.4699769466649999,0.38117521478207267,0.6968618339800363,0.37087245768434607,0.410267199921788,0.1960980891977379,0.23337801046527773,0.7559595589129653,0.4477369434858434,0.4611113969743094,0.1702807276792742,0.5460310643655305,0.4524101044264974,0.4257771630735583,0.5481515907294091,0.6402324044913862,0.5810409384904733,1.0
0.32886910113678514,0.4212022369377938,0.4073932817231511,0.5291557433787926,0.4482599722290131,0.4227939232786593,0.5191048126313493,0.69296507301396,0.22122180022786175,0.3575121114444552,0.6121652900816633,0.6493537931724357,0.24362035635452886,0.8109352958580077,0.5162575705205111,0.4192556882408883,0.28257632414481765,0.41473877037457263,0.5273333853565417,0.3505834565036757,1.0
0.29745159546776684,0.1600578301016414,0.3974878927798566,0.32001408580664803,0.43648320844367455,0.6726629885296818,0.4544922362137408,0.2570006777126845,0.31159330982453637,0.320822387004671,0.041649523716105696,0.63914589064345,0.5815607773011808,0.3491954963103735,0.4567908410932415,0.6196733827994417,0.32715093148497865,0.47348597900845396,0.8181247279785748,0.3833706851332075,0.0
0.35619938745899743,0.39489944990136966,0.308829716112504,0.4127312712411931,0.4081836217822272,0.6877684629881128,0.19574570499825772,0.3943486291130555,0.1529120403101293,0.2242309147434277,0.3987348890154875,0.35967107477106264,0.6111115598472252,0.5383776988678353,0.45966935654985835,0.5251496945584319,0.4666446397224993,0.48604782555598763,0.6442497818276315,0.619571727959955,0.0
0.4639526688048825,0.33465735024694865,0.28961509253938156,0.4292902388171817,0.4379362514454739,0.3131076925523024,0.4043767866745304,0.3676229680869151,0.6906183072063554,0.3102968426865769,0.6037606682104357,0.4923249002216156,0.5996618493982975,0.3760445014532673,0.23996722399244808,0.6877502735701756,0.7135643674814944,0.46767073729901126,0.48246703682698283,0.5065778334981429,1.0
0.24006509556833094,0.30700150991849606,0.09595305878088498,0.28200717797074026,0.3347570785572544,0.22180507729924465,0.21850295095784855,0.33824936598687344,0.2511932162059897,0.8046629179541976,0.6299219737190149,0.4573000003316154,0.36847430517066143,0.46685528588377434,0.7380943691049489,0.38552158251521307,0.5979560489712281,0.5190782906307788,0.4600393439296253,0.47546596251829365,1.0
0.42384059280753866,0.40549804859877703,0.8732831632090733,0.3434698381835852,0.37619972965707105,0.25701105469983454,0.3886930846240386,0.19899343550449666,0.5310814514907296,0.3047581355794404,0.6491648585706198,0.5263646093738201,0.5480745651303619,0.33390380390973046,0.7198564141042706,0.522486345724583,0.36831362216351743,0.36070806114204035,0.36253630262772857,0.2835247020819741,0.0
0.2218438978979764,0.2267627232924569,0.3381132910362817,0.7882759238811894,0.3161329961105847,0.35967553848123385,0.41099941067454704,0.4100130344055548,0.3469854545059091,0.4246210183809489,0.38498765047026284,0.37092913410600825,0.36656387550405833,0.44474171395044515,0.4183865726389805,0.5735111440883968,0.38036092189735915,0.47999754769714603,0.7162016296637504,0.5198583971702077,1.0
0.8178588058309589,0.29625834207107726,0.1915543155478836,0.33514117795334275,0.22040097713613244,0.4894093161966948,0.3501908329184275,0.321141088345311,0.406917539521093,0.35573342177244077,0.5325794801048529,0.6452740560318415,0.6190582618071431,0.15604903896847022,0.5192219406686751,0.5088009638723378,0.6216422235615455,0.5388726389499714,0.41512426129844066,0.46809025200404125,1.0
0.2394329789630601,0.3925565010696457,0.3390144002316117,0.8702545205813695,0.5128834524182906,0.2377398782272951,0.26720600664198463,0.3773204061373055,0.18897290380704665,0.3701527958505709,0.5775723003213971,0.0958078131087386,0.43427587483307617,0.2927176728390549,0.5361592648636417,0.36816041381211806,0.6101560369196944,0.5888488218656414,0.37180489184360516,0.6620627526846156,1.0
0.3974084812143305,0.6838358060795795,0.3622417508925612,0.4453680852638122,0.41927501765539565,0.2715377605009103,0.28112089918597766,0.28538848817835183,0.4206836798899414,0.37038381781236546,0.4000125601949195,0.26295316631549803,0.1920885662288157,0.28692802162989317,0.6492894064722776,0.582717858895967,0.26950431035964945,0.7265167079850854,0.5281277447219965,0.3261004916969492,1.0
0.27087353430352484,0.22161032481212775,0.2995338272758926,0.5074583084298063,0.24104779769670265,0.2559564226646427,0.3939352466798684,0.8016518498439731,0.32250516096805987,0.2552266018684131,0.7710524500824852,0.3966586183743229,0.5251113777133563,0.6161715350793652,0.44708353467569056,0.4838515129877492,0.5704568850871468,0.6663188152623162,0.36206672272990725,0.5040017850242196,1.0
0.2840797996336582,0.27812079671385637,0.47526573440122555,0.41304162886012025,0.7442378825371792,0.21096073682146232,0.27813532851985256,0.22609585525213288,0.2621220568887375,0.317315858256845,0.5104499960863087,0.4934196311567727,0.44657592968925,0.4252289774531291,0.36738654298641077,0.5098455997776328,0.813337243555975,0.3949767572516767,0.4585054787687574,0.3869050278883114,1.0
0.40959617159261463,0.3142183505680183,0.4423598090906757,0.255724950344977,0.371761317170077,0.28244934029901936,0.7034587451816912,0.3537820464756596,0.3328175892209241,0.4239465618496165,0.4662810334566215,0.4353447777807052,0.44865565108706396,0.5795415521763103,0.3728048918294262,0.7013837862451272,0.631414155490818,0.4413385644379711,0.7252888881570227,0.46144968134806036,0.0
0.2156502848552378,0.34988096725488604,0.44378818515453816,0.37562829154583244,0.24110547521999476,0.2974078084107233,0.3206610959397405,0.3368396681248231,0.34104746888386067,0.7535301270090498,0.7973497812307139,0.6966450571599385,0.5949369570805432,0.49337988113007925,0.5034362081563196,0.48220604348688434,0.4770274343034703,0.2650221749701243,0.2745589576869667,0.5173658795856761,0.0
0.39946980896436124,0.28728946432911034,0.3952397289919193,0.3794568610647032,0.6996001321042877,0.29427511162633396,0.3153774628907401,0.3866280170056798,0.21175946720064268,0.39206751056946015,0.6939006798354711,0.6175047019317379,0.37780190845310924,0.5276673170474365,0.41633008671112315,0.39275293565320646,0.4016810114306337,0.5148407177884219,0.5580381751374003,0.5881145720421332,0.0
0.3119492185173261,0.26796365885289486,0.2102520177290768,0.7802037129150021,0.3120058514036961,0.2769225865989534,0.21067974503757267,0.2535105201991096,0.45848074962500773,0.25586743996798345,0.4993565955648194,0.2200717038012111,0.381012302120399,0.6913316154996688,0.5996616892815831,0.642734000911746,0.33523279675175577,0.5647804394548297,0.1925351035984031,0.5190581356548555,1.0
0.29267900877809055,0.22567463315646796,0.239484254980599,0.4267851147463144,0.3645265274455111,0.25437498132431025,0.22867707758048686,0.31689686414044854,0.7697900841803417,0.4521989751164036,0.5872086051006042,0.374346215828557,0.36503084969318017,0.28304403647090326,0.5293754557390352,0.5583794115065558,0.4845928972787699,0.5698092826260058,0.6074357743053596,0.669948234845345,1.0
0.30149949437640683,0.7207216653143331,0.3886285580055077,0.29439721154629245,0.2651598128936292,0.42204429854344866,0.33062040788866254,0.3517647937594591,0.2538114524933911,0.351390362234285,0.38236213456548307,0.4588186490558362,0.5857446534757738,0.4136090633316808,0.5181967322237444,0.7769003211426567,0.648186595808555,0.4779866021392317,0.6396020736641977,0.48289909784653007,0.0
0.5908342484156961,0.18053933834901809,0.2912604577482514,0.35430716117759326,0.29808150352502455,0.22961724423359708,0.45886718013871697,0.1962038904158479,0.20176066613426483,0.3263927792890534,0.43015182424810416,0.6316811768097049,0.3596778496755313,0.32970727733990424,0.5301200132057219,0.4399193614807567,0.4742805815456121,0.42140923654642837,0.4914521083867172,0.4723105232224594,1.0
0.44607386421375356,0.6551872781658734,0.3904984497286261,0.3503128857097693,0.35098596320176034,0.30391874090242554,0.2464796530493239,0.38492061866712957,0.27246576629208835,0.27354024624610535,0.4218188644273355,0.42475322796651355,0.5045686128618687,0.3407745595819937,0.619960369076719,0.3894826588735764,0.4014874897730431,0.40572225311630034,0.5990638440668645,0.40613937487681384,0.0
0.36594440369161674,0.6182260479692139,0.3232277582128408,0.2375165725798283,0.33189360694791886,0.2866702276489551,0.3007882331922226,0.3934980714751824,0.29961097270954373,0.35219713127630764,0.3469897246588949,0.4842575454665805,0.3885355192945796,0.5644138106793997,0.4422502761199532,0.39282173507135426,0.5305127307532354,0.36799994320333307,0.4155783992457056,0.48997202291890124,0.0
0.316437390717218,0.27839541453743283,0.267943164161238,0.3837752732527857,0.4271013856047643,0.7505835569654462,0.18663005475392608,0.22748318784911398,0.44148600341345723,0.4346881949437442,0.5915747407818318,0.5047136524966468,0.5892090946060375,0.47831461522713814,0.4376994084435229,0.6628346165339328,0.5515553118683938,0.5383783134883623,0.22123935560875552,0.5496815060125285,0.0
0.3179179751716798,0.28983940445905576,0.15824294681104353,0.4437940902912876,0.6702733534893486,0.17444057852534628,0.28600582055131785,0.42650677166391504,0.36933719811421784,0.19514762159179616,0.7157461342166993,0.45438779656186296,0.562038904161624,0.5027259510332482,0.673908615937191,0.5684171232304529,0.5415615630117399,0.5675546627220966,0.589388702874458,0.4701764621205766,1.0
0.30007486759650265,0.6562445228766611,0.33225895366497005,0.3370616932389578,0.33188360265896416,0.3386215035593911,0.46069826259622637,0.4155180850532322,0.251534146558854,0.3069558588416022,0.684324559529236,0.3879372829396026,0.700337667008437,0.19508316683376908,0.600782982908906,0.512570443714319,0.5107643129254048,0.3477057483866059,0.41904049142693567,0.3030992025655782,1.0
0.3049197544314339,0.3694323084174805,0.2775946803537291,0.3443516087686644,0.633243861394903,0.26274477010150876,0.20618013201895513,0.39318218484439627,0.2660786194313606,0.2033678245297504,0.33273762524182227,0.5154306899403608,0.49492058294973384,0.42596381304657005,0.33191042675537324,0.3333013987198035,0.5685347001230496,0.3360217804121799,0.35058603411736017,0.5289277878119057,1.0
0.27394369829468784,0.6708848619872081,0.3025959030650104,0.4502754565619232,0.2689822915874306,0.3484338682755919,0.35060647597579725,0.35338936886357974,0.26768786217388324,0.21633775315284692,0.365694371973323,0.5835371956103719,0.37016549053287473,0.05661691361776339,0.5216973506338621,0.48523690870309333,0.6523506415152633,0.4733360735882572,0.2924733323667865,0.5329403467697326,0.0
0.6389632667233245,0.3484504842215679,0.37359210584337693,0.44758693992327625,0.484671987238487,0.24813978296944847,0.20551611332449393,0.3416698715226698,0.49796972646246723,0.2839343675297469,0.4136480983931712,0.46153097726059644,0.4909597893754519,0.23886418911880736,0.5986352507973647,0.5795554528050324,0.44868980440896217,0.47297546313882266,0.4282877763056801,0.4752687483256636,0.0
0.3849147231524025,0.1757082268236333,0.7096358791812873,0.3760340987417528,0.27676274198398576,0.172904357846884,0.371619592526641,0.17087354342246766,0.25495009634533655,0.25695188577977474,0.5672425334410042,0.7531279011749086,0.4477744952702495,0.458027794573338,0.28144317284915843,0.40633819268700155,0.6301914362868138,0.44438692316999534,0.45285508386995443,0.6454154177917191,0.0
0.2672560144869267,0.27482880664941517,0.3026503728053039,0.3317156301647982,0.36838517546140803,0.3887580317110283,0.18476730405883152,0.396398408700425,0.2261177351791323,0.7032566519930913,0.568655286910508,0.4534188554879538,0.2743702670220067,0.7304254829871878,0.4696903947037648,0.4886422730550912,0.5113665191769973,0.3581470049171501,0.38158377043540265,0.17615334067278432,0.0
0.2601135243178159,0.23640882357399706,0.309262485880765,0.29117185597316575,0.36555641936896155,0.27254773098175694,0.248880942490579,0.8534647108464432,0.31782159598204884,0.5148677078509226,0.3868766915122728,0.5026207307682622,0.611911574547566,0.3614241399213324,0.5533744221816221,0.40978119095581356,0.2747976172819657,0.4158297634883932,0.5710350086381908,0.35021158831790505,1.0
0.12686045302708962,0.2700548836055644,0.19569667738354385,0.4016224360510873,0.19052083644609397,0.45196918630412836,0.3671902890500655,0.1055412994900608,0.5812405864335822,0.3326519205509377,0.45094905740877006,0.5820093579518164,0.27461807140732597,0.5437465298966876,0.5687046790383308,0.3793442490355189,0.5665543859227398,0.5275811414530929,0.5474639103470955,0.5166768768450571,1.0
0.3598276786347466,0.22482452566260608,0.3568335660642804,0.1964802328462088,0.2912942247306576,0.3668616395577699,0.35936100577322866,0.3419987897167881,0.8990607004536819,0.33752312632459663,0.6290173730669971,0.47870968175969575,0.3341150200015092,0.4900516406819051,0.43439506200584194,0.4875752962288821,0.39877265233795056,0.4393615392103491,0.4670156268421187,0.3082537710703322,1.0
0.3292910395368809,0.22104014325012156,0.2993054251995449,0.8344338170626704,0.3492355190795568,0.43275383795147077,0.25986897997467057,0.2833335606084288,0.45963470442580096,0.4751958219244223,0.6199094084108612,0.4236193040357974,0.45246796915247023,0.30622255015883426,0.5215762278237542,0.5192402290154821,0.4646784897778437,0.4181553237449106,0.6319085906036837,0.3946707778242563,1.0
0.44570808988899413,0.17641195276180255,0.39764676996624726,0.3672257851282156,0.3068747328815612,0.6728343831467916,0.24560467553577825,0.1394550968289814,0.13726444575591382,0.46432696275282603,0.4934599140318797,0.6668683214774421,0.47480939540766975,0.5119511884985586,0.34016461138639276,0.6791774731476964,0.692488338392903,0.6431704320097876,0.4019212964072737,0.7044756141204642,0.0
0.4406319275587318,0.3163538006346632,0.31337513948577034,0.45341273342263305,0.3198743164413817,0.4069546177351584,0.8456328865165048,0.31688963826920746,0.20252899532484342,0.3535385758316305,0.6642797260055037,0.2560044074339334,0.5610959680913304,0.3437083549772979,0.5323556645063042,0.300282901938616,0.4000871967600638,0.6126933943002947,0.2085391783039553,0.48526288186825245,0.0
0.36965701458975336,0.31861160000532596,0.7841868859127646,0.3922159269481602,0.3052019743519839,0.31384288894117884,0.31152329606697154,0.3188381227455923,0.3799148768379588,0.29210673690140243,0.6020027293572426,0.5745518312041635,0.2904427944700475,0.5626004577088384,0.5919753217094191,0.6085197528883657,0.48389872358199754,0.6216244088330838,0.43780943216833224,0.37586466750834746,0.0
0.209524454790616,0.2200205471806283,0.47876923967251317,0.8798327573323707,0.21658664700721253,0.23499560068472586,0.3376741487975888,0.2936888194129277,0.34894781732866154,0.3315093105284261,0.4664219133529208,0.4961441308956829,0.5310059577293506,0.25075771963800747,0.5912567418608603,0.6147824577073359,0.43467448012967214,0.5990622473840236,0.609354852721908,0.3236487645314027,1.0
0.4064096545326455,0.20870355005517183,0.7061374598505681,0.30347227986111314,0.29305951478933384,0.17203619288144129,0.3761509994848734,0.3554379274866626,0.160819882530338,0.48435844479392365,0.5772059387980932,0.48143500179028753,0.23454429427936718,0.466330897783227,0.5895699694691571,0.8101992236675578,0.48984449471277836,0.4797250350460132,0.264847189160757,0.40617500630596837,0.0
0.4561245788022603,0.41478561560322724,0.44046087209687695,0.3018055819616297,0.6626024139216079,0.21892251997713258,0.37086976982150033,0.2943326806559755,0.3233996349545545,0.4647305817825394,0.6033877858591921,0.1760187222178054,0.38127513348710357,0.507604373053449,0.33406414070202006,0.5559510357957546,0.5152265376540397,0.3473865401581351,0.3617701432056965,0.5782247304876824,0.0
0.5186594160907206,0.38969098448943196,0.4905524708130288,0.3708239218130105,0.19367945973886505,0.30927268981887934,0.2539745865781218,0.14633897271468593,0.44146954978543884,0.34864257537381704,0.6378796921847222,0.5792760768680355,0.6509945789335507,0.2826171040685055,0.4810901070795994,0.46948897914310606,0.3272067613595135,0.48724745522064816,0.3848912352122661,0.26332407022379506,0.0
0.22833565619582075,0.280433457614488,0.3573090353217302,0.42959168565326855,0.7562973496609204,0.2895296774908545,0.4450418577030764,0.2825754664564287,0.26666831970612254,0.23898180944929462,0.48358418405756665,0.5655984127776509,0.42335149134698535,0.5694307690709497,0.5016115092734694,0.6497540993810874,0.4551450120469618,0.5962120298546497,0.4655745146212439,0.3083270472214776,1.0
0.31686486577826256,0.15940716016963874,0.26662854659382956,0.39240097392051726,0.20329389303341117,0.390492230342803,0.354007453987194,0.12343175360393835,0.699223982299015,0.22738327346456585,0.3728605069204776,0.687593724004524,0.6939643174915864,0.5123947867120918,0.6193556038969468,0.5647362555190109,0.544404686985907,0.4328099001413008,0.3819411991257483,0.35943169330643704,0.0
0.36629450976811284,0.2712489327446629,0.3119022841191463,0.2339909191470973,0.3459801066439231,0.2543996010891592,0.2708443820293095,0.7237798881170421,0.3088444168472716,0.26746007236210134,0.38351793291066666,0.41343619364041634,0.5461609797830014,0.39380777059416533,0.6498611061460013,0.47362538052327463,0.26803410349801393,0.37184848214605754,0.6170781796987513,0.4103443426762939,1.0
0.26261362308162983,0.5062985380678913,0.714233451402218,0.3064946065118519,0.2879785647405758,0.32638471041471856,0.22336181858580878,0.32605608920507606,0.41500721389917195,0.32232815243787954,0.6840777626822601,0.5291866842383534,0.3943068507619282,0.11557674673537682,0.40020379708738496,0.6247539720354843,0.6061185555983001,0.4373943963050364,0.3157644238920736,0.19392169609446308,0.0
0.3853390470543087,0.38662967186506,0.24690584397046,0.32341538681484505,0.7452747497955101,0.37055018745740353,0.4089613940240132,0.32279480034095676,0.4382225260905416,0.2696982722939697,0.6461932392130276,0.36484217417091497,0.6356350775365591,0.3818178352911012,0.3333989525850812,0.6113671588338566,0.5937963321607668,0.4706614176828303,0.36811067159236344,0.4188828799584672,1.0
0.24885557772771483,0.3234703072488711,0.3050971283996562,0.36198707615894554,0.3601305290053613,0.3824018654601992,0.3236350173064811,0.41486731905618773,0.5279512854774768,0.32829074633049554,0.48135860348633286,0.587132051373056,0.614897427090412,0.46085860505685855,0.30744392012553556,0.61291910078699,0.3964715135172801,0.5574157075213202,0.32861129518257637,0.3445041131588764,0.0
0.3407594844925229,0.3289548566390697,0.28699735682304384,0.603512456975246,0.4296988370122969,0.3411417969918244,0.17787709337956992,0.36887695219762734,0.29969996877056115,0.3667447263722565,0.3451769299824462,0.5019420065074615,0.5436177459649613,0.5368672616158223,0.5770889189733843,0.44660823486858187,0.7277368250064924,0.58371647949494,0.38928697602000545,0.2587209776014888,0.0
0.2922380779558396,0.2692228061608495,0.8041714475824959,0.39412227360670227,0.3228213498141215,0.33016334643788176,0.5103840545279308,0.24746596332038184,0.394593666862135,0.20275783578505724,0.477296546717611,0.613116803505789,0.4507273123216716,0.45032834355637896,0.657418136379016,0.6474223830382619,0.4463324289268499,0.5309041956201399,0.572113073008704,0.40190247796640066,0.0
0.2959043039063279,0.24642647621226094,0.28239014116292754,0.3317566579346449,0.346055046784565,0.36660630337594113,0.3003571306377602,0.4684888249777759,0.735184962737325,0.3189356590026339,0.3927292472533832,0.6670146341638485,0.4948227529776369,0.5546341451269805,0.5990676302702476,0.4838492269352667,0.4432036344239446,0.4865555052429524,0.4767597995958885,0.44571766542036384,0.0
0.2520154553203725,0.677470737765119,0.3518928488994466,0.266872074923415,0.4216538544899401,0.3446404881005311,0.335156843855695,0.20624944482829555,0.16901538282954856,0.4397592379203171,0.6225577575066523,0.8182489456329103,0.5019701131378854,0.3517259280880003,0.3618650297038311,0.42776879616196717,0.3140779810835052,0.47826928097689275,0.57074556393221,0.40495149652839096,1.0
0.5527035733288868,0.23824725113864295,0.2759294593413334,0.3100131226856341,0.3378254237931322,0.22224475836091165,0.43455558401319777,0.21038881688630798,0.370729499308676,0.35857563584132035,0.5014426627332564,0.33803491521517937,0.4769628383112338,0.3429662516484987,0.6839808476617119,0.45308869160831455,0.6705709320353412,0.45722881760734546,0.3158381107301177,0.6133187563491083,1.0
0.43170276792490325,0.37161148003930256,0.24018629775631917,0.43202231133692715,0.7676406304202563,0.49431693877489213,0.31171150264113406,0.3269466012696849,0.29521437219326024,0.48009085147977787,0.40899151736518047,0.4594754576890904,0.5396703324166287,0.5106739271081704,0.5123769324595521,0.6847904303025363,0.2952857655505535,0.6315285288381044,0.4999466076032685,0.34216605569332925,0.0
0.3815411310311741,0.2159558936558593,0.31152882127916304,0.40124173100009275,0.37356235882904293,0.35677146627339024,0.3196185563286199,0.475869506478544,0.5034478093869145,0.7051450440247141,0.3679792758331324,0.5038360493913832,0.4954302345416606,0.2849943479039476,0.4242582421743828,0.5738409043179318,0.5928532330075986,0.23914415269489833,0.4265354867638642,0.36043125062185705,0.0
0.22294772942565608,0.3316398384926011,0.3146782146064931,0.37021003496927224,0.3429603246073082,0.2899489669301172,0.223611252028601,0.3110445054533451,0.594029724613659,0.25983871775151457,0.4737853109334344,0.4471579629081037,0.5752646833014334,0.18325473589983549,0.30585873039427525,0.5909124131018624,0.5412865620478297,0.42647583217879864,0.3523800750378375,0.5440360911155946,0.0
0.6806309980855169,0.3040861719095727,0.1696900198048084,0.4329602546020662,0.2590123480243416,0.18698608066889538,0.19219505140819526,0.2702494169477518,0.38543196369188437,0.3713485462842344,0.5690947926547739,0.5780058279308233,0.571803903068087,0.5030250080131562,0.3447737730791902,0.45067869201458566,0.5410454100685239,0.5787193003694837,0.3865499970853637,0.4463109766103798,1.0
0.33241387703621944,0.2533287661374119,0.2518261838686568,0.25534411024031983,0.19084412236767356,0.611236709959652,0.19850768653866444,0.3079079716445843,0.38442806688252096,0.3592049838541825,0.47339352227614256,0.6426124006144783,0.5701362266847676,0.43863358213903714,0.6056863557637316,0.653725287152721,0.47794711379233823,0.5752368689086742,0.5272883956753847,0.5175181479472232,0.0
0.36193156344757954,0.4077569483530809,0.23766105748311012,0.34012947831575957,0.357687575658779,0.15983176185843437,0.22313283137520534,0.34226456660520227,1.0,0.30174145188531226,0.43167848574835477,0.5720221561786505,0.5551089062475713,0.6142392442951327,0.46288361819027873,0.5138924203426953,0.2843005847956557,0.5529251696964179,0.48376815816881774,0.6892500467711862,1.0
0.6794519010029718,0.413766642810432,0.3518219557884288,0.33402613275997245,0.43295233794792076,0.4093158606804381,0.21326835947000894,0.3559015081147528,0.18217800786973945,0.35621214111318217,0.5304255101466344,0.422750315102433,0.2849517527759631,0.5121710841196447,0.5913543513772512,0.43180228452443414,0.4196944196997284,0.553822671413965,0.6906794220233163,0.5859107716921144,1.0
0.20155538060723127,0.2376644824771314,0.3826214795612617,0.724663208685431,0.46756849890958807,0.29616692559784297,0.3554145954973282,0.3505917115391558,0.45171142468864867,0.49246209553201337,0.35909285318968864,0.4367513738999358,0.6624662331609694,0.4229058881549685,0.44396137928420487,0.643584762854549,0.3117487486925396,0.43312301625256455,0.5243088260002707,0.37614745574391506,1.0
0.2679331079108375,0.3414147356672421,0.4155785541632875,0.37895402329559436,0.228907992332904,0.24297932254599583,0.25965969993949617,0.3522884232815111,0.2895495530866915,0.7722906988808537,0.7963225983135307,0.2739167486578859,0.4630036147347054,0.3704238464557871,0.5274522352501411,0.7693391531820077,0.6465412970001265,0.502602493518801,0.6221338788558239,0.2759592265961228,1.0
0.3651759618513924,0.3089903128152482,0.3052418557938519,0.272760436455891,0.4421766693041417,0.5546703176693264,0.21080189876230226,0.34561499264228124,0.46711386265286625,0.3301173024487947,0.5549203865625666,0.5874828554864121,0.5280793792650554,0.4110553445521106,0.48646724774098454,0.45035252282033283,0.5332425888419402,0.5328083973093685,0.27158599981452636,0.5368739619653636,0.0
0.29156897082819133,0.3130731076233138,0.35961479192225276,0.19944339137819211,0.30438203673286374,0.2809286277509083,0.589771922224698,0.30925851534815835,0.372862611950417,0.4606951995932444,0.45198347422234736,0.2232192768175793,0.4639512434768646,0.5499726359034725,0.6643554193953176,0.48487245200971163,0.5940620530472079,0.4382238696818857,0.43906294120282924,0.5097280412187845,0.0
0.30257254677467427,0.14298000734095406,0.3928380325163047,0.4876197824961439,0.3742865322292789,0.6958017548959106,0.283015758738127,0.3562772312638407,0.39282986609114484,0.2792254046788553,0.4326191136418135,0.6185456164866667,0.6043722961352348,0.508354762277689,0.5511876295653699,0.5474937144898425,0.2736864098059304,0.7681844771116937,0.25249372307315227,0.3017133972084638,0.0
0.3378971349692904,0.30365688133147645,0.2449573771433851,0.3332617867229711,0.24088071740565326,0.2853465850319812,0.3440804632695627,0.2825894799183406,0.4047285410653089,0.786942009421222,0.6623920584161381,0.3325284232474286,0.44677817163125766,0.22580134304246913,0.4035641624117958,0.6950141744219083,0.6594135936267442,0.31952757084727623,0.6420353033988402,0.5588566372113679,0.0
0.2775537305822705,0.7035518320041757,0.3552429015094132,0.2619905653609441,0.41769959522428335,0.423611246641437,0.21364189036033607,0.3866330852147414,0.25830872195380616,0.44101001810658286,0.6315584629182478,0.47343608823720645,0.5764309709276834,0.41332866589240086,0.3503767714994246,0.28714515506544736,0.3916569712294418,0.5839937614661952,0.3968907511803479,0.655687855774572,0.0
0.15279361791800417,0.2086968075955728,0.2942011581574693,0.20241785965399045,0.3706903531620528,0.37628172662996645,0.7466801669958604,0.3632407948188012,0.34658437070517667,0.35568463862924654,0.7545165903070759,0.3818184631591819,0.42433499630312993,0.4058309289316897,0.5472929971350272,0.6437198330399029,0.6783256603907729,0.7041138878476051,0.38622149998570665,0.4727992102169305,1.0
0.3573260355703628,0.36038883965228674,0.34711932679255436,0.4803706436264523,0.3717731516615288,0.7528085752831466,0.25309993889406096,0.3323657966566601,0.3641739793673908,0.2868558410493219,0.6154206941773577,0.23150379590647024,0.3422800980428874,0.475267976236607,0.4509276740665419,0.2861528092045621,0.462064140055755,0.7047942391686445,0.5497609733031519,0.5526042216677223,0.0
0.2701780623833764,0.31502108485861485,0.30685130370241603,0.8548671008579857,0.3796198176524277,0.32668242722975205,0.31266521095980354,0.34431187975989286,0.3558138000503228,0.24457153973313006,0.6235420614836367,0.5222203667708543,0.29440582091777207,0.12439661774220007,0.6849229067172198,0.4004176210508068,0.40604134942081666,0.28403355121684015,0.38286234378865924,0.44758705991322617,1.0
0.7594001981270215,0.2933058843245356,0.3305794277878775,0.2611693178945077,0.4153838751261883,0.28490315801401844,0.2530741678767549,0.4285100399890832,0.3999455157729377,0.43455986634358357,0.48010996728183375,0.4609989110074795,0.4967639090180763,0.36692972586882744,0.5737114677814055,0.5834166005066258,0.37171589538496,0.4648179501560229,0.4670403669410764,0.6612231634383344,0.0
0.20314549288615905,0.36050910141988,0.3093610389024501,0.46516596271067273,0.8039109273110803,0.25947402657343155,0.32563582323044205,0.3386496483283087,0.40101520828213466,0.4361025958377261,0.25121411673702637,0.3842179848062655,0.3628118569880428,0.26634476825898823,0.7903425746953406,0.48408022373638443,0.7826829931362632,0.5322882342795296,0.4143584730270358,0.29840497736016147,1.0
0.44530761814680264,0.2955993126530603,0.4534124664236298,0.6213199225232462,0.7992003396962872,0.20212369628777557,0.23436903774186907,0.3406575492197054,0.35009408866810265,0.32490094117350626,0.45370602463460014,0.4977442348928561,0.5689059169872795,0.467647396422807,0.592559387946764,0.6340782027331289,0.4081299255425447,0.4183260968934148,0.3443540815660705,0.4720781488894211,1.0
0.3919484708464953,0.301540331473484,0.3154246830856968,0.3765249971019162,0.2997329971464454,0.3388715008822451,0.7824053358315677,0.29245138035495394,0.3180076945590915,0.26175921048398504,0.49093462306817487,0.27467330619517294,0.5472816398224998,0.35338557765403,0.3870594958743805,0.3981781794034746,0.566504724694717,0.47591464175147047,0.49637635595276813,0.6197241257751326,1.0
0.2611444773903895,0.7116927476389088,0.3741504303446847,0.3922069441429713,0.246656124467873,0.25193325186983545,0.1838667118635196,0.42740536204589313,0.23794735857703084,0.4313146643898834,0.570658101931511,0.6866885690376583,0.42782516110086644,0.5399716167776748,0.25992984578774003,0.45827229617716825,0.38712097611654434,0.5420012578603628,0.7127684381776094,0.2687428138099273,1.0
0.4502251578196352,0.7794667912144041,0.4056141594041991,0.35677199340055143,0.31233604020688577,0.19434303198034114,0.24106037297324162,0.31390651497055,0.28691794732911463,0.3835447621272896,0.6350659442286731,0.44989578628364807,0.48921749557275906,0.561802207233075,0.40893681600202797,0.5773633496521762,0.3845240274866573,0.36358507927054284,0.5336735057690497,0.34723924170727355,1.0
0.3947481347665992,0.3071988055114442,0.4764873615503609,0.2648051578254968,0.7210809071723676,0.23076926656440375,0.2990572657273117,0.32812789296092126,0.3804027958634734,0.3122378819450197,0.4242130805112607,0.5750513381331285,0.3653207049711291,0.6238860148579548,0.22245760227422107,0.6856619507452708,0.6879794022638801,0.3685647862054814,0.7083146353141283,0.3637759140903892,0.0
0.22336370647141957,0.33561711335145294,0.322958204644405,0.42725181085440767,0.33811667628768416,0.2675631858532729,0.37134389693139314,0.3667477289097187,0.3663641709980895,0.8102373005297102,0.49023084980042153,0.3692091485794904,0.45755177645422496,0.6151454722326783,0.339419995619474,0.7310769907253645,0.6548836425498477,0.526469483359099,0.5240655788383448,0.3339448800507601,0.0
0.3389712042075938,0.38507443828327026,0.32115525380722104,0.30150287172610096,0.4431241422319453,0.2705422189191187,0.28206765370263426,0.4895075856864051,0.24306673200357565,0.7187073025424164,0.515101556166928,0.49736524311224817,0.33101567419167166,0.34147380967887786,0.5255981496524077,0.4777098913384656,0.40347006036477034,0.5528835573937741,0.5125831128849992,0.4350179416636884,1.0
0.14912748018566344,0.3100617886161565,0.232870176905072,0.760668603704814,0.40624519022396927,0.27128513014418826,0.36844105474112543,0.33327215524842485,0.19432166778277404,0.3738210210947378,0.4897778501539922,0.4291083920568976,0.20174712943038486,0.46805836374698645,0.5643203976099689,0.5556524658801142,0.28551854434883395,0.3896634735306639,0.5336539189261208,0.5226986539249636,1.0
0.3099230431081472,0.34078451665174625,0.3660881416456615,0.3679321527538273,0.26767335443723944,0.602316681462277,0.2622779824344174,0.450751307642116,0.17723842444076612,0.23974197046674528,0.49092415638163467,0.46378803127792717,0.6236813406493968,0.32477733419959176,0.4780632539998601,0.6174751012538401,0.6873507720069245,0.38936621021684276,0.4564358808719959,0.5504820564357364,0.0
0.7222971490236209,0.33391544212040025,0.3948364794680413,0.11719254632306642,0.43488443319508335,0.28335607751329017,0.11326399117875,0.19910605255426367,0.20159431834286462,0.25619383449848454,0.5060755648860112,0.6084321921934065,0.45768880632735615,0.27654450975385303,0.49841794969356534,0.31046302927070346,0.26134455470276435,0.35559510213970325,0.5437421582585474,0.7209016769433647,0.0
0.4446748172594954,0.4114100238748806,0.8595169972829285,0.27235975125491596,0.3360578671972269,0.344471071733599,0.26648592302595653,0.3738380136938066,0.29274741245399083,0.3150073961368478,0.674011267771577,0.4988102620290264,0.4871558322227032,0.3144788550555712,0.6620659444589392,0.7107645299820825,0.4827000198995315,0.555190206444797,0.7760014984927635,0.390934933188944,0.0
0.22484440835264363,0.31830901328960615,0.1815539684793243,0.3663986175973048,0.3381840452834171,0.32953065135576337,0.7959343181699654,0.28479623272882226,0.3650019031119808,0.4993945714486473,0.41836917780415633,0.4444245230442925,0.6319950367900314,0.6220512161148358,0.4979241872277018,0.5333228776970216,0.7841086722378694,0.5534506946269045,0.4384065108295433,0.4058985561316712,1.0
0.4188242960233677,0.2593277872607758,0.4792491435369698,0.25040342556981243,0.37647425288984054,0.25485578623971555,0.25349821007671525,0.329786560512446,0.7705106650079694,0.3697211168618607,0.5289999412955412,0.5307111536994957,0.38128300059574843,0.5322480983006979,0.3533047155964323,0.5399255543671554,0.32423527755845283,0.7105871218659017,0.4740917348664049,0.5684349981321313,0.0
0.29135289710171625,0.6925774099857083,0.3752394913019127,0.3825194876216613,0.2860499618249759,0.30690324238381406,0.13768385055641147,0.2654451828479687,0.33228387410471627,0.41075153087370186,0.5408809935051528,0.6074763732717755,0.5298613042299226,0.8481143615956821,0.34845229775389486,0.39997571811216615,0.7439482361083003,0.5619908276549148,0.5605440170591725,0.3081479764984194,0.0
0.1635681126606723,0.3419185028092343,0.2926752576592684,0.38480514713036856,0.3236169075632132,0.4244791251258562,0.3544602763395849,0.2509794761340293,0.3176927367770657,0.6254963235127766,0.4613299281120358,0.38988488353761436,0.44172900810742716,0.7050491497623401,0.5496171303375369,0.4151255460332912,0.33209733922852175,0.4859196945695642,0.26135185179862586,0.5347311580056958,1.0
0.20025089539567975,0.1980361202738134,0.285422307593847,0.32880189299109025,0.3116689510680459,0.6844419061302718,0.3235652070358174,0.3770481880533513,0.29014644902259656,0.28364852661897233,0.6739350554534586,0.31763768175868456,0.7029706974918762,0.3922313916593729,0.5420165998601492,0.5094763222466671,0.20061647626922757,0.5688114926242694,0.6421024058112397,0.3905297100279188,0.0
0.8111751993282493,0.2522050097231626,0.33173823595717794,0.39873869113758115,0.3457632751021459,0.20992294660582186,0.10966257674533875,0.3048078314169469,0.39909651558727394,0.2471312986474587,0.2777678210915761,0.5109207164789845,0.6248470965565129,0.3666998085161293,0.5778062841414361,0.588321308170153,0.4531853227366676,0.5311088916109641,0.47090214295463334,0.46029554878133905,0.0
0.23109029002038012,0.7710879064776012,0.3692222980753184,0.39404634025304375,0.487185813686829,0.2720435362407934,0.5490868020886392,0.23637979249225605,0.31028266283233474,0.400640562263094,0.5033345358383345,0.5432135902440741,0.6046850978789103,0.58509567498288,0.503571954576524,0.31381557366660606,0.46277204919330583,0.45647298602661646,0.31670696676622545,0.5400672977672705,1.0
0.4959481609962122,0.32845318267845003,0.3403126500882718,0.38856950249007394,0.5189571051824534,0.3047268350078498,0.49157621448196126,0.6704145609981569,0.3620553803527686,0.38134766725675734,0.7186901543525035,0.44318012043557214,0.5385666526596794,0.3710887331115771,0.4503031257241864,0.7251394788358221,0.44069018330379917,0.544891068143078,0.496858238438987,0.5073610218165536,1.0
0.5973909144128686,0.18941108289889488,0.4628005637727981,0.282250541176398,0.2935946799850348,0.2933454320429556,0.2945878030048286,0.2679577456942669,0.37082803153665844,0.2736039640910357,0.3703593754749782,0.5194565395462216,0.3980115580380369,0.6189160790881424,0.5223435065936597,0.4279260871300618,0.6059816416989932,0.5575264691724021,0.4213929010126803,0.41557480297209654,0.0
0.6647808437028879,0.395567507855179,0.21007926392039497,0.5022697027263985,0.14210354519950105,0.26391962749516384,0.2543336132048588,0.3213014104953236,0.293569293195272,0.2683639311875935,0.387288619702328,0.6480335352089333,0.5733131734006687,0.19346523157727202,0.3300078905378548,0.6568615409573082,0.5546354013218266,0.32906707585909056,0.48216758975713675,0.2905373929883287,1.0
0.35445641812020706,0.3807507889185514,0.6012413258092841,0.2799577713068713,0.39693173555304606,0.4519887927765872,0.38448621133937794,0.37998181900985667,0.4177433422999113,0.4152974593222302,0.6427583318054105,0.7165297102760301,0.42219134938548863,0.3702062490470745,0.36789721270705644,0.4917577087128957,0.38449236449449004,0.45109762406501264,0.6099124102421262,0.6180283703450815,1.0
0.3588619322760142,0.2185874728460591,0.4643139488390553,0.3356095519310244,0.29823650140346797,0.3478016035683186,0.31007195932478093,0.4311618322065829,0.6645215494101901,0.3795815963371362,0.7225478268961925,0.44373416976315866,0.7757636528575296,0.5879474849554245,0.44488636877795584,0.5856865282210036,0.3888852282313981,0.3886155416155653,0.5262586042889602,0.5401437288126258,1.0
0.29758632305848987,0.32317679158758994,0.4430517804427098,0.315482039240259,0.25766232772461783,0.7417407692238241,0.30239101460531853,0.3784096613062474,0.44880333181840953,0.4348542801845385,0.38995363073668793,0.47070828773148427,0.46662816144665975,0.6039488773134426,0.4789681736343003,0.6782567295740262,0.5722569711604695,0.5300641488057588,0.31448965066760154,0.3637603937807683,0.0
0.28948370798994755,0.767489991701364,0.2544715427675487,0.4109105391551207,0.5473061945754449,0.3432937112488214,0.20606555914004704,0.22095513873990724,0.2223370936283206,0.4670342226830261,0.5452702138366143,0.21215196875403053,0.6609696923568287,0.6779399281665155,0.8143616901052706,0.6345795566105455,0.4978261773360047,0.3529612759843059,0.576507299053393,0.42008391570119735,1.0
0.21076670621823368,0.17684181699091794,0.3905166869740754,0.854010689568297,0.2712236024858573,0.3077358357092205,0.38956889595808597,0.1825440963405125,0.3781293114326451,0.30873442177311994,0.785464292846628,0.5011386015722459,0.41045488045954837,0.42273535338873547,0.21577400521514306,0.4798669526639923,0.41116607028547175,0.6483600255409949,0.5031955079484889,0.49661983254555864,1.0
0.38841188298885554,0.5702624636555598,0.35567242842547536,0.3932308026718916,0.24390103663557577,0.41642554010558097,0.27954713781761,0.44808273597438547,0.3479037075564463,0.278150176864325,0.5790522880630387,0.3833374321184259,0.4296662589510436,0.6000668933651412,0.5854005840454589,0.6459755464931125,0.4092345487695693,0.3084790493897692,0.4159828198522792,0.45538242610134966,1.0
0.29472768769913776,0.17975506285028797,0.35852544298423866,0.7980900958952538,0.18415490777757024,0.4012219849804932,0.28921819263820725,0.41485827199801567,0.19224180290784923,0.4106257161532591,0.47319322885146115,0.5192095480464074,0.5003381039195802,0.5133476183244065,0.4283329365881071,0.5255899610337949,0.2867033898327783,0.3707295147224867,0.29276214385551225,0.7722127973831135,1.0
0.3107660658988535,0.2367979151760285,0.34741130469068726,0.36932950377120366,0.7103097379623806,0.3192203264496139,0.3225714609201489,0.46113592693876926,0.4140375964732842,0.23766488162854105,0.8475374848133648,0.38783993072135164,0.44746975531158384,0.28838306186290863,0.44769080660521465,0.46254656768336155,0.6670321527028766,0.3662727074091029,0.5595996676891254,0.4700935713173581,1.0
0.3123228299310553,0.3624688224685611,0.3151430271072785,0.34767049224864705,0.27326342654078395,0.2820082547167966,0.7303612989065507,0.3670078857468231,0.29800045166125827,0.5477451177555288,0.6036659181890369,0.4196777282951013,0.4617053020197721,0.5248857765531582,0.37127057552633264,0.453999105055241,0.6451529379452536,0.33508713456645467,0.5532510508353841,0.4473984797455727,0.0
0.34321461641208056,0.6434705679438297,0.4111620256503797,0.2985084685623691,0.44103647001045654,0.2635341317696225,0.32868382347456804,0.35133241927817827,0.35403203526583976,0.3723662223554658,0.5521750137966754,0.5343591697582892,0.438213335856397,0.3844334360409455,0.5209918089200329,0.665631633957281,0.46097931845329543,0.3096125803548846,0.32191228737905264,0.4043611231285226,0.0
0.3153513259035112,0.2969566979130394,0.2610517532751591,0.464137730704275,0.182985088178964,0.25447361471284835,0.36771484460713433,0.28201944351463065,0.40226902730745984,0.8947753421210138,0.453468923734312,0.4663958448753453,0.3314046259537482,0.29002956623984544,0.5691833279001395,0.5286147317824168,0.4375167394711249,0.5191585538710227,0.7147259935443396,0.33773625460394185,1.0
0.24538879107155387,0.32816534607003234,0.2732208833778157,0.30629607008272325,0.3485309816335855,0.3314456511407316,0.9332855172300586,0.2892239620712575,0.3970966014548821,0.4527489394268187,0.41866486649852164,0.5385387243054734,0.4019157332551231,0.3457614428513898,0.5164917502874677,0.324303876912187,0.3950491324345923,0.4297969216380107,0.4134139104732829,0.47809161228879654,0.0
0.2678612902425497,0.18547540618513922,0.3859611426935276,0.3129495983518894,0.7174219972567527,0.3332810649575151,0.1872421075167599,0.3736473240178778,0.5070269337788277,0.2900975664600301,0.41322537618931643,0.3991942730660781,0.4806977162400563,0.6165879587271044,0.47872565101491626,0.5759466438639558,0.5800870317808613,0.5998225907470777,0.4251644865328254,0.5071962247450321,0.0
0.36360335005112676,0.37428949214799845,0.47585102179019034,0.421704333329176,0.2653404904307857,0.31268313670531306,0.3510069892589216,0.2535896695764056,0.257118765397136,0.7611630329258882,0.5878901302273974,0.5173985112512599,0.4911479512740703,0.5547054138862926,0.35870771254070016,0.4009140576729274,0.5320019961411445,0.3862747703074102,0.6071225466563066,0.4604994488251843,0.0
0.42991990897890353,0.29296091477512054,0.23156048979468888,0.4033987216884956,0.2788339301252325,0.2814828387414479,0.21057136917330044,0.25854647668286684,0.347932182314763,0.6974652419974041,0.4355858295178662,0.5725775619300854,0.6568978083850532,0.5008683115144021,0.44851599774209516,0.4995525190265293,0.30285072454807066,0.6576265898885859,0.654349778148462,0.46183765316663655,0.0
0.525706925582426,0.35863987005441117,0.4057078839000871,0.3325258316175807,0.2099980039015178,0.348690219893933,0.3731824062397088,0.229562659772991,0.7872966207309112,0.48373398050120364,0.6551471581518389,0.5394997475222169,0.46606357479275506,0.5337749535940334,0.6052693978964155,0.7169597653821821,0.4672925069080896,0.555682511898185,0.44281184669365903,0.35844730940210734,0.0
0.6824467401445978,0.3039123998554522,0.4893564852370017,0.3121113304394553,0.261038671136343,0.23387982002956492,0.1970590251770973,0.377242852813292,0.34609099834392076,0.2847605813846723,0.6396054634385941,0.46001172531685464,0.3552082120631927,0.5625500247084779,0.3829340401119171,0.4274051411367563,0.46599274235785926,0.6097340920633278,0.446027014832947,0.5417032539482267,0.0
0.4250451007904198,0.27205794000807315,0.2931432029405468,0.7002592887432494,0.2502821650926746,0.3033973531535912,0.19602992024696775,0.3996026230698567,0.24353082784423258,0.23646660715054846,0.38490250403143234,0.40496544784337285,0.5004759562552417,0.5362567871424778,0.6225704057045003,0.5328680602390348,0.21398119553681094,0.6439174063228421,0.623348182741636,0.5920145227753648,1.0
0.20537132752954657,0.36522157620815043,0.38659228218334046,0.2582199357181,0.4070646264725605,0.6732152368672828,0.2545216185317815,0.37767078818130667,0.40697350311480684,0.4193967552104184,0.7070372167950882,0.6271086722348285,0.6739845007504116,0.4844130049121838,0.7570632596127111,0.4493944470765381,0.751373498711367,0.5135231177083583,0.46610355227728123,0.25704291435607207,0.0
0.36045608195435064,0.2575127533042325,0.3429953101364429,0.33723411143435295,0.23984729876832328,0.4414247204134987,0.6677805618135808,0.32077142983557366,0.18281151297629333,0.3077920142610533,0.42413986920649543,0.24782199243737837,0.2918791268601637,0.4016097700257868,0.3627203314561393,0.5919984195931676,0.240409987738545,0.5893009818477472,0.39581093666173656,0.2835128526305214,1.0
0.25346836575424714,0.683672627167049,0.41080127252692245,0.24832301687031666,0.24679397690412996,0.20216485135187762,0.408275914208983,0.2589804049391256,0.32690805465881034,0.23499215091229528,0.5373125677420497,0.34860392682264285,0.5029525988042854,0.4684244199869975,0.6227360095406691,0.5745788798564607,0.44034922953761835,0.23906780828430246,0.431208311465858,0.6257428855595676,0.0
0.3667171612178707,0.2603463665758685,0.3594337459274373,0.3170056099569308,0.444781369351456,0.2610432382298749,0.3279593840725587,0.2898265805562569,0.3716528848280018,0.8429397549359142,0.7225555250910236,0.3028433104022388,0.28151763828372106,0.3727498553968655,0.5964070733762127,0.50585126576566,0.47795058824877823,0.3693465675090526,0.5167493991900394,0.42881388176198854,1.0
0.40160695297451415,0.5481256505353004,0.2749607029215949,0.21437588342459127,0.3322549792873655,0.21364378756170804,0.26792046889698723,0.3653776214707628,0.32858194225700316,0.3742282741035966,0.5943267688090383,0.31517847579265046,0.6819615547519967,0.6337973273931572,0.44622881448048746,0.390163050660248,0.7468320249943661,0.4988803782471095,0.21187960895393693,0.4223070635648526,0.0
0.17841126679745617,0.24959372702846283,0.3570340470741721,0.2879573223005963,0.34924412024017226,0.2039885688712268,0.2633280062594825,0.5197257127222662,0.8481836556400755,0.22783437805258638,0.41361279422391894,0.6212818471115593,0.4887325437775109,0.3350912473740771,0.7690442176611688,0.4533869733117841,0.19556062989946776,0.5273938067424844,0.5219296045083276,0.3842485408783944,0.0
0.21424738323039885,0.7109204202862398,0.5484745781594698,0.2645348864703267,0.36733250434190806,0.3170825646378147,0.2811049782970412,0.4402558581076367,0.417354208840722,0.33845174897952207,0.46632175206260323,0.13081792630585465,0.5136677083236834,0.3112439111074199,0.2779807039116557,0.6147492755115169,0.3964794524644468,0.6528221548523567,0.5775080032765368,0.5106833251769405,0.0
0.32571735487844655,0.4229861674495904,0.33728984634363673,0.40913581845062874,0.34503690618580385,0.36962245247870223,0.3703839336175447,0.6897932894753693,0.48573076029984197,0.28548406145827837,0.37124731834262303,0.2918785167130715,0.5276659538309586,0.4813314879818622,0.444567833960163,0.4711142221175068,0.5603377934764955,0.44763904496430884,0.6361157326579348,0.2650770534022565,1.0
0.7007796065037185,0.18347763399225603,0.32398804088114147,0.35273697913547675,0.4675015979719291,0.28775644516420895,0.2551625900762764,0.2122734431636108,0.2924867611961766,0.3342293041843666,0.5502388016640924,0.16558358678493768,0.609397512755035,0.36848808905019215,0.42925397324155523,0.3562330429001048,0.5740311935880159,0.43462992819884055,0.2637491841044246,0.6004722534491872,0.0
0.4521367294422418,0.27545990837083284,0.32154993234502594,0.7074742858484724,0.25860933030214345,0.4196755875776901,0.34523810018010004,0.30210624416408716,0.2219587697356441,0.2057971626257217,0.6305992891764766,0.2942660136330762,0.4535748019423162,0.4323713785974282,0.6445928621820034,0.3720904278711783,0.4159049054397782,0.4398328039829397,0.5371578273674882,0.5321844191462072,1.0
0.7943324692599154,0.2405723416785872,0.2729059068910784,0.302481261135147,0.4448579048423258,0.3452842320932445,0.32938457318443837,0.28279061708196873,0.36882112345723106,0.3022814974731734,0.5061722041727948,0.5880087129643724,0.49498365429473773,0.4392716866728243,0.47152886983775183,0.5593615578743701,0.48448259520915116,0.3866625096321699,0.5780361457424439,0.37236788204251847,1.0
0.4592436015034093,0.3078859909796923,0.3369904669730972,0.7371553650442952,0.3722222425414271,0.2460262621907196,0.3261966576904517,0.4368827627397218,0.4062269786484247,0.24162570099895692,0.530879286473132,0.552785310775802,0.33613773390043444,0.48369119445923514,0.28055796394178134,0.6191117028112122,0.49819320730733674,0.4211533775319132,0.5018573537406741,0.2084436889842552,1.0
0.25953938814347033,0.4328394675763746,0.24879703619188637,0.7790117376136394,0.2683299276498944,0.23923103392441813,0.3951171330059811,0.33141188211217193,0.19148650897031635,0.32196387203571747,0.5999769957894758,0.31104936309446324,0.5785124810559135,0.43076680525193894,0.4679551390136952,0.5238933582654053,0.32962423488870884,0.2101320431641962,0.6286290256289166,0.37902221682113035,1.0
0.3651816826583735,0.3651108870142463,0.8622223749997465,0.2622751863511424,0.3578320047581073,0.21313585815507818,0.22190291512920465,0.3138255806501881,0.3605414657018946,0.3877138017550484,0.5924633362442235,0.47089117480418413,0.4467092516583568,0.4434792474118127,0.4059807625540154,0.34888848061219174,0.6176563406192337,0.6905187321028976,0.2931312981672941,0.38130351640197896,0.0
0.30239106184611786,0.627462923325255,0.35514677070027517,0.3617092977012761,0.3753181040800465,0.19507760221197734,0.41311044330747737,0.3448561978216234,0.4551937445810281,0.37932529003089704,0.38582014692771116,0.28674987943399777,0.3831480307375862,0.4147015211130073,0.520940035849534,0.5996562908550853,0.3792433414762123,0.349311698575601,0.2314466330731821,0.486716577748585,0.0
0.20295130242200227,0.7544042143256626,0.3689001861747491,0.23891020773011717,0.20959837146695307,0.41240396740697505,0.2704127642155423,0.23632397147028517,0.374149751759989,0.2769097242590565,0.6605650986467504,0.597764417228383,0.4612866170137929,0.3853991205195724,0.36213037281978666,0.5732182289815251,0.387220048611862,0.4373364049565192,0.5641968168958625,0.40338183343466594,0.0
0.3109818190463633,0.6331659847199544,0.4200977553944482,0.328108027335014,0.25075494788640984,0.4481538485619624,0.36579748644825977,0.3287758561200051,0.3493307016017201,0.3769869875982079,0.4526345223720856,0.6146326554541093,0.6451494690661089,0.3845140191466507,0.5914237754699347,0.46895628793863803,0.4234412901928306,0.48269864393657996,0.33699967648731144,0.47094910646981214,0.0
0.2570896378405034,0.40314406259550367,0.2878551780589539,0.29752426910527097,0.2761760792670269,0.3037749077861072,0.44704975666339253,0.7435453058034982,0.2113916026700872,0.2556661421753231,0.33706274590314306,0.18688223324521103,0.5157047252763005,0.4445896640704855,0.4442440229879099,0.3045856942991175,0.6322837848810746,0.5118660153960515,0.2201819234342505,0.33850623665333024,1.0
0.32276233691055645,0.37392776916380077,0.30368195039409857,0.4216617320735049,0.3520387615229341,0.25784442863366464,0.3933268229108136,0.38487113465092526,0.279488988510694,0.748508821948386,0.34431009657844824,0.27015682822758147,0.40816041013670623,0.6344986663783991,0.3331134856638873,0.723318092736301,0.6093882845325876,0.43251993115990783,0.39893056571456786,0.5762088361647955,0.0
0.2729285718922366,0.3121769419183666,0.37094989308992915,0.2897269748193688,0.22951075250371264,0.24845554660805708,0.1740713967331059,0.39411790984192296,0.3102525143893087,0.6714976213451984,0.5067944230721957,0.6443989671407244,0.44712956659672365,0.651433872164889,0.44306277386765225,0.6170132313837131,0.7411384422105799,0.5678964248093017,0.35235443883205386,0.5103923207313744,0.0
0.3146850160802583,0.3578537690202458,0.3125668449844758,0.2715754648718154,0.4032449477584192,0.32455451778111505,0.7333335815630995,0.326168046765091,0.358486072517452,0.23514003814104828,0.5369106272608466,0.37780492355443274,0.4785011203719656,0.2604250978557082,0.20702537722267783,0.37782883248889987,0.5428341619018064,0.37736268922547783,0.39826140275467425,0.4482920006644902,1.0
0.3491264448192656,0.3897305551253654,0.6987436163787002,0.4363440484121081,0.1971934520275457,0.35005277703963367,0.2671292212648042,0.29307491270095565,0.33981449932408203,0.39921642892187953,0.6454353599236183,0.40703221875643814,0.3753156745223614,0.5727938247224915,0.3404094165483892,0.6161491246348116,0.40168554495460945,0.2244932977080688,0.40571660856441916,0.39081604413499677,0.0
0.21324925083799243,0.281270875569526,0.28420872215035703,0.32903296105103835,0.2445160675298642,0.3264814450999734,0.14974542008219155,0.27881386104685313,0.7995914531245369,0.32874492269457134,0.5159609637137724,0.6758706351173994,0.5261240488795043,0.4670520407393549,0.4091823456498188,0.5622996700408591,0.5105421018470195,0.3821339579535201,0.360401425980746,0.5186238750076934,0.0
0.40515102565302946,0.2965909016257759,0.39236459535579954,0.6092865091249756,0.8086741227560873,0.24145254194663895,0.3115592422064272,0.22420637202077653,0.23191820034378846,0.402981612706069,0.4973195875160095,0.43972010781844945,0.3913349009876105,0.2912678531867199,0.45345238091228246,0.5415849268320083,0.44367850107545254,0.2678053630776758,0.48863910918921494,0.40856010392116526,1.0
0.3301115666627629,0.1989394075041536,0.7548366599505623,0.4415795919895668,0.3358986602982755,0.34227002884691043,0.31696837156708085,0.3487154051003912,0.192407766060226,0.15762083482094902,0.5820844396457534,0.5258777846397433,0.37493229828074537,0.34796917513993975,0.5733489647407946,0.6544044381359766,0.528128987953626,0.4032628257151225,0.3119966852871563,0.5294795704452999,0.0
0.6650249864145747,0.3332955780941819,0.3273224743569606,0.32008760069549447,0.31704214112140855,0.41002257829128896,0.4758267745677739,0.36710350826254473,0.2664595338941761,0.3156629540026283,0.585304623527839,0.5623521836534717,0.2539609906076636,0.5161696922176369,0.6500098882677618,0.8292651993118656,0.4010159649495689,0.46989554991007065,0.4491896207533487,0.6593468857443315,1.0
0.24489049370561078,0.3759925122995893,0.3100623186284993,0.36564529637931287,0.6753508368957388,0.3201484614164422,0.3516625599452941,0.19033082513178828,0.24351435607172334,0.28983116407167425,0.7907928186084783,0.27259640131841223,0.4710240695929268,0.051903356782703025,0.43357702419764793,0.5221339937827998,0.4323445512278176,0.46166318010366625,0.42082508912552813,0.5424708487825949,1.0
0.25718004712121584,0.24688544718653302,0.6024150804298956,0.3456838218616722,0.23495504709983073,0.31841484400133496,0.3615060231676926,0.40239622187460633,0.2546486155955781,0.2763740095560401,0.6079194889098869,0.40590952975771055,0.3000324115562823,0.4881905912147311,0.44407568225662136,0.5329891204761065,0.4974539294595129,0.34374710701288175,0.28346567823965263,0.47669859356792027,0.0
0.18087325780709365,0.32164307769313216,0.48106419498464176,0.45925729949777194,0.33455682913565304,0.4241407174845865,0.3769910496824478,0.8495902427916227,0.3493075693241094,0.39345082855929714,0.5186032298383068,0.28838123062622584,0.3745659457872752,0.6655602954011905,0.6303317845920519,0.33330725502201686,0.596962058543852,0.27944295110063333,0.4783173241083729,0.391027567876037,1.0
0.3631349264814316,0.2938305335015947,0.41679104251556426,0.3944165469764186,0.7657622682457057,0.27575702897444027,0.19920736281015566,0.3812076947497845,0.3123962567257487,0.2763210799705001,0.5303588315829845,0.44503267580875727,0.7089052220660012,0.30758838407308337,0.44450676107487025,0.5604878674763732,0.304797615217572,0.3217117667201067,0.4204784383384727,0.31089998904266236,1.0
0.4171823740310393,0.13240715406722606,0.34975864059213657,0.3205509132811311,0.3669540289613345,0.3794390965302589,0.7424751821768537,0.3966761946173427,0.17730267808610944,0.2971876479248043,0.7263604574500715,0.35476321199629446,0.5730265039407365,0.44489094412883035,0.5537206048450716,0.6442700091999525,0.3964526365427263,0.649922771759519,0.3871125830826412,0.36081397909648416,1.0
0.27995169335154957,0.7316777725457084,0.22968091073685365,0.4194853581334064,0.38609085004746296,0.2800601933397801,0.4438439205400281,0.2839008569810788,0.3495536204513272,0.3573976387682031,0.5881275419776191,0.5164180861462196,0.6759546871717601,0.3517032582822256,0.6375256746944988,0.7033992435738267,0.2960425595191014,0.6047622535662186,0.4460535700156589,0.41819267292809365,1.0
0.17118972395917537,0.3973633168275406,0.2563230296148022,0.32941090729425554,0.37155732326453644,0.27599764799713494,0.4279085955379637,0.3009193640060397,0.37298095611156157,0.7866132017032156,0.5809968274759778,0.5394634844316842,0.5695697778348039,0.36233979077295586,0.37892431426069506,0.6251617387695279,0.4397601616299462,0.5731210051084795,0.6580029569891009,0.1944654700991968,0.0
0.25684391576682536,0.3518095510128419,0.7860569641038924,0.2560595474895874,0.3210737765775468,0.3300041447214229,0.11784818380168996,0.340988485859648,0.28903431882582276,0.3078934698021152,0.47006281995515664,0.5679772539548203,0.36907251888272374,0.5932140298400617,0.3262465334634697,0.4562986587331705,0.4217799947070039,0.48322598186792937,0.3921873163149648,0.5520658674610442,0.0
0.36289790345873657,0.29439094267734217,0.39134701441938463,0.35560195959997115,0.6901338393519205,0.23326707524402962,0.29298191667107476,0.23753197592112035,0.3405147913305685,0.19049032054437867,0.5098809771548785,0.6104825528298072,0.618402162178925,0.5533803613166246,0.3199877904465088,0.33150530679774265,0.5780926881441038,0.30270713254729786,0.3005709252014599,0.3643125297749699,1.0
0.47388606183771276,0.3223003631615865,0.7395464112770253,0.36933039612250124,0.2196104845031039,0.2371433644808564,0.3196715825896544,0.4023042199721357,0.37426445705688305,0.39260043515845605,0.4709192714586059,0.5362398068785956,0.5323255138113605,0.22919730828489077,0.4000454107762713,0.6190963799680436,0.8099316207724793,0.44389612352845936,0.43683163574839234,0.23318432189131116,0.0
0.30655870711589234,0.29500353175028193,0.2949977575710264,0.3664631942544421,0.32577215405072174,0.3515972473825971,0.22158524044910444,0.2576408897916649,0.7966353404732855,0.47682082400442116,0.6152187181505865,0.4303752163622125,0.5025501548117814,0.4253914619671298,0.49528890660900315,0.4866043998012482,0.468318051450823,0.563149717022084,0.48753014234233616,0.4843855058410178,1.0
0.38977868518103115,0.2805970810233217,0.4022760315774406,0.2610907899810278,0.8479075365014066,0.338334669559237,0.2699767774007322,0.3251017304459602,0.29729163805128694,0.3281601602558415,0.4755480254511845,0.393037097849799,0.3924273173200856,0.47074554151914905,0.28144202806992125,0.3866753949386133,0.5429098309128761,0.4582989452656149,0.4070428827950328,0.32335904788808023,0.0
0.7907551005784625,0.19912289149591314,0.27674182065112674,0.36386730865676786,0.3345191696364711,0.20350168171808114,0.17924018457105292,0.4921999584467385,0.42254436303162196,0.37803566392529675,0.4517580348163381,0.4534522122677321,0.5044425993902458,0.2919647147832267,0.39016252588867084,0.5857929151231571,0.3279707464552359,0.5554890050270476,0.5188559749077392,0.40529022456756797,1.0
0.8673721990042806,0.3299458484828459,0.33396804834836386,0.33102905423886986,0.3608956941627655,0.24407824706863734,0.2761406216438843,0.3858991698030547,0.4419949340690783,0.3789181756714997,0.43921957719599514,0.6205848664711839,0.6911030373596376,0.3551651315458034,0.5565439543384805,0.3427267567725374,0.40633006140214484,0.3273559044635944,0.5888970836879497,0.39926954139686144,1.0
0.42408228373276036,0.263695438489102,0.37981701817923585,0.23028598261302752,0.44848252942132255,0.2552400837339315,0.7420243707343217,0.2024003983342479,0.24537882729321442,0.45723208807593974,0.7041792593956264,0.29211792782301804,0.4296019646074018,0.330783640822585,0.6005447737328022,0.582302649265217,0.15415810718219414,0.5020876169961416,0.8373614108627822,0.4572748830979182,0.0
0.2546275661891484,0.3039454446212217,0.28720208936174996,0.4264991238764606,0.2905840381167166,0.2721775653698668,0.36357347913816024,0.23949900504780605,0.765545285704331,0.2526525372554862,0.42821984588025674,0.2534365975382069,0.3291862561918607,0.3099620105688221,0.567778239316955,0.6273709300112857,0.5626937675813823,0.4716651649512049,0.5854121403141956,0.3185210029470722,1.0
0.26580360425452826,0.1900631872040947,0.3895836579814068,0.3167153681377955,0.34012083205110916,0.3089573178829487,0.37026300639762316,0.27614103368793536,0.27228640196837134,0.8223618438316592,0.9485816314267047,0.47371362008825296,0.39444195772536816,0.5347913906598303,0.43491642078010845,0.32160943951077636,0.41691145534255303,0.4003099609703008,0.6604205962634873,0.524520074420609,0.0
0.31535449713741837,0.6949483363575881,0.3503486421541276,0.4754671785247396,0.24970996233947212,0.31670363157517645,0.22112543622459976,0.2934199836823974,0.3452569701489436,0.3817496174864179,0.6818861795933944,0.4230436835620747,0.4626025322106308,0.20689449266651314,0.20426104896653252,0.43415918182234803,0.25929373165081054,0.5307498551052192,0.3552890294596416,0.7518855765247245,1.0
0.42892868095116216,0.3451047307418137,0.6782023994515474,0.27697734847926164,0.36402298827320934,0.41974994707947877,0.13091707438572658,0.3210144452383561,0.21194949787012635,0.3535939077482281,0.6369635348329927,0.3397469605591762,0.6407280307079615,0.4577585849826086,0.4457370606096629,0.5527847998885076,0.4483337333926747,0.3288394406970817,0.49581348342571097,0.7250557508005978,0.0
0.3057087154057502,0.17281617075330002,0.3838342574356045,0.2295946469603829,0.37429786922441194,0.30322664456962983,0.4261422428599193,0.6875620384827215,0.33149381487731944,0.2791667710408494,0.46461860568481383,0.3280686749510577,0.33834645687648723,0.16824672525795026,0.5926076422529625,0.44764068876585117,0.723388036646239,0.4747891487410063,0.43193227411984597,0.43976308184923263,1.0
0.3684512226991993,0.27891007542051,0.3570911839611193,0.41335484415836876,0.6070897544012466,0.5208937187045641,0.2286879934261754,0.2829866874225272,0.37313599919339024,0.25764687441226874,0.5042391677623947,0.5823173788083799,0.3693910356899187,0.5636865951571262,0.5197918984370312,0.5530518819146204,0.3695699234348501,0.6628385418075111,0.33744275814554564,0.24633769892370774,1.0
0.3207858975565012,0.7559466449625949,0.2936681122218556,0.21453109432972522,0.3820919474986288,0.3897249429951186,0.3417205627787279,0.24693131793464546,0.3816065311913198,0.3908154724709814,0.32990713870503585,0.5827105050846179,0.3687664721511024,0.4396761449169661,0.4380274898166159,0.4458390894619876,0.33066793666661864,0.664203403936403,0.38224712274808714,0.4791315531704947,0.0
0.3509401551809829,0.2436294754126243,0.3309784615051677,0.34661248995146104,0.3257394721358698,0.7872057025757344,0.368498510488532,0.32310099544652815,0.3889023353651825,0.3052543913362932,0.6692405777553951,0.5716912239198906,0.25832135810221546,0.36422545401770257,0.5441165488473988,0.34577554852535186,0.6069632252997115,0.7910042431775838,0.37470081963590396,0.5008042225043624,0.0
0.7978705529853334,0.3236875339092433,0.16536033287635987,0.4058949649240421,0.3029444655153512,0.18032912323317687,0.3541619287914155,0.4235441355291522,0.40358997898318294,0.41307827741102865,0.4562275063838691,0.6584905525466831,0.3103202965631904,0.31914885108403435,0.2732460190334981,0.6439842488530132,0.47183073694688926,0.4900475162271392,0.5545316378972847,0.41599356270829724,1.0
0.20124562790528325,0.2538153455309241,0.3290635413567607,0.26585557957566147,0.42103490127297705,0.7635035171186924,0.4702923308675964,0.28417307982949513,0.21163630633427022,0.30885132927784553,0.6275165859185279,0.3702468670674677,0.7127149728423678,0.2625715244757352,0.494298271325734,0.6717607699114359,0.20359499144208998,0.5163251075001177,0.5330595039117308,0.36134436698245265,0.0
0.3390229909741634,0.3845596387576159,0.6439672746684096,0.1481741873790948,0.28775439907597217,0.2474540021121011,0.33470684393727923,0.2326212956187848,0.3278390291958948,0.4119684723877931,0.46333666948858987,0.287850819359244,0.5622557954388094,0.4455420844491827,0.5035305609325739,0.30894019730960587,0.3350224938094548,0.6971527960757717,0.44848275971567575,0.4677197420344197,0.0
0.3617930928671977,0.25345316051265926,0.39258107317682567,0.25093540906543116,0.32249169145488604,0.38145442669302726,0.3778656185899093,0.3804913079588089,0.3272403556649345,0.787794321971595,0.2845773764258642,0.41466904422328693,0.7875068773328975,0.5317654342682748,0.5429959567577526,0.5278047620081491,0.5860178524439641,0.4196715417819344,0.2819937796109854,0.3302649105622565,1.0
0.3558578451465443,0.24630805102588488,0.7323816478151175,0.29257869900385786,0.2896685682962165,0.2633189151725197,0.35044244928165996,0.24799671044447438,0.3639802917227874,0.37501021204821544,0.5813707454539492,0.7338415265613238,0.5488593423085362,0.5967219322481763,0.5116926754439493,0.3617041952096693,0.5808366373855742,0.6020487018859619,0.41180574933755504,0.4922556348452639,0.0
0.2561716485181315,0.2401886304006412,0.21459021142440532,0.31908580603650794,0.8041632016230493,0.3024313191630643,0.25919205943423107,0.3138377783302887,0.3093845279123441,0.528205237716872,0.7172765511466472,0.49224445040770776,0.6496807477894786,0.29263992203372113,0.4450980289649007,0.5970946901674478,0.2700910890049327,0.26534759063400193,0.23707736164969578,0.43950669352630656,0.0
0.24737089018538816,0.38978440191806285,0.25266996300316413,0.40077199086879695,0.32643774431831685,0.4054129233985719,0.2504920878522097,0.1069499121643134,0.16227827093303643,0.8650336240598857,0.5813297005007515,0.6783446331539313,0.4843064848807346,0.3551665729448063,0.6973460043501274,0.689510822688364,0.33469795727328006,0.43370827504334225,0.4041111181392769,0.3585755387345072,1.0
0.3456913795057655,0.26456503671680603,0.772408676913312,0.4407869115882352,0.45778053864193247,0.28088605622186696,0.3876010243071608,0.2372993282259342,0.18697784533641781,0.28871342600647154,0.4068142480621972,0.31453253328384656,0.41929715621059993,0.44058792026988297,0.21434390858138708,0.5671131315733444,0.6155982401325312,0.3395999260631347,0.16224621354523328,0.6645318757671377,0.0
0.3563117892806808,0.4458476835382589,0.3205739630091217,0.2683898202291565,0.30222178270381755,0.5487683245109871,0.44983915098683447,0.28934978902103076,0.4057757869368375,0.21480394361537358,0.4991712543294506,0.5826668935129968,0.33146339470511466,0.24259774550830687,0.6359063140252506,0.6698748666368669,0.39594404347137857,0.537075977693175,0.5160624777465641,0.612110373651101,1.0
0.3072298535405873,0.6617282009118308,0.37549030770822545,0.2913569753994916,0.3545779227212719,0.2960974777440307,0.2609305175790779,0.30283941889184257,0.20875695096108515,0.4142169903874406,0.6709425327717397,0.5109080012382955,0.18767256291795836,0.5006909328842343,0.5255984672319907,0.45143858336869147,0.4728715472791845,0.49894135579404575,0.41482943027681835,0.5132387972085451,1.0
0.41060142014311984,0.32378421269186797,0.3066575351390727,0.34367158067625886,0.5076665326343512,0.7873816818836548,0.24720520438867352,0.17032185982158995,0.40726764785290004,0.27755136302255046,0.6900063624241739,0.5904532292594703,0.4272654426565722,0.522815577025544,0.6406607983699372,0.3842228644412745,0.36850462164271647,0.6791136687785858,0.606960085509588,0.5577207406776765,0.0
0.35746279720283286,0.34828374250493027,0.34773772336209285,0.4454538615719771,0.3590251351864948,0.3552466241551853,0.26875772342299104,0.362612935836526,0.4810807821157792,0.8070305935306448,0.33194946975635253,0.5098829615934486,0.4137422297763638,0.7577162274918929,0.31764450218408213,0.5382013395882441,0.37992317598246117,0.5194376882504486,0.5946745198529274,0.3038677708287667,0.0
0.3732047615155438,0.3014044482685702,0.32635235957666614,0.2108413617717477,0.360804586201385,0.31716484417540486,0.8101167755825275,0.3837660272193757,0.1431845988719979,0.37466432719153486,0.36098140811552476,0.5729082242742275,0.3558149001791944,0.6693652595286621,0.36434286976897967,0.5465729123574795,0.371941332958716,0.6265945294189302,0.6499326428927468,0.7664007079877075,0.0
0.32416879172269414,0.23020332528112414,0.1019359795211551,0.31147623571717775,0.21756797809470718,0.15123117035867023,0.26252478337450547,0.16248790345848518,0.24951826368232838,0.8165481037074018,0.4592159001527043,0.6787721497465541,0.6182637503797255,0.3684438916735293,0.30295037137174585,0.3325669413187021,0.5567910759386142,0.42839045655563335,0.49386726326826963,0.21678212792798707,0.0
0.1583342999800416,0.26504402423432405,0.34350057438114595,0.3451613404486312,0.3267538673953139,0.36038250257059745,0.28751800038416264,0.42548319031213855,0.571562294779614,0.2467365924812567,0.39621765329378483,0.4493526568957373,0.49951654008010515,0.50630106282222,0.5421925876925808,0.45736625563932176,0.45899546306575817,0.5237827195126121,0.47685729027289203,0.37086600963463556,0.0
0.32602930376835243,0.18090539603162126,0.3505789195852822,0.7458755960372645,0.45402278574022037,0.28559727861170725,0.38888354686643467,0.3553078626223202,0.3101433756269215,0.3689928544775956,0.6312273406685973,0.5623009636216059,0.37969967467603966,0.484642451711213,0.4154087437397015,0.49355376455245464,0.6319498025488474,0.4829697360478081,0.4321919997441226,0.6201724267224858,1.0
0.4225844367790797,0.5930908846782581,0.2592449760643413,0.23420082352198135,0.4452598594092584,0.3265509228565484,0.31523142032815704,0.36878523412272357,0.32490719107030225,0.3727144831857187,0.5085631031470521,0.5797001344851784,0.6290193473176638,0.3098045609243931,0.6481249453863139,0.6706034867650881,0.5426417918461005,0.5336935460951365,0.21413126863622606,0.40586761575442754,0.0
0.3993232770450542,0.43019122927246795,0.4202711962931562,0.38346660972735924,0.454623111718643,0.7155436572944203,0.18591208740003148,0.3978007946677774,0.31479482335322895,0.3204821464423006,0.6319284842656654,0.5025451461021729,0.39704289390284286,0.2651746350568971,0.3217525873188344,0.38604255427685036,0.5475611757820685,0.663849515167642,0.3740042613167335,0.5059763884551671,0.0
0.253442698363072,0.27209642374762005,0.29988893209862344,0.3741614489714326,0.9066585364632485,0.42919478419735146,0.21539539465560842,0.29324698425266954,0.4342703928841128,0.23477874544043062,0.5596636075154254,0.4273771446169913,0.4310610275215442,0.5289317217437719,0.5052991883039275,0.4709556230242646,0.5270721604152663,0.40339717373777134,0.5664399444764299,0.4126337651072788,1.0
0.3121496501799536,0.5869279281741013,0.35990085055443366,0.49934104432783155,0.29107344116447154,0.34975894784374906,0.4448815151425102,0.1864210704111717,0.5184684042519394,0.2796339579917688,0.4312918525021968,0.4646358934914092,0.3576053059189192,0.4946669957140982,0.5270255545179151,0.4211046307604949,0.4373012688199117,0.2302400124440216,0.43666137721343967,0.3999512328643825,1.0
0.32566455878248307,0.2453767053953546,0.7293951423347219,0.4401799948084857,0.2345557512397501,0.1734106618156654,0.31588562911223095,0.30931804588409134,0.3204694831210899,0.3179853557928507,0.5898107270944133,0.5854700437111794,0.5069278274999469,0.2632603361278676,0.45682143738182845,0.38968735833222035,0.36319292179253276,0.4367647158000525,0.5897730714520937,0.4686112718643794,0.0
0.4441498724119172,0.32542768849075926,0.22307773524382746,0.37480604873180556,0.41697142216721905,0.2105877474722566,0.21366949431278387,0.7446896626638292,0.4178943442392943,0.25735822367336336,0.4471566883643235,0.33974903659312167,0.43238521375568467,0.42527307236432854,0.36696322970903383,0.3000801655901354,0.5400608540769485,0.5345546693745012,0.429131984664414,0.3662700147860146,1.0
0.37436353914937165,0.3649270746842613,0.4383380588618614,0.3858061536074984,0.2380713959255188,0.35869815990323856,0.2296362036964414,0.1448342083627617,0.3541736668733255,0.8365818844413104,0.6803386322782927,0.6055582286200771,0.5963715178312925,0.26608846466600145,0.6185483936363003,0.5384551218697945,0.45342939461866105,0.5329857152060533,0.48516447636366306,0.28783875939777614,1.0
0.795052006996465,0.3298972681573576,0.17121520437456095,0.22474396868096636,0.3069778182445709,0.28045361634552796,0.3266003532683219,0.40933566255245607,0.36865600047234975,0.3439476446149662,0.4828597868542409,0.40460763801176836,0.33951366133242256,0.49975879381803023,0.4836476727875705,0.8487378917992767,0.2873398388753597,0.3680429435672355,0.22061840222865473,0.38347744099754516,1.0
0.343241399548581,0.2991915907724554,0.383826800241998,0.2677782941079317,0.29706736113483173,0.3039613185041315,0.31893072497931696,0.3084642987806627,0.6766633620412172,0.5320444880549808,0.3943631619302942,0.6044336543765799,0.5299156597857546,0.3492196274312175,0.25856725823165627,0.3536254969033309,0.515155119013139,0.3264792696480021,0.5469608392031727,0.6072190321111856,0.0
0.2856970328919424,0.290867181086973,0.26614754486903996,0.5312187998236287,0.3649933578139138,0.23134702367910662,0.31177811613041934,0.32964145083027474,0.7225454107214917,0.17597167090180404,0.5303709797682563,0.522968120923411,0.4576309189055157,0.5384828927198532,0.5254218274550785,0.5530609482790717,0.4274199629923506,0.383317004589633,0.39134489954918555,0.35409939418201286,1.0
0.38045592895032904,0.32343454283012485,0.33121909091643,0.34270489652266406,0.2615068878536267,0.32390162570695846,0.3037051912665286,0.41597330470261495,0.18556706019042554,0.7981798590978764,0.7157023143118691,0.5508683088368014,0.5582138812574468,0.17995744875990854,0.3164686100507076,0.46812512093929687,0.4575954407240194,0.3869297360262584,0.5496816151474677,0.3649968735183336,0.0
0.31512337396437484,0.27933813820802855,0.7167984512011023,0.3554349744386154,0.2698600364433168,0.18545839610748632,0.23270896031015215,0.4058238681078514,0.3256705990717659,0.2361022060732437,0.5655118527390017,0.52599738114383,0.359992041731243,0.3855957561574047,0.5419473382355626,0.5276722336938324,0.528441907444125,0.4303813657887735,0.4837870100178781,0.6031272712785041,0.0
0.45331308090560557,0.3705784447034053,0.7743469570853629,0.37361912472525166,0.45075344195915384,0.26783970766576254,0.5839269534199889,0.2234867897599389,0.39998771825222007,0.2955585651723173,0.7192866580748744,0.5005404149998018,0.383938681548833,0.37939942369671337,0.44269715998487263,0.3434220597637061,0.22882126187588442,0.4779681530786258,0.48119878506063923,0.5038639950970225,1.0
0.389150438151916,0.2055554899673614,0.14056833485684295,0.17029394893179114,0.31555665745825096,0.4474271723487166,0.7173162159032207,0.2739455429384691,0.2458624630648677,0.2920334764232516,0.8315245027256687,0.6779153221350391,0.5486429405927628,0.536780355690023,0.19616302593421658,0.39984768046905633,0.45225429890520685,0.3058728461158531,0.4703854167118981,0.5652800322271251,1.0
0.4399932902954602,0.3061219295160876,0.3465638621375443,0.4286365819896886,0.5450416671181049,0.3700894484110378,0.21589158694215801,0.16793521920257698,0.4362024037284668,0.4270446611653135,0.561739757440867,0.33864915487129876,0.581116733861624,0.45051234707098364,0.24832628056034323,0.3814123509735333,0.525260064383409,0.4277168380564207,0.48334102212667485,0.21425544193061705,0.0
0.25721623199419913,0.3650267430535808,0.33274065210717046,0.3031975561976769,0.7288442980090275,0.37706171096973723,0.14335109418083716,0.4339625738087209,0.25232461965814046,0.3155744118796637,0.5274027051318803,0.5499777397657617,0.39432810002192586,0.3006083488437771,0.4951685919893231,0.35079787413643193,0.28642499601065896,0.5683750194138247,0.37631270394092786,0.6023933582623939,0.0
0.25336834167993805,0.2582913548441185,0.25614438770516745,0.8295575911145288,0.3810119265382025,0.4073400885401342,0.22916958522752418,0.29262344832262854,0.4173444200241535,0.28992705854751466,0.44100674592488964,0.5048546289828678,0.41525793012438666,0.7666354543792454,0.399396168626774,0.842592651091371,0.2910381956614012,0.5168931803052317,0.3515737184755726,0.7293507385273859,1.0
0.3993163771919137,0.3993225424252744,0.1972382001791568,0.31427402506756663,0.2736563417974899,0.5577250848646448,0.40894411773807676,0.46178461611312216,0.27344167509894074,0.4148716869243567,0.555751049144997,0.527642439490273,0.5620222582510442,0.5107550385270325,0.5247374163318033,0.3411970736046674,0.720972779908839,0.5354254720647156,0.40616665253497347,0.538519571172827,0.0
0.3030063770694649,0.4076632230948173,0.32359575376817856,0.7590336664714188,0.42111056303299615,0.2866562419837059,0.2705368875504433,0.2623629273565844,0.3388402424389305,0.4296448328965895,0.413544549797585,0.6744500072931903,0.6851717984544214,0.27425163073306963,0.5536092268879929,0.6715252988606821,0.41088795797542826,0.5554734561805099,0.4289287394965622,0.5313894425681225,1.0
0.6732242457894502,0.1797192506143482,0.24073174869301062,0.2775873810585481,0.44465469527749374,0.3848966435973248,0.3298702241008911,0.40743303756633614,0.24523786820545096,0.37574364422778606,0.3960776173713443,0.4922100839017038,0.28192138301194947,0.40834684280228983,0.5246097880513496,0.4754491609029474,0.47849419719487674,0.5415715106621934,0.4007536708011963,0.5189471688751242,1.0
0.24099909642257406,0.1947769976024009,0.38498516610903677,0.3537081527995819,0.28072385913889636,0.3022196826581407,0.20423302668254978,0.4022807102625218,0.7836606769838594,0.3889477881694654,0.7669655058856018,0.32892406924263073,0.5543025693926902,0.44245590195839846,0.642326594034319,0.48457913230440464,0.30194341759043375,0.2794658158349639,0.5522593036489487,0.40231937287600406,1.0
0.2821638123798038,0.20662558968284048,0.7762325423347285,0.3256955363541094,0.2608906520476395,0.3227285706819436,0.43904861165258235,0.26657910674818397,0.274294428558203,0.3643799346619576,0.8464697239181485,0.5121438068724842,0.4425856038499711,0.5943416151075374,0.5696609728941988,0.28529412472002225,0.38467328593943895,0.4993874760509929,0.404793732589677,0.5474669018646976,0.0
0.6433881419638576,0.2498779266117133,0.36233594519806134,0.20119797182649887,0.4407580384214807,0.3792049762513465,0.26371678000186344,0.4973932159645096,0.3232621670793761,0.36510060897598856,0.6733352919222857,0.3504001225451746,0.30914288355131647,0.37267611083490365,0.6243237356215856,0.7286220517261824,0.5402388270233476,0.521778292213051,0.35554548634669675,0.497243955397796,0.0
0.36796583853953074,0.23278145735259254,0.3917104102685473,0.36806871362173976,0.22891712435252615,0.7292597024942787,0.3042171241625572,0.1929947997417346,0.44166418133506224,0.30890891387421193,0.4100330296349112,0.5360438842924075,0.3788918405017947,0.7570910680650994,0.31892452916332303,0.4623136813759725,0.8111598660537658,0.5638307081618154,0.46336223028498774,0.5385653225949915,0.0
0.38438154292681265,0.2986138996952512,0.2201971968025232,0.3175312139431613,0.3194855223037746,0.3014431147545528,0.31134384697215683,0.6951029653754455,0.31875226670526136,0.3747276202126742,0.8467207360214468,0.542220665856156,0.48297908951417845,0.3821973358327883,0.7491271752386761,0.4308908580994842,0.3078190892564737,0.3959186886453428,0.5667711508428483,0.480716708974571,1.0
0.24941672021330102,0.22786398642962513,0.3276271485557417,0.3079158834248449,0.4036648476933329,0.37415161787353207,0.21787725902914035,0.285343757147332,0.6689674371049636,0.24059854142896508,0.7037973722242642,0.6239499431930366,0.47950260168905096,0.5292431936845254,0.47508239136554176,0.6284734696446453,0.41502053449090753,0.5067832941567985,0.5158938905458799,0.36336539564932824,1.0
0.3169912166384544,0.8401093022882187,0.3617546986639158,0.26521204111762964,0.27030320976211336,0.37291305812120573,0.3735214324380046,0.4038412213429581,0.37330329839344256,0.29393717834503547,0.3270537634268002,0.3476455780794609,0.5771441775892279,0.3578739162578297,0.6495804920100341,0.5103275583739786,0.41362505820341466,0.5595125984699396,0.3885895679735497,0.5517482360295952,0.0
0.2894856169737948,0.31855104487014213,0.291717165491345,0.4972134248691696,0.3883823571831361,0.7187174511433583,0.5313152861423514,0.30803636827631625,0.300163469610169,0.3180408318032781,0.4726036588238029,0.5459445166179218,0.4070211215736095,0.5493135320010171,0.45807648767528375,0.2472025931944863,0.34727211715997397,0.5241907045878008,0.29429466891558764,0.44438750511508424,0.0
0.3758057395945512,0.34039519124988415,0.3375872302481674,0.3855476333294562,0.6462689811321769,0.1677535277186615,0.2177668642781383,0.3888370614266262,0.3536665725988759,0.2807523804772651,0.5593850231187258,0.49829393467635263,0.4044727060079505,0.606449781925936,0.37105696826921375,0.7090760136519517,0.5008316974724843,0.5844940646708296,0.1770257108337075,0.6493482856549938,1.0
0.27056923003807115,0.22338525926650757,0.5044853290103284,0.14915517159233352,0.2551845632255857,0.6769803330144637,0.2939574047941118,0.1976831339270151,0.2868844171269808,0.33164104835159075,0.6254502430791574,0.6433378085937959,0.3868660387655957,0.27964758006013646,0.5379379712516976,0.5526303647479763,0.6955088772880363,0.5098907964448819,0.5131646670421978,0.24478652810143794,0.0
0.7333100390951945,0.2507622618895487,0.29641645069781514,0.3367293098816998,0.33140142936405126,0.23583529475415654,0.41502224047481373,0.2689959037764982,0.3227246612738767,0.3823469927043127,0.5568514573586512,0.42776574364707726,0.4873357532428768,0.5024094929626793,0.365098479025313,0.6372431065735383,0.4242624516232805,0.2984631980201142,0.36903913013331946,0.30082011774847295,1.0
0.21055131542010652,0.32049418729558216,0.10940840816972894,0.4346458019339048,0.4663908633603615,0.24561130371825507,0.3966547700910397,0.49080816791129134,0.35878719201023196,0.7443182577105579,0.7005828347489922,0.38646407147356987,0.5200909262789553,0.4610558677084672,0.4298705582722493,0.3814729344950217,0.5205834463772571,0.45098717827417184,0.5813202440160338,0.36054754308767856,0.0
0.3400289399783673,0.17944720456776775,0.38748132557418646,0.3800949645098284,0.49440723164829337,0.3597732769691525,0.7291920011380513,0.29640640819768777,0.4134591567276954,0.16696623323389645,0.6372999287760168,0.30803585475340667,0.524877386311879,0.4058443319091293,0.6537842203937687,0.555743592245861,0.567715271228041,0.40797255230510576,0.5724317314511943,0.43205829283231484,1.0
0.41010864378427364,0.25202657442467413,0.8955077317171279,0.18365644453862098,0.3319906669390349,0.20646918366438982,0.371749332059171,0.40390196003240386,0.19547344673296643,0.29838861633484737,0.5613502683262221,0.6269746052479752,0.4878425207168641,0.5268927941697401,0.7487042210890538,0.6260127052218815,0.5766060819453209,0.6408604091661653,0.419119580855119,0.38209933890422354,0.0
0.21513262934584856,0.38627550822644013,0.3631175427341791,0.26391584016486636,0.36755316699156426,0.7662537560088052,0.4690790626156617,0.19840276431319598,0.396945727072297,0.28700622103321966,0.5349193129683897,0.28566765537016914,0.4694987564273352,0.36510354637060816,0.6967561309643565,0.5050820279618411,0.29790793912177327,0.4542135533304863,0.5592821398291621,0.42337071916503444,0.0
0.39671429938224345,0.3679741051653158,0.3582790180731883,0.31659772485349447,0.1778170431519109,0.18484517149780244,0.80655905090158,0.404093025904233,0.30901165379478934,0.31482758286189017,0.5501999933663396,0.43580436682103474,0.4180746627843656,0.3659815874343644,0.42234048571668725,0.4204012196330214,0.4515911855652831,0.296355430456109,0.1855767748977627,0.6270975543072574,0.0
0.3975053810167408,0.33166669941569477,0.3637512983576509,0.2739357207872801,0.32637605839591183,0.2826544925471167,0.4095057796849743,0.24526432774617926,0.23711820791258548,0.7259870072900756,0.501549383099033,0.47716295079683213,0.5999886802152508,0.43754596757178366,0.43413656789045824,0.651101144953754,0.5774085696207862,0.472853008206175,0.37716044930210135,0.32415159885357125,0.0
0.32428939699861914,0.42868263737622436,0.3225035211518194,0.2612354676136672,0.23990283947058627,0.30433316087496204,0.332794080047218,0.22752548020997732,0.2633238307871525,0.654780667558325,0.44346185491235784,0.2531350362092476,0.4272347870817717,0.369646802425444,0.3473156916539182,0.4560946039454822,0.44882287933714476,0.5225273841381364,0.4234104534339512,0.40278229400488336,0.0
0.34152268326930063,0.17705533790158406,0.42217246706941425,0.48104248484369144,0.28016724990952774,0.4138559278322195,0.619208451798862,0.3440906796378943,0.20659020675972256,0.3166778418709146,0.52889217136852,0.6843074634126836,0.36272457633576194,0.5623114956047344,0.5126863031452682,0.5528386700801525,0.7211413371175267,0.5986859658292634,0.5450899429746298,0.27675744857790596,0.0
0.22037267195829865,0.23313251205057156,0.40620183654624403,0.810301100588952,0.3197134630753055,0.26154583135410303,0.47507821824109764,0.5445422565606047,0.3628491215710018,0.21512352432506676,0.6114138070112585,0.6971273628845909,0.42787065043077305,0.4727755028743724,0.5115871168570468,0.5203803750456087,0.2898918009230662,0.45246692306184777,0.5828746161080095,0.42506661465123646,1.0
0.42899105392437387,0.5042287621923622,0.2752307806110499,0.7560788805034331,0.27754275658870114,0.20852636326555957,0.1679241775632994,0.45797980944691474,0.26801665083455506,0.38341089210356205,0.5672205373735181,0.4663716165918155,0.5239741439865179,0.36086534094196493,0.6354624901394339,0.5889874567132398,0.5029553867171072,0.15157838450778321,0.5172530953828429,0.36831026723947685,1.0
0.32268815032430265,0.38662889207643364,0.27139349067621454,0.2976475825053832,0.3663028826065491,0.44023950388557187,0.3177744193803037,0.2680362384374103,0.7504875552199927,0.2919483519115652,0.5634417816700193,0.3755336332464925,0.4800481358717062,0.36168819542093456,0.6248680523404122,0.5080899118953037,0.6918988270713344,0.4846307465263735,0.6026084493942272,0.4343408097874144,1.0
0.3517314051724535,0.3642972775873687,0.2802205464359437,0.20360096533079552,0.4805540780234342,0.3003850071293585,0.6383150679885308,0.17163164398621245,0.2764968478527589,0.42555725607813993,0.5454021036146696,0.2882159372866594,0.4636729400647742,0.6507113483986496,0.31638812148874873,0.4277942075015108,0.4158979153794969,0.3648919165078226,0.4608702271390864,0.366340739039392,0.0
0.7647423131246743,0.26362276242629007,0.303646754460987,0.2463946666650627,0.22002559133843919,0.37739978539481484,0.18990528558153988,0.5822861429516043,0.19873232524310752,0.4413552955898862,0.5785985947207182,0.6389995838443535,0.5006416084066256,0.47953046118091947,0.7160130181422878,0.541414301183136,0.5277874648091412,0.33642544005495134,0.3421410213652348,0.4773021968465406,0.0
0.3952501935418897,0.31238546882165485,0.27655462921751045,0.41003791401798284,0.42147857357867624,0.39246081794896914,0.3376020097343418,0.8591328823416544,0.32723993724866945,0.38670348783323205,0.777248152307221,0.47581760388016225,0.49414665599744123,0.3106612824173428,0.39972529487459246,0.36065073586019103,0.35551501206477687,0.6460586672078051,0.6878065967631306,0.5761032027406506,1.0
0.21723281687357665,0.2315985674135013,0.3785041089460679,0.32028806812022964,0.3405788450564307,0.39226514168462073,0.2504849067191427,0.4016232978770604,0.4517902102137963,0.7562625887291347,0.5351422940882835,0.616479602676643,0.7151302569643305,0.6251529118044334,0.42366359100095424,0.5872074093409685,0.5338229227146978,0.46337873992921536,0.3505978551041912,0.24915281738998188,0.0
0.2875030154671558,0.1667876245978253,0.4130930877671549,0.38312523662234155,0.2949610557180631,0.45516557124790724,0.21740184999107126,0.44450885157845293,0.667076072740418,0.20386053120863062,0.49242812767506866,0.7130130562729554,0.5179594750125692,0.25410185019259585,0.7352140240558139,0.42822814111033813,0.49277296685142,0.6308536374069261,0.567890440707982,0.380960720219943,0.0
0.2733023742526591,0.28235336925435434,0.35451124867415834,0.4237189132639321,0.7507960393776691,0.33584220430292144,0.28173140304593386,0.4309833289118134,0.26531120847490564,0.39287065051911635,0.6380406091807923,0.43877483828660885,0.6620975969852829,0.4576187444491538,0.7034340883275284,0.4443659229520249,0.4134883163924864,0.5358566247135693,0.6014565277320182,0.6473454522639747,1.0
0.6597963019136586,0.318446630475846,0.22406893836206046,0.3259835523776384,0.24943652442708597,0.33923045443355,0.23282447928939698,0.24334945227136284,0.37407164745914323,0.3438373123416754,0.614467654262492,0.5477765604086752,0.5082391866395266,0.38336622223341577,0.6301963397787642,0.3353047105580471,0.45336926845217873,0.5779161863511971,0.617614303924298,0.2697560995299003,1.0
0.3493116804012389,0.35362131156232585,0.4176933641629734,0.3381559553708661,0.272276133636186,0.3549870512814118,0.7200544431627699,0.34879441290042046,0.2141184757849156,0.4548805449007005,0.7639501984410593,0.29949840696319163,0.7575812959334141,0.6493777538211757,0.27734105014536437,0.2974286781671911,0.6820485489983994,0.3488663966507529,0.6230825629758103,0.2503295772891323,0.0
0.26657623193797986,0.36089098278449816,0.46506053436291606,0.31736329441247624,0.4152399829232795,0.15398076273046707,0.312812634312783,0.3969163883222828,0.8724522479290318,0.3557783834136771,0.3762455428303475,0.4613552220221593,0.5827405150400712,0.3591509194334354,0.7050941466070988,0.5542758142361598,0.3985972000261668,0.5704961231325736,0.4805415398240111,0.43998999687473417,0.0
0.40460083841934136,0.2536546416066972,0.2943579880333099,0.28797312617241816,0.28964220361955206,0.20146168357550534,0.7877711387882735,0.3103219452907065,0.3852079309778351,0.4517579061207111,0.701001126318812,0.443848290329035,0.5220681149486253,0.11807040224980786,0.23497352332790733,0.323021918777621,0.5039157921785395,0.4118668839476521,0.4105903720058892,0.4261408146741307,0.0
0.4307687306844029,0.5031633946933272,0.21493718731816983,0.6660908773566853,0.26551359238594213,0.42832112079873463,0.3465737896106497,0.28126683740220493,0.47672070799463984,0.2815819275987827,0.5960348353262535,0.7023547363508096,0.7385423867569247,0.3677741443301729,0.6467083986816534,0.690002905715654,0.49725552333897505,0.437798421727308,0.3640047659802259,0.5706764334640484,1.0
0.2611255482816241,0.21331528378208864,0.3390566137936099,0.30895318547654116,0.2836861190639018,0.3034717348691761,0.37046166869398006,0.2828955565716547,0.33937149668415206,0.7235195724322498,0.8299637804686035,0.4225284206889292,0.3328576476150578,0.297952171475807,0.5821770272976228,0.4424898359104622,0.4966933455083179,0.4176070675225899,0.5593827308677912,0.5854564776264071,1.0
0.2476581439933631,0.21577325755755372,0.3804874032035978,0.4238913650179257,0.7251303981459324,0.2691226417748847,0.28703962070146655,0.14893571157709162,0.3890984660056668,0.4090352548537336,0.5471647584060902,0.5683615737521217,0.3652491830381113,0.30115007593230125,0.5974082463447448,0.900447429772374,0.35985276152718354,0.4457316522670534,0.635023099669628,0.5038325796973359,0.0
0.20855451654584925,0.23528074362205784,0.2629842753497823,0.5798495396617624,0.6508696561212378,0.24652177485553967,0.23128709219454385,0.3023751412558578,0.4104353221057432,0.45122822146380276,0.35232617682002404,0.500627298762672,0.657458347658203,0.2165944871871629,0.6679297364898973,0.3924649993188584,0.4389836501838446,0.3389952555776309,0.4169515195114029,0.40175902134292685,1.0
0.27459534402007624,0.8039282061003783,0.29596508834103685,0.3419137822509877,0.38592606815869784,0.284508990319119,0.20064550624995486,0.3056069065253972,0.3157276371850475,0.08741650953973715,0.5176789034502792,0.35523207129205625,0.3822600036518666,0.59030945330628,0.34087383432054136,0.5414690091513789,0.6600995256369294,0.31943213308931057,0.5728748770439973,0.5041293213080952,0.0
0.33797534338719887,0.22445411463244708,0.20433678739009298,0.3154796911308022,0.19865526336381015,0.613855863995634,0.35877767761128043,0.3042036813447935,0.33985306003879695,0.25448866157465805,0.6109806139544125,0.5484433857125011,0.5683989232177732,0.5358992458266372,0.5607503651517365,0.570388517155025,0.4400420509126844,0.5607238999801443,0.4279086416295669,0.5125924122051164,1.0
0.37590236802358706,0.4660837186227951,0.5382248183998848,0.38420181779409723,0.16616474924954047,0.3506627187283577,0.33206993439675236,0.7261109365928669,0.15243945805419146,0.20711137045538117,0.6592320707166647,0.4321624104373891,0.4881625729928388,0.7677638024180404,0.33748824038686,0.5293247354377182,0.6331521286213383,0.3991491968107424,0.46830484547946,0.36753312974383456,1.0
0.6971086952129557,0.1577817677775933,0.3212162838010623,0.32301838755620843,0.3741965950611496,0.2697543524949142,0.2270768148836666,0.1181412382898627,0.286060060951788,0.3057384986069974,0.5675648961552634,0.5659105609642407,0.4181905452297711,0.3225888842533251,0.431578705010293,0.3186026157064963,0.3941714197696141,0.49522397564997794,0.4762543647713947,0.20910178490809322,0.0
0.37179431992987394,0.21745715347097225,0.19581032275548516,0.4435795920877147,0.27796936800232963,0.3141335936985605,0.28146189437803276,0.6289474455216612,0.3612565428168053,0.16708331072409274,0.42982529048241214,0.508093353987885,0.5920283002193996,0.5654370536806907,0.5318977019486967,0.5555973866750794,0.4980535391267821,0.38597508669254577,0.39864475856189635,0.6546211809703242,1.0
0.27007366056326615,0.2350416321850156,0.35010392507655036,0.7925907204865856,0.4498478356951085,0.2166801139717635,0.31913465460051965,0.28402239694885184,0.305968985452184,0.3062931518660999,0.3804053652254117,0.512813896653521,0.42341289415789485,0.3654736970418287,0.48155976132382666,0.6635173585042013,0.5673266723133076,0.4031919985747818,0.4336938098080237,0.5106695977946956,1.0
0.196187813843259,0.21381404374895316,0.36295272966242714,0.3893169020838812,0.5513051022801458,0.259516321660262,0.7295860026049688,0.24785465112164845,0.20567073097199653,0.274079320111515,0.5583184116407868,0.5740449288532351,0.46266578097052397,0.29404740020470854,0.6031294133239996,0.9241456109622945,0.6772967941688197,0.5356153097894899,0.5720393395598379,0.34089425159492126,0.0
0.3787182357665159,0.4526626567201375,0.8968721320330855,0.33114492557257624,0.1307273951118004,0.1539792702539114,0.270035013059998,0.32098001750441946,0.24978555316456186,0.4180385112517196,0.5428076262985724,0.2701180563719984,0.4177212235478574,0.42279318438993035,0.6046707519622546,0.5443814835542441,0.608916268293339,0.5168576207224758,0.7771110412901763,0.26803359837370044,0.0
0.3675897650683843,0.33514606235119015,0.28786346806676627,0.3746805655705921,0.9205348447492461,0.31658925736567045,0.3930531006103119,0.3765907570409647,0.2800165012733743,0.2728467994144968,0.5447321338537654,0.5610243272113511,0.5947195396263834,0.32587539148086664,0.5083662864791156,0.3885334407445737,0.6032139505470765,0.3590240309465797,0.36310182140655656,0.4620585466822043,1.0
0.7513910478591165,0.21541990777748438,0.4096387769263872,0.37202455907036075,0.34717823055650837,0.19547177111663938,0.34128343181672643,0.163802391472979,0.4259622792572708,0.2892260034600788,0.5108780804394583,0.4574800359671671,0.5800745295870859,0.3918686534174725,0.5700625205097374,0.5282788884753533,0.4475487233623524,0.5491564202984195,0.5246885961584287,0.5531915430553733,1.0
0.3342794344597672,0.27014073871590655,0.2413939460589963,0.3565040724942075,0.18918579886203574,0.18315871430120453,0.2441490487310896,0.4327702541365416,0.32494958788692424,0.8628874544124095,0.6011939321031073,0.42929166022827503,0.4096417076480273,0.3107303024924858,0.3088352754021917,0.48091666627348617,0.2556957861732407,0.6670951906885824,0.5024585785073973,0.5349267661117404,0.0
0.3040825308193923,0.17177831741593896,0.6909734844078965,0.1347282836958026,0.3538725194106864,0.32089318871981026,0.3912787744717126,0.30169531489998663,0.35354091283622985,0.21405445510331989,0.4958973596670898,0.6725463674685468,0.600272228432157,0.40563082857898136,0.4833589046336208,0.4286476847927612,0.9001016144348397,0.4366794516644249,0.5157273067114746,0.3255353429512148,0.0
0.07749940657513851,0.32705154439003375,0.17103271720968605,0.26343834195591803,0.2701872178438669,0.4101954929505215,0.4094964831509748,0.9611564832009013,0.3606775487535363,0.37282995842101074,0.3325860425053666,0.47558924674435304,0.3341075358260115,0.3064592464476129,0.5792802449625594,0.4169634179645051,0.33878740823221504,0.5079924838174109,0.45128770282232783,0.45177862030552685,1.0
0.4349512430548471,0.26333014093119167,0.2345773698566812,0.3026235159637837,0.31520811604531324,0.8051173754433305,0.3268059460397295,0.2886995225529798,0.4368424435350573,0.41108092714045374,0.6307799846218841,0.5568739295030852,0.3752643402323349,0.3365660246924006,0.43082155592067406,0.26744565852120317,0.4889147834317887,0.5421704468169672,0.5330531938556616,0.4905062325477131,0.0
0.26697402845398865,0.6206804995974405,0.3176584004810765,0.4517716314070989,0.3700071046649745,0.3528619381447521,0.4302088285780183,0.1587655081821316,0.32534949098404237,0.2597120235618898,0.8111222244895302,0.3565267314745278,0.5338816623191542,0.28688781527126506,0.5778802145616047,0.5260526573613197,0.43536344297925467,0.49225458631484276,0.6055777820563013,0.3907879613313938,1.0
0.2695224508032797,0.1481760720328621,0.7719670246664263,0.2985262352176253,0.35640221078920575,0.38977425704647317,0.3923925122235648,0.32531367358557667,0.33696636887447373,0.31006333157924404,0.3366578339365244,0.5004327123526374,0.7481998549951276,0.14047031881626348,0.41516498280962955,0.47004232936065005,0.5255402780392959,0.46815011422516084,0.5512994429488011,0.32840748542783815,0.0
0.2892183372579282,0.28629006647502614,0.27541209046188314,0.3834324334377398,0.38178272418466663,0.3111132984680602,0.31070291035541536,0.2987659728756442,0.7355982402574308,0.32551378194324376,0.3395224182890857,0.5864984051102637,0.7709196181986864,0.17643043785582918,0.47898328307662036,0.47329240841323605,0.3625141939910806,0.5244874515331355,0.31536117332786195,0.4020408214953791,0.0
0.26880429312612714,0.3018572533291714,0.30061992159391543,0.44312805070073846,0.1505553358247961,0.6956345348974167,0.1780411476036494,0.44689304320525547,0.30288006167077397,0.369074997207441,0.7392808264181531,0.3757864907450164,0.5154675296196233,0.3681011425659191,0.6458732487459042,0.6815956449077247,0.45037172265718944,0.5041835279550225,0.3962717891927675,0.5781162758357314,0.0
0.3519579211608323,0.29213379853220567,0.35172756212302675,0.6427055670001192,0.39960897353300534,0.33079834025863003,0.32832129887022415,0.4094746052045462,0.29098875646805494,0.33747225508184403,0.28171476466810874,0.5135281338338107,0.4010519247110448,0.3565532533575979,0.34136589635394804,0.8295440933424953,0.4139841949485181,0.3281090782871553,0.6057433208406029,0.3302842104607807,1.0
0.32677967621447185,0.2816787364825389,0.6854793191738042,0.4115935290025321,0.3572679629306485,0.34512641324758614,0.35274074421509977,0.21564807915580275,0.23940040799812362,0.30509349809782843,0.4455166845517464,0.42857701792347,0.5645540890857123,0.5256091659916693,0.3983670584465092,0.5558162832664806,0.17364546670612024,0.4455642121566216,0.4784470307691321,0.541553231648978,0.0
0.22971821935278108,0.2915057742455523,0.39462350126793044,0.3907577125702472,0.31060612348543,0.680242382444286,0.283559472558115,0.3454120871320861,0.4217262943947948,0.39426459056455926,0.5898893448430558,0.4946614040055802,0.6405232706081802,0.4783989281810611,0.4377907063672407,0.5899211397534359,0.6482414105606897,0.7001120514637832,0.26915046962048106,0.38510903569230465,0.0
0.2819316203358873,0.2944923454428551,0.2621096731830767,0.26116873125598417,0.34262042541567483,0.7877698053955327,0.21404215476904104,0.2133580624885134,0.334801835432006,0.20799946028229535,0.5439314309215904,0.5872037103245704,0.337336533380981,0.5196783398927532,0.3498460933082063,0.4313159059651172,0.46411800660562863,0.5138157196622964,0.5750774378998059,0.710923097191193,0.0
0.2874067114452937,0.27214331369115596,0.2995508953301046,0.3242952493512639,0.42670450753047773,0.5991517220592745,0.2508009407328595,0.3025791381860594,0.30887371810739506,0.38703699813251746,0.34722109831918807,0.25603106618001387,0.5514381897153147,0.5952052279110042,0.5776494092100017,0.6278715084209182,0.47224353485594694,0.5036433256136593,0.35766383477033487,0.32735681635968605,0.0
0.26549854250066723,0.5164962425745461,0.47165264659043304,0.2740930581331564,0.3132638410452894,0.2690773898107582,0.1732556647923911,0.3365214878621405,0.39981421109212345,0.3383559152074403,0.559674112336926,0.6061903475316697,0.5936177934530493,0.4470162946323499,0.7409441318222131,0.44743644562592755,0.6274733822528311,0.5008277626631927,0.44002546303204215,0.6247352827584934,0.0
0.31524533497571067,0.8273466174329507,0.3805436370136069,0.21881442850077346,0.2612886202326158,0.49175717164745814,0.42650154302147714,0.28043408356471633,0.16404952651689414,0.3988656514792143,0.4492450729275031,0.7643060650498166,0.6372948904666574,0.30894759144161765,0.28244444018704096,0.47068168520109854,0.3616563902177633,0.6181446357662825,0.44314540082961795,0.579315080417679,0.0
0.33014727504447405,0.372107806067901,0.3969101695529735,0.4767376449126493,0.678419396714754,0.2851780107380265,0.47170879310383174,0.24536615610861723,0.3053169783369466,0.3729513854551767,0.46673554423981767,0.6451345775623667,0.4397937055703263,0.599028739170584,0.3577861341085814,0.4538273059740551,0.45109850375738686,0.2166870867936869,0.537266233765735,0.4931303731127082,1.0
0.2396654043639061,0.3131454955035256,0.4628907597686511,0.32987836612859256,0.4172947509385298,0.2468860541181858,0.8114139692181187,0.11188766669159969,0.3405065258349778,0.30579357556280673,0.5858696537116013,0.43598997053369576,0.651682806066177,0.5505083009181309,0.5747472578959641,0.8476800359819598,0.3416747279358069,0.4512088475247322,0.592275854890139,0.4592956456842972,0.0
0.27888639273465266,0.24962963817988956,0.4540067097570451,0.5569762261707605,0.3513248069011175,0.3672002987203363,0.3507760431964133,0.6850126049891715,0.2687110472010161,0.3165335136992325,0.5238924810394435,0.3448610046486013,0.3636134838674118,0.19353356550196904,0.31897608068789124,0.3686466528843293,0.49779485216847097,0.21427538462748705,0.380010329884317,0.4640228451808491,1.0
0.408037839257247,0.14788274303868104,0.34558606565988453,0.320776546436058,0.449060107887465,0.32940245627793535,0.18711782735187854,0.33870940317900633,0.7037456387598892,0.2104065094418437,0.596866544605535,0.6861016340081404,0.3880505774615465,0.4371471129419819,0.2729129474559687,0.6196936835030347,0.37302654770862365,0.5298472151841597,0.4360750721153959,0.5667064576564361,0.0
0.2959084366753106,0.3584933844325649,0.2844233950356576,0.33250226199228505,0.34344268138542666,0.3672414985745498,0.7442632302153726,0.3290145214573028,0.3918916763906388,0.2782592516740311,0.5326316874803192,0.3965723357237738,0.7440688699404359,0.5440627239408141,0.5128069388059214,0.21682354282269173,0.4837370848029843,0.37507531173252623,0.2989720339158741,0.3677778775161178,1.0
0.40749189135499164,0.47575898616358114,0.29628117849643065,0.4027799494973879,0.7203762095666701,0.23818435258798107,0.4516275942338208,0.3918690998006759,0.4684951546102527,0.4460622519106934,0.6871717024632908,0.45077564961085587,0.4821894552990146,0.5995920323855437,0.6281157285471517,0.5671885322431613,0.5095923988213039,0.3426862937944563,0.4127933232044488,0.38111739620425755,1.0
0.2750265339501961,0.348468937544022,0.45575808538198803,0.3994237619268036,0.2510591689468197,0.3201069396087109,0.18093313408277537,0.26158239905279235,0.6772373577772794,0.24579606505037158,0.7446857045972607,0.4769727252224263,0.4574986748835915,0.29045154460228617,0.6187343263262212,0.48653983620579117,0.41487684563038724,0.4538010495667327,0.48153815323357363,0.4401668741919311,1.0
0.7008293781691362,0.23583847781780293,0.2876226525151287,0.32709808346335006,0.3291615301132792,0.29308880735399795,0.2568922359739507,0.21124286246318535,0.31905499865629117,0.3721584607228811,0.464823858678724,0.37229375453610053,0.37743689406357506,0.39099535023282045,0.5843281288031644,0.2940411789496594,0.40520811186605776,0.28756510239591526,0.3093513911448309,0.43696673769430383,0.0
0.3816614706499119,0.26249070518351597,0.3820991774509574,0.8658939362233296,0.3598533325561031,0.27295918836168237,0.2482867669183597,0.42360731914248734,0.20768962291130869,0.49313907020196024,0.6605373963325862,0.47918817223480054,0.5892383740918616,0.5806408693891221,0.42191388858790946,0.5114864022559562,0.47842855972907306,0.6196890747161776,0.5390558393101808,0.34542189912518867,1.0
0.2948906385964152,0.22349887598963514,0.46119806366499905,0.7020216284434619,0.11924251874863603,0.3490119843052507,0.23777125697410734,0.41105377075760247,0.16136916418614158,0.19618145699067513,0.6055271543167972,0.38708016941803264,0.4482852536932018,0.2897723187021315,0.3716834841610639,0.3903959572241483,0.525224590183489,0.3264201227855834,0.5357918161032688,0.5621702212019447,1.0
0.30219404287360674,0.2651134819523943,0.33881477584699865,0.2671469906488785,0.31441258198373645,0.2899756469648174,0.42067361570678774,0.49092875797060087,0.6968076113887527,0.20660235561517137,0.3351782287110395,0.5156131216500509,0.5639132309515286,0.5344409450826072,0.5352947430896016,0.49283303623854485,0.5784212239466024,0.6005352729989273,0.619378847072081,0.4807671221929209,0.0
0.45812867255251044,0.18138204935014188,0.2249943633641406,0.3553707084337957,0.3360880359872614,0.30571888972224437,0.46574589174665126,0.6241897726606209,0.3201325064424294,0.3158156058360726,0.5501098773579626,0.5658945180424317,0.4428096906858632,0.32241644558871874,0.4442139907926109,0.47484798351540436,0.41848297324146966,0.5079302880021791,0.5414336082099843,0.3816927208112049,1.0
0.2223891172936442,0.22486259286940935,0.7317120391004683,0.2507893633308543,0.40635944551978453,0.355323886969622,0.34657936952347285,0.20202282454831555,0.41949851301676583,0.3985455105956627,0.7021440450866419,0.4978893018065642,0.5206737646140132,0.4747413044006594,0.6153517417844672,0.2622458952829163,0.6094720732872096,0.29358178466978957,0.43419014636096603,0.44064194467176343,0.0
0.29404490443867204,0.45645724176968294,0.33838551774578296,0.37953244528938307,0.25969437800281664,0.3215091761318596,0.34323018748628287,0.9416760776721559,0.22459436704350916,0.19611075944857087,0.575360265847889,0.3009659543637175,0.4339673657077395,0.46671574365708796,0.16422257577923494,0.5064050223538862,0.24598293606986868,0.39616992380265736,0.5285427800589352,0.41102534913386973,1.0
0.23714753612731723,0.42312183679156523,0.6782232741037523,0.34916993070284114,0.39876727973213955,0.4014266734677381,0.37498275908972467,0.18002924804772852,0.3382170547476214,0.3447660391641705,0.335619241158985,0.5216333872153076,0.7455884846042212,0.4830146083945992,0.6487572636654558,0.4982034709922833,0.6377548941493236,0.5444295910148815,0.5524409829573967,0.2814473976419981,0.0
0.43933307856656695,0.2979415682572364,0.16184202242567428,0.1976107323409175,0.4266803522502096,0.6661977340130043,0.4470072155307494,0.3453246798409863,0.27071811243043875,0.32708807497917936,0.3828931860204917,0.4739414392203186,0.4692156838599773,0.4537422608513348,0.40582186564777306,0.7559713477404818,0.7901999952498917,0.4095078660015249,0.3397560892984585,0.23960051746677902,0.0
0.269833920387249,0.2068542079277148,0.36170871734573873,0.13916841589507822,0.2565401415612342,0.7420227476372918,0.2892355914154839,0.4033347256391213,0.39306804879585594,0.5706491879569721,0.5208872241297346,0.3728852874327578,0.5117113145525158,0.49057548403655815,0.49894601754240486,0.4935561072545376,0.651229048447503,0.6060977759842052,0.5503632573378793,0.37257593104860437,0.0
0.577481464485078,0.1385435348635992,0.2507249885208626,0.36847426492181307,0.27064631938434114,0.2441538127956896,0.21796841690668634,0.3166239166785283,0.2833301439213855,0.3750428343909413,0.19876988188557793,0.27493581621670404,0.5762396209638946,0.3465613593627199,0.3293200791784484,0.5740405495710973,0.5836830223836078,0.5197077244638543,0.3574392226019619,0.339017981343648,0.0
0.21458075326984705,0.2454913825597379,0.2546503917416196,0.6870197063186216,0.3396159270734991,0.4815373094240959,0.32071936407024976,0.31922128605147,0.23426336038522372,0.23518942659702022,0.40713651040381726,0.618868555008254,0.38266372220316625,0.4843480019360994,0.6460723175246249,0.5415432513996314,0.4159677410801522,0.5407785970129345,0.17833808591703076,0.4278274658408701,1.0
0.36348720941540963,0.29461318320084673,0.35071388890397137,0.3836859618497759,0.5992095648383455,0.4245463038591358,0.3152787042043788,0.2375501756170336,0.2545927980526879,0.3912226542333428,0.49009668788212146,0.45629388859395387,0.5701723504434475,0.3010491027476285,0.6549048881888428,0.5432881015970555,0.4799145040283833,0.629709748322893,0.37023716578389143,0.27501774856945327,0.0
0.4403074693997381,0.26382247386527874,0.4075882628091022,0.8179422217048382,0.30196015347716376,0.35948540610777147,0.3734492026799566,0.3112324432074623,0.1314786340722529,0.4650855673915447,0.4979871975213262,0.5506314047889889,0.5000943269977876,0.3982636128239906,0.33874734534396705,0.4429808310210588,0.5208188041888889,0.5135905730746926,0.5130796169085682,0.48032557247233404,1.0
0.43141182575818376,0.28767112993964095,0.7756999332515182,0.3403848307403971,0.32267814985415416,0.36957928711881405,0.39279632778646884,0.26849492459473856,0.37096071363034644,0.29526894310744173,0.619828464777079,0.5421057542731823,0.6116626287670561,0.42743913713547127,0.538020021168065,0.6203488026911963,0.6167471869253054,0.32973691134106353,0.26000302029353695,0.27794542354453816,0.0
0.47609929339045004,0.21988641761151045,0.7669258446684056,0.39129275098872107,0.43785224165683245,0.22300662323106307,0.23603896135716795,0.24963963245902476,0.266222173413537,0.22016715719004845,0.4586244443618102,0.4310567232902797,0.44314036724917466,0.6054281726072194,0.3762992018705008,0.33502287718372914,0.7298890544837177,0.48400487271311327,0.45310836691605444,0.28452170394063336,0.0
0.19253305787856753,0.3482324377089914,0.27920005025041184,0.31534837538732363,0.33799488003151934,0.20138373006705235,0.7516586826351295,0.30601918644766196,0.13604244076596514,0.3958633180802706,0.481487440199101,0.4964879197753494,0.47313641793831945,0.5204992813852007,0.3770824283291244,0.559085641570564,0.4879833690839815,0.5785795813191582,0.47491068737286696,0.4222455342198897,1.0
0.19779291397268334,0.3195155994166499,0.2867525618419655,0.25377119048106306,0.25656163508290186,0.3158286065681362,0.2559000975380086,0.8281770657353392,0.21581702535507125,0.28676761896397074,0.4878106068075558,0.5099632946678572,0.36492611831713845,0.5151138622874154,0.5286227862713757,0.5766943938910594,0.43945050618956294,0.3172727616248625,0.2617048169856162,0.6081971675729527,1.0
0.41140731838044453,0.7579511647832208,0.4485028029784509,0.16356084775065552,0.44151222513931476,0.41402740520317227,0.19336514758380774,0.46900767473801375,0.2619430390001283,0.20287857455264968,0.5141632823034293,0.4854936189811398,0.4269564392363943,0.6069075040510572,0.309066242590158,0.7598387369293691,0.6630792684313782,0.24595994128045306,0.4164767258658581,0.4458868796060187,0.0
0.1729166650479912,0.37541912502355856,0.2627965073275703,0.37856107619704854,0.4380993052385244,0.6878973484580007,0.4074407444689453,0.1528268188505287,0.36236787393751235,0.2234496946276256,0.39059258716069445,0.6254336174958428,0.5118560659141964,0.4844678052433155,0.5121824942523495,0.5578540274075353,0.3998292419346795,0.2611931549245101,0.21818612053019693,0.506420092805949,0.0
0.293082631672388,0.3516697632555458,0.25384217211209353,0.3920402373800071,0.2355656076126017,0.25049755643747684,0.3380405797559899,0.2467317534983008,0.7320818053404738,0.30015512348530865,0.48150940640844486,0.5969716282556885,0.6398141376924086,0.34098199595016365,0.5129499897261687,0.6211948854209729,0.4382505459576913,0.5184153698878181,0.5073611976322513,0.4464739706670866,1.0
0.2242042783629171,0.16962866326456302,0.3076117823510216,0.36653448588164145,0.42924046000619465,0.309957729676316,0.24609351351702252,0.3941197960802936,0.654511132788668,0.31227876983887515,0.43965693156409247,0.6283936498848747,0.49615687877116815,0.3190080255843992,0.4288673950593763,0.5812059943152438,0.5186045252854331,0.40310775855376246,0.4322540823129122,0.3928237640503254,0.0
0.5126018856978939,0.23284661518200606,0.7643432192843991,0.1869229928341591,0.33116140152115847,0.352072872849013,0.2623649930434171,0.24290003023425388,0.3257390701687751,0.3842871801843868,0.47943997319188447,0.44272423121554155,0.5451612076083824,0.42281122592974996,0.2559942268926791,0.6017724089582717,0.5751812251400145,0.20675390451350434,0.28939782358839805,0.3720093701005438,0.0
0.41295089634155435,0.6578951347064492,0.4570324862222297,0.2401817954564214,0.4466313275500292,0.29454780594487606,0.4118965174524639,0.2930361315440881,0.1976164133388002,0.2522554922108998,0.4616353737945563,0.46865760191661177,0.5810930897254698,0.3911632118024264,0.4456429658933198,0.24219340970750663,0.5108601914954739,0.23973148568010483,0.4434724800426438,0.6665141336304656,0.0
0.26344225885281214,0.352086897213701,0.7660900544911873,0.19312160475108542,0.33100514321230295,0.3584135469740043,0.28899244059667156,0.36183736421817836,0.26642421277052075,0.4362803931904722,0.4095070047072418,0.32762602375818906,0.36855046464879027,0.46028798608011356,0.423175457894534,0.3296246340842428,0.5085863355160127,0.6631840275027439,0.41692468820491074,0.4440632217986729,0.0
0.46984917934165105,0.08919324170525741,0.6724052319254523,0.27128811375872697,0.20348888573164708,0.3895648413985532,0.27220753005115716,0.34655198224525235,0.44397420002283206,0.2243650375307112,0.46305549260418066,0.6005654830740335,0.5993643464857403,0.6479654879774055,0.6087821330218792,0.5818975171320999,0.5236481428297721,0.38798826522068053,0.5127581182572772,0.34373920443983486,0.0
0.22374243417246367,0.3156110174251203,0.3233560179496003,0.49573788837643706,0.731883461434668,0.28121267002316064,0.39694187446606266,0.33161002771272774,0.44355131358695626,0.35577958631167445,0.5243646322676292,0.6118712976317714,0.5054101924165726,0.30462144490062193,0.304723131614159,0.5083535668443607,0.3695939232157123,0.3847722340192317,0.5082819912508102,0.6126881125938725,1.0
0.30391000707655963,0.20756149992405087,0.3358251650592583,0.48393889561843506,0.3764888692046281,0.24584341632511936,0.6967147596063542,0.25689442989787414,0.20694219142969386,0.3077994788308636,0.537727901688548,0.5880728871029042,0.5906709255147604,0.38138231826110097,0.4386260936394891,0.3259956957409563,0.29202258429783445,0.2632034597027928,0.48171454194915897,0.4223028506415632,1.0
0.3648341424894041,0.0,0.3294717027032584,0.21804573697730514,0.39431316405268746,0.647980465507654,0.2909484734449226,0.16799900638915696,0.34976906429991844,0.42028909775524925,0.5479518321569472,0.35874968064276913,0.4847924218419498,0.4932676896320818,0.6670787949480035,0.36312410928378214,0.5133033663440517,0.26003142533221657,0.34599615622471813,0.37994805008555976,0.0
0.3823365238135418,0.2983174890930363,0.350556522403709,0.35197438615428045,0.32482037087848886,0.20542296913346253,0.673054960260235,0.32268329632287723,0.27481477772788326,0.32818828833696484,0.47701145550446067,0.44429176887958816,0.39820223382507125,0.5640937121003701,0.6869392773554674,0.7655676903522834,0.6167161443319005,0.5668795597882738,0.4729730165065242,0.4918508797987664,0.0
0.3975167397773051,0.2338575313137315,0.5261345581846737,0.7567271711560428,0.35872124043538706,0.3047994047105371,0.3768288523636627,0.3573847368747681,0.4434252741013047,0.18640456516741288,0.7606576698157731,0.39080823699617656,0.4067048229799089,0.41364198061851565,0.39357680001441214,0.5114060088395755,0.3638833649664498,0.3100256905310299,0.5109716009610975,0.42459769311151296,1.0
0.2077995737425969,0.5094121697134241,0.9044391196869279,0.35195390174024693,0.32190061047479096,0.3260922236519214,0.293146429068589,0.3120023064891414,0.3103001089136485,0.3290134994771928,0.44227263087350066,0.35636433737228324,0.5676592837823218,0.4315041948308875,0.29561463046566017,0.5063309188209681,0.5564757803165298,0.3934330899744945,0.41794206627125097,0.31583387165858534,0.0
0.18907982163283044,0.27525187827625414,0.4313227609391997,0.32715713753367165,0.3796689503039109,0.6840882711125917,0.25666380113159304,0.1528265529683152,0.33531895536556894,0.26988810549724385,0.5146853761554644,0.5694016077836318,0.46457296249820557,0.3444474387513431,0.43472637386889745,0.48170124793795044,0.4611228614510492,0.5624320095626065,0.5913087234768971,0.5645272143771921,0.0
0.2792906273422858,0.2836869090072132,0.704861199729627,0.3518655336158174,0.4459237533007102,0.36163591394735084,0.23132914939009153,0.3427054281478946,0.3712212830152898,0.41701140327589914,0.45255612392358263,0.36532676408875686,0.48736374671640215,0.5058478820794627,0.5220159254807364,0.667016150764491,0.42307350857307524,0.5382619227438799,0.3301884806906247,0.6693504985572417,0.0
0.3729934081281395,0.3164485118407442,0.385299186653453,0.2816411764257767,0.160555745786421,0.30403498216508135,0.28242760563499697,0.30426538097160094,0.7320593165480229,0.3450379165403925,0.5492300149181523,0.708037654544284,0.44849968414022934,0.5165253988692788,0.5088406700852406,0.6371940664056249,0.40371942694527946,0.42960288369875055,0.49604413173489975,0.22457577203312698,0.0
0.2642118354866837,0.24341471277090576,0.25376390495848283,0.37037804105626015,0.3065839297012672,0.19016417940004324,0.7496792236000457,0.27839933612559187,0.32654084373010933,0.44161492835086114,0.5913877186030252,0.4188946270957028,0.5172115503005207,0.490290125962408,0.5260525143480886,0.22768318740688737,0.333705502780031,0.35269283736316587,0.4728579047828322,0.5541555713290616,0.0
0.3409893540396475,0.33342200972762354,0.2710009835946732,0.3657988738687018,0.3414875471051514,0.2947414112417152,0.4466417521820776,0.11977878658392413,0.24891356206952747,0.8136806341888566,0.1612617374508119,0.5802213081975329,0.6756221707149681,0.3729224928584081,0.36524785205089094,0.5598502899757638,0.43872727209918705,0.5707164761728902,0.5559961130157777,0.5129256280348132,0.0
0.7518429581938548,0.410007049473163,0.25643166078905455,0.5069443204530417,0.32678927623134285,0.34729563210235226,0.28154902530974074,0.11702147858253908,0.23120673081644325,0.3655983908342843,0.6269297051069233,0.5217403317857043,0.5946230787984025,0.4449710062939654,0.5840719937480157,0.39582347838147036,0.5868480318240568,0.42476349108880135,0.5977101022898492,0.3357699379001694,1.0
0.10331641963156224,0.4160856363839468,0.7882703111605562,0.2829029070346386,0.4007063357599533,0.3963761476611529,0.3966821467669783,0.2973846866784374,0.29348029962874367,0.22457392852223224,0.42526483190718956,0.49395257388697944,0.43814876868130226,0.5237082720595136,0.477852358094229,0.433999342481798,0.2972096637577203,0.47402479065950465,0.3507819222689185,0.49397475844843286,0.0
0.33617792219450776,0.21675657087188321,0.3378685497840382,0.642802703677257,0.384084209249527,0.3913108539801108,0.34877090612412465,0.19654953763342758,0.3970946983929926,0.21447295685574924,0.314157094046271,0.5125613251437957,0.5582835540147396,0.7466319389079694,0.3033304562197038,0.584745571833888,0.29297908419629315,0.5334437172281495,0.3054894627329886,0.36741742253733756,1.0
0.40020596230214334,0.701953366900397,0.365554724895159,0.36056205187371293,0.2704388577906968,0.39058503210286355,0.23621671019195617,0.2825940576888781,0.28828132609925144,0.3083264470393136,0.7328837746994401,0.4562359787122443,0.5269424778442283,0.2681376014082104,0.6271036646595339,0.5445994211784602,0.5097408051710671,0.39758753201964236,0.4216650580455057,0.401902041823655,1.0
0.4667725684577918,0.3012512022445095,0.3877919377956313,0.7583544284901512,0.29899055373116545,0.19991950072205883,0.24794046244815593,0.3442956597366903,0.4241746166450082,0.4449180863147587,0.321237104343228,0.6030799170140514,0.2713968086206283,0.44492459907322274,0.31080939837351906,0.44880979974364105,0.525022376528254,0.44678289681246064,0.4900366605801613,0.3697965739781931,1.0
0.34434234251357204,0.32807029370324514,0.3521033411352737,0.4119797805593031,0.2848604897806865,0.3418498922774322,0.26265456590766406,0.24725278936391315,0.7581732594195363,0.3200945495318139,0.5436335725945579,0.4712611223117221,0.6055807205388101,0.42249477365989035,0.3744030279158291,0.4355583973661886,0.4007219063139764,0.6172274697303798,0.33091571083672355,0.23422334979866707,0.0
0.3066945291455524,0.7325884456575331,0.32039022332149136,0.36398863054814196,0.3039700879968533,0.25694342429964323,0.19451954744235495,0.39544263164644283,0.33447822651291487,0.47351182542161824,0.5318175614982734,0.7242024649994641,0.24551507626083233,0.5626716299619363,0.27321763507625196,0.44114784953342145,0.6128167924275729,0.477806219251943,0.41385554240777767,0.6257626611448102,0.0
0.21104062681363478,0.277515314728588,0.49625420247631813,0.2726243529403871,0.2618936059888378,0.3730527787864538,0.7124814506746187,0.19695911380640835,0.16417218203509287,0.3383711140062846,0.5228735904684818,0.3678519748721272,0.4652632064347527,0.6076459604083093,0.46754770660304507,0.4987333189426047,0.46322368548474346,0.288456738320074,0.38105611895353053,0.6587628221280748,0.0
0.18554751065059386,0.33883318411694946,0.3429576759275045,0.34875938517339755,0.45316106693859304,0.31351191969773173,0.37973292500912936,0.4116365039064765,0.36584376337415303,0.6308194257560025,0.5820695750257782,0.38343306150749923,0.4637868895027706,0.3491475802821518,0.6296748209246292,0.5985679280502442,0.4055185363218782,0.46179488798197055,0.41215983382754645,0.3137302871176858,1.0
0.3408922220444099,0.3221603419502974,0.35853970701060595,0.17189176652727228,0.3926626282650527,0.2980983875241111,0.7611506918307469,0.35391180077932155,0.35307415109420925,0.31188727259713295,0.44325637401007,0.40092669748753235,0.5171247847585813,0.5840594279959594,0.5723405054439575,0.52015034974162,0.4963384171950111,0.32334091464551246,0.3230069988661133,0.45835532719615835,1.0
0.34255464270433467,0.34669403367711077,0.5509093712148866,0.40636147804963335,0.0898643206305833,0.1901535576161108,0.41020642060944595,0.27321258431206435,0.16484770906665258,0.37111622556341095,0.349479377360309,0.5197039480625226,0.22274306050289433,0.5691648747624675,0.362748195489761,0.4483380420428862,0.755730090363095,0.5714042511424877,0.44251655958321595,0.3832323690073293,0.0
0.26467242207308206,0.3213075662211187,0.2296990519794763,0.3442199272383958,0.2258520628426579,0.2769129838422419,0.7193631098165458,0.3666989546300952,0.3644931930314917,0.2622593357559239,0.5429976437178655,0.7014660142055396,0.5539394712477818,0.41080249458165435,0.6344928596097039,0.11908261965773631,0.3661238374800165,0.576578788001522,0.48947182098844805,0.28045619160312457,1.0
0.4006559023406408,0.6678813212914311,0.3161825085906592,0.3305662235824916,0.35284880000704943,0.37461253164789204,0.3314210272562369,0.2685300792779592,0.30023568702352843,0.19317448206993246,0.5765228090901132,0.43788515507305514,0.5201750281686324,0.5093251068734918,0.45257015624255403,0.5108720878865334,0.5045022366784103,0.5219054186496608,0.4553269334607367,0.36184764497951805,0.0
0.424070647914687,0.18018765032082626,0.28665615806876926,0.3189155408422534,0.35403204206392236,0.7192798625446242,0.3363880546626911,0.3549057484827806,0.2888872326202795,0.2915297116360006,0.5926204545658851,0.5307412583558089,0.5671375523609192,0.4481967125937338,0.4466782535088612,0.692823220475047,0.7302064691276088,0.3845533251375706,0.5978041709355646,0.3599937596505229,0.0
0.11884534705872823,0.22632746492897174,0.43329221194298445,0.29826999433161616,0.21839070061459653,0.20766160419181054,0.2586964910528868,0.29147183672961735,0.21817580152156046,0.7981336369568559,0.4420010498277732,0.41508566615623244,0.5966673351248055,0.67294378764503,0.7131289481529459,0.41365950652229394,0.4760767059524433,0.16056640407678768,0.4706883190757436,0.5654027688320372,1.0
0.29030403536510546,0.2630876775757682,0.26601213856713934,0.40024830399116174,0.2633021273926591,0.6014042079414821,0.29991115363860354,0.3008246067529642,0.15491038614397545,0.3170259724507757,0.7832841810837412,0.548749772141691,0.49309820090480017,0.4346312878882557,0.4645053595911016,0.6914949467818063,0.4673894053978088,0.42917627015136667,0.3640099749709637,0.5088261718587259,1.0
0.3096326928592872,0.40381033832275426,0.3857979082059329,0.31105020907624803,0.47312446927244145,0.2509543032365102,0.27687937175956073,0.8405559142921752,0.35727851307337505,0.36107824632565355,0.6017471039908294,0.25580891216099133,0.3847241179307886,0.4706121150485773,0.41125820631009535,0.4325971828734769,0.5774090813212369,0.4321631681659703,0.3825078606613335,0.5492935148933641,1.0
0.1649060278338879,0.29339102227710934,0.3626370146169856,0.26687444453789666,0.33490536958710826,0.3590741541123499,0.192693683372968,0.33698342662547043,0.2709894646499229,0.7825502409376621,0.5219564628064853,0.7246604600924134,0.5167422762953047,0.3820315785197758,0.3845366353297035,0.12927829960302234,0.5875011925688647,0.45095977802727977,0.5608547310078794,0.5139431722889999,0.0
0.42477864073124405,0.3079588042796985,0.2382779591817547,0.2742478257391149,0.2696425638393049,0.2344942597492758,0.3607418897539385,0.41978083433271396,0.3068606000572656,0.7385367432792584,0.7389632199444911,0.5493394718532505,0.6419177189829364,0.5084935701348464,0.5643304398908523,0.5749611154960245,0.3085435319612323,0.32856334915034086,0.43528958744834634,0.5568285408689155,1.0
0.24342486811967773,0.36898738162170325,0.25868221021604454,0.38735872641813607,0.6589264968631701,0.34433220346348503,0.3329580467188801,0.21524019999202848,0.3448371467659368,0.2799871474298522,0.5029477964896012,0.768702869219346,0.5251617249220689,0.49168630747603426,0.18756671900732363,0.4667870953184506,0.5679928406341131,0.22217883373443137,0.4992941034456157,0.4462582724518963,1.0
0.29994197667773076,0.3177657477144709,0.37290369655999556,0.35792161630953495,0.22328841996476423,0.27073003477088076,0.6085302004651447,0.36264336107641765,0.38413418546855466,0.3196481355640201,0.8157391925396835,0.4060772044345937,0.43737831849397063,0.3319229291475257,0.633189238744847,0.4341535376763703,0.5638853822203431,0.6007356440798277,0.4944613833724326,0.599424561282436,0.0
0.31394276718372127,0.27923048743507195,0.28540930284389304,0.5189828818497797,0.24609033907920302,0.13499543259948218,0.31816950932314436,0.6879183163799891,0.3915977137303625,0.3800419430786329,0.5938194104835324,0.5277787757966094,0.40930089985687534,0.721999034954498,0.3267829288788592,0.3610991411233926,0.382629892082224,0.6170014255837007,0.3765073566531244,0.45356157878330194,1.0
0.735882839714407,0.22321691794056028,0.48419445044519593,0.4449174087617359,0.387666406511301,0.2831642357856481,0.31465714427554486,0.46805472036471546,0.41349123801035725,0.40858743121621566,0.385229574631474,0.6002610715975074,0.23528791313341565,0.32765095837712876,0.5167525611970872,0.27913998950036817,0.35229806219251614,0.3989042678570557,0.36601631630396564,0.40640558863790666,0.0
0.348072589101434,0.24430821078172626,0.34765928384064454,0.3525356627919435,0.7193135314768525,0.2615898636503996,0.3412272528709443,0.3075481781234406,0.3818512640316065,0.514224989501429,0.4721303232694014,0.5074418933236868,0.3722103414484865,0.3790258736494476,0.6079961197865783,0.49318650166436306,0.7517929453785621,0.4809001335714337,0.2959460184607254,0.3754940945336737,0.0
0.50549840884098,0.3161625942516266,0.2548607402555773,0.7810264187783361,0.33586819096831544,0.1506573849222236,0.36275939720377054,0.11168638687668853,0.4402982304107568,0.3929273806315281,0.5192921883870624,0.5052272116380584,0.3862730456761178,0.6172508586850436,0.5138011135027624,0.347723067536374,0.39586333209384394,0.49774751387916577,0.5459913918440892,0.42931700320790933,1.0
0.33724426712399547,0.2299025549305126,0.3405377613560899,0.6624719306152169,0.47799955971620595,0.4744651733829429,0.3183333366324199,0.22930769279972957,0.3776964620430726,0.3140489873826876,0.4070093071078541,0.3108492364372017,0.4761376524996687,0.45999509595549365,0.5832784688618369,0.3352151883600079,0.41395623194981807,0.4488722595870382,0.43009761997060175,0.22859818135106494,1.0
0.18538313157175526,0.4713620037723278,0.24713365400044,0.28136348572652087,0.4380130499492637,0.21231742945992774,0.25059503306725117,0.25595120319336684,0.8267180290718608,0.3980826401761441,0.27924448819200354,0.4762078787181841,0.35638678322641215,0.5999340274828511,0.5295328362972986,0.34359530591888493,0.526830530023937,0.5160880627005081,0.3307240030861256,0.5472441974318458,0.0
0.35128293316251213,0.2772775587136391,0.2607850670951655,0.7711451701061383,0.3111792271416105,0.26604790893659686,0.2307127193873255,0.34556754830127273,0.351019447578372,0.4365527684793364,0.4953837304666928,0.40397262283311786,0.5342590495980656,0.31924540074798635,0.6682302534480773,0.35590882371663457,0.34226768863773627,0.46826453495867487,0.5472208903937765,0.2711779872816094,1.0
0.14101995358469807,0.41035625543027887,0.3931598971662398,0.605661508472248,0.3258526727066012,0.1873698068387978,0.27530556617317814,0.30805313915550786,0.33829071481834677,0.5000097467419696,0.7105960777605942,0.4458596608991392,0.4072206684899259,0.46207955160355246,0.4433701239773681,0.40763611613459383,0.5330554783882797,0.5770158899659288,0.4996854509631603,0.5446906073066986,1.0
0.5970752208741074,0.3645793314410174,0.3476607479842778,0.2934516263685238,0.3488928683357452,0.16637520045254098,0.21756243999658284,0.18934598212760304,0.27301745694486507,0.37933512496937094,0.5499115426587322,0.5469104680126082,0.5679826396951861,0.6321819612920907,0.3296707483632121,0.558989753831203,0.5473292313393375,0.38256947153690135,0.44629874998216246,0.48956816249905577,0.0
0.34072154028863355,0.24389117928394197,0.31198071090839175,0.15728102044260195,0.2329461957503049,0.3410767987443614,0.7920614031598867,0.36754038329950467,0.2136067549831286,0.43756805082759054,0.6091765353390816,0.6988849146462051,0.4089835102317041,0.6408490531842204,0.4889322563335096,0.5516933704749178,0.4599245641739437,0.5830332621603601,0.3525510089602222,0.6123512262854317,0.0
0.2865326336523429,0.12442730250954401,0.3235613106034481,0.2547777372733262,0.40415279364756557,0.3498539341515256,0.5277111251160588,0.22752615312938912,0.3155636635811128,0.8004962238354638,0.3999520407740135,0.5683777202474098,0.5160816067970858,0.48075778443034606,0.5366427802678422,0.5794813382695027,0.3797716348161022,0.48361066458056573,0.5547612137435489,0.49552366890283867,1.0
0.14840503706846042,0.41155976599604377,0.4495557460016018,0.501953768437395,0.3793262673907976,0.39434829481849953,0.32555560685528734,0.7233664334826146,0.1557072581060901,0.3247469770059524,0.544116117757751,0.41681036403504435,0.4456438533908727,0.41246527742164046,0.5735014078454107,0.5611875306996087,0.47618136603810807,0.5042290299261676,0.3844142166852497,0.5256543585868884,1.0
0.35757096971538704,0.09966576443849565,0.40656368738174087,0.20100065254328137,0.26657492522749143,0.3248180684262338,0.21406291193948573,0.7460185854760717,0.44659741690870436,0.34769347615795015,0.6878359150038781,0.3304258001969067,0.4771777094609626,0.39729175357575147,0.30667222202075284,0.46495521658722466,0.45050102148864535,0.3904856924048644,0.42320370064033497,0.3739912869130658,1.0
0.3576915767627535,0.27314672391144046,0.3549677690339401,0.6996320889994155,0.3496470889262075,0.32742887926870656,0.15375176760473738,0.3643153082147411,0.19037419883260356,0.22122313255084797,0.5366239120671461,0.3381593604927693,0.5016836690458677,0.2881713026108733,0.4797399453709581,0.610060925417097,0.5224420495748021,0.6351407834424515,0.3419212539816475,0.7091376466054268,1.0
0.25280830363333234,0.3833451722194241,0.37324052503792055,0.36400493506007553,0.3163886218954865,0.44433165829731225,0.8368925092820839,0.42682601234450124,0.3421945773144113,0.2289723701528136,0.4740190871800992,0.68387820296373,0.3091871565016724,0.37721077095464395,0.766265522289508,0.524051254215986,0.5112344325932561,0.6211009919691032,0.5234307263222747,0.352854277891259,1.0
0.2896608644197096,0.23795214642560863,0.27055734871480475,0.34087424992138743,0.5392160975387342,0.20957881434633793,0.19635664042266504,0.38077450500211935,0.3604764558014684,0.762969498914781,0.5501971737193886,0.5775778654929562,0.4611969666431886,0.4801380302960979,0.5504544182878445,0.5576199162311668,0.3634240227563603,0.3096610763319946,0.37016923423132364,0.4922367276080488,1.0
0.3806631607147245,0.28617187260538013,0.37466655130744836,0.24942191965757854,0.22576529080971633,0.28553386870752506,0.24650727339920742,0.31452388530613695,0.9594742178866009,0.3925832177469212,0.6345874816659753,0.6286130665531241,0.2971684840133896,0.39368854708476836,0.6475195689545701,0.3858696416547942,0.5840187683393783,0.3535779894581988,0.5964657067974086,0.48875539669270757,1.0
0.24470345012392786,0.34738383868156325,0.25484635703120395,0.8315104371342061,0.3836499726502742,0.2599899605943497,0.2790693638687558,0.34796177522525024,0.5269830316196314,0.2906570209099438,0.42137067247718385,0.5350290615552225,0.3976718630997653,0.42230101291528777,0.49974181303504533,0.6494423762424164,0.2212231085946944,0.23387724066919388,0.5867123200797674,0.39632233392453187,1.0
0.2174183974608199,0.2818632699912584,0.2937039312007842,0.36748300471264883,0.3882726165123615,0.331086489687839,0.7260768016477824,0.3390634175664403,0.31132249546414903,0.2957804746116599,0.5332137710198693,0.7116027971957847,0.589273559076785,0.6409896352197877,0.4651321675937099,0.5850596802512454,0.4334657289544741,0.3710535032289563,0.29831163766982516,0.6003119754770114,1.0
0.24999634764043493,0.2296525669420461,0.3521044268002635,0.34740184092432863,0.26490010184890905,0.3114448905587048,0.20688001805792272,0.34969890965896716,0.754743187424257,0.2950444897315306,0.6149661865222257,0.5292883175803011,0.5548584212567536,0.40412475671067943,0.6417470143436599,0.38930747405577626,0.49117206864983187,0.3348177432932724,0.41260866578034505,0.6193858534553649,1.0
0.11889133534186819,0.12191540336982376,0.3644073727359706,0.7390903605855497,0.4218179819427398,0.3045341268211837,0.28868713554271885,0.3646472319703358,0.3891762081966625,0.353109935288321,0.4425678145943827,0.5257433772927806,0.49233559222358814,0.5725515630035498,0.5620112434772081,0.4283993357897541,0.6015457796389496,0.48933707933504755,0.24239848006228354,0.6785324997395512,1.0
0.4595544478512434,0.33864152904184375,0.3594459266201236,0.4547838768600845,0.3355290508925353,0.37706116334465684,0.3293186037111238,0.6949193957171527,0.3861968329619023,0.4390028874746352,0.5790423468118423,0.5908396207700222,0.551358576618602,0.3789808835675885,0.6801711334533604,0.7741910937896901,0.47553656927000104,0.3808908194120184,0.4915977789041503,0.6340864436276693,1.0
0.29935442784072075,0.44809036777366273,0.28316992193796175,0.40489552397592604,0.5982391591698879,0.30148745358343065,0.30204957835597485,0.278787700861487,0.18315732432822077,0.2083035490059879,0.5887205334140038,0.6616046717319664,0.693526471084246,0.3588218284758978,0.6058263003988774,0.5345212363968893,0.2892564075839541,0.32756328156377473,0.44485748388785235,0.2760064728477615,1.0
0.380862549672309,0.37473786624415606,0.3703419173661958,0.8066813614481858,0.2828148697559676,0.3935667607440232,0.42908414175169807,0.3822187023784958,0.10392359923445016,0.2986383239085249,0.45502764992944866,0.4994174331086549,0.5111716755250566,0.49635301342184107,0.3307438796254897,0.4438378048205257,0.5859886713056881,0.682143825500932,0.3107160750717253,0.37708607841086095,1.0
