ft_1,ft_2,ft_3,ft_4,ft_5,ft_6,ft_7,ft_8,ft_9,ft_10,ft_11,ft_12,ft_13,ft_14,ft_15,ft_16,ft_17,ft_18,ft_19,ft_20
0.7054229694681035,0.2508772137361143,0.3934134576280884,0.3535294144256216,0.3282862685254897,0.3748038220171329,0.3122169346120538,0.1306077218319353,0.2817384258304138,0.3687898416824343,0.7585514878258353,0.6080146256819278,0.4409114785545553,0.4819304463772576,0.2631933219309235,0.3484847696408659,0.1276189788039765,0.420548051864425,0.3822254887507502,0.3479643091001739
0.1196994252072435,0.6654718733864124,0.2352550519576488,0.4049607786065184,0.2927269121527214,0.3217195509214056,0.2462298236604669,0.3244216281327344,0.3605347501058834,0.2287077640277644,0.6306801766570359,0.3772788440820042,0.3281901250328788,0.4459100145415241,0.344165229732084,0.4034611742735386,0.5791521063093749,0.5589434145737089,0.4483070280441475,0.45575982386647
0.2265577377119769,0.6702245544460357,0.3445950109244705,0.4974510748150752,0.2982313671607002,0.3161838122424837,0.4308170182009174,0.3139773637021999,0.4141267878221827,0.390934207830688,0.6376005490016537,0.5663230310729419,0.4203721449675028,0.5134639711672888,0.6099829623407975,0.3320803587438556,0.3273873281159089,0.23998400214477,0.4636578257679445,0.595456946830411
0.229718219352781,0.2915057742455523,0.3946235012679304,0.3907577125702472,0.31060612348543,0.680242382444286,0.283559472558115,0.3454120871320861,0.4217262943947948,0.3942645905645592,0.5898893448430558,0.4946614040055802,0.6405232706081802,0.4783989281810611,0.4377907063672407,0.5899211397534359,0.6482414105606897,0.7001120514637832,0.269150469620481,0.3851090356923046
0.3731172570287887,0.2498222744643545,0.259671245146966,0.3296549484554454,0.3075893606153117,0.6579563089840363,0.4081619713125682,0.3182888694496318,0.3335877517389471,0.4289808500030488,0.6315667204577291,0.4392085133811877,0.3921509518477041,0.2829006955382779,0.5624051286642164,0.5254306577909713,0.4167053777096489,0.713325181940887,0.5865824006603397,0.6390190977255025
0.3959013556987053,0.2958852117517882,0.8639326397588459,0.3134620450408766,0.2682246331434394,0.361538253360766,0.3238145589098886,0.3762192664609617,0.4517500661008096,0.2624462941497171,0.2831000238595204,0.6453759253430718,0.4317162838210393,0.3988195900377848,0.4887113767299156,0.597548417159304,0.3746195453078162,0.4853738257811367,0.4955488621166372,0.5769415865786662
0.2296356499754092,0.3433214144291485,0.2590642727798003,0.3517553024556695,0.2718095727224214,0.2924481593998276,0.237792826822492,0.4073605828006288,0.2462770029856641,0.7921013229633024,0.5474040149815461,0.3968277835525404,0.4915654653744904,0.1659270111969124,0.3822452873398293,0.4323021586765448,0.3952634248860074,0.3038469671521371,0.5171351815847098,0.2946091511478872
0.4864057037871201,0.3388154087216744,0.2816799498571972,0.4375082615159793,0.3145275502816282,0.5246430287395372,0.2805256636046102,0.3400057036171287,0.3915163298304155,0.2922019046673708,0.5861642804396118,0.513523320839694,0.6188755065403507,0.3711264503263655,0.5955341573937469,0.4253921299556864,0.3548262561965605,0.5914447281823102,0.1372659674993085,0.3642076660553959
0.2227995819045119,0.2890539139725268,0.7190148010213436,0.2689406196632937,0.2702062225856081,0.3388652925463181,0.1765278700358381,0.2302205669975581,0.285404394222479,0.2962980637374379,0.5084045812069128,0.4827606628073922,0.4934938696043494,0.462267846082093,0.608250965826864,0.4385494268446289,0.6398540053060814,0.4681864121243236,0.5556267653987175,0.2991584066806159
0.2572162319941991,0.3650267430535808,0.3327406521071704,0.3031975561976769,0.7288442980090275,0.3770617109697372,0.1433510941808371,0.4339625738087209,0.2523246196581404,0.3155744118796637,0.5274027051318803,0.5499777397657617,0.3943281000219258,0.3006083488437771,0.4951685919893231,0.3507978741364319,0.2864249960106589,0.5683750194138247,0.3763127039409278,0.6023933582623939
0.2442704256056634,0.2877334755374582,0.3270285028213012,0.258477563602606,0.6689367448282615,0.2954322222503441,0.1709982542399772,0.3427510205170901,0.2746117912446318,0.3210522619370896,0.5315935198798791,0.4750945656153745,0.3942356687545654,0.4174287200481332,0.4831506007439655,0.2609176203280438,0.4287692905189978,0.295592740118905,0.4988672582292457,0.4681434629952434
0.2815605767883863,0.4259098569881738,0.4092098130999762,0.1557472905441307,0.2561236569634706,0.315413719854115,0.2759906833425183,0.2865157989721176,0.6848687626355974,0.3872641263811953,0.4747490664505931,0.5091791230270146,0.624752445287886,0.4860373707015086,0.7166274944191503,0.4864745354337685,0.4355568477562719,0.3937025834981822,0.5281037551635083,0.5198447045967844
0.3662945097681128,0.2712489327446629,0.3119022841191463,0.2339909191470973,0.3459801066439231,0.2543996010891592,0.2708443820293095,0.7237798881170421,0.3088444168472716,0.2674600723621013,0.3835179329106666,0.4134361936404163,0.5461609797830014,0.3938077705941653,0.6498611061460013,0.4736253805232746,0.2680341034980139,0.3718484821460575,0.6170781796987513,0.4103443426762939
0.4595544478512434,0.3386415290418437,0.3594459266201236,0.4547838768600845,0.3355290508925353,0.3770611633446568,0.3293186037111238,0.6949193957171527,0.3861968329619023,0.4390028874746352,0.5790423468118423,0.5908396207700222,0.551358576618602,0.3789808835675885,0.6801711334533604,0.7741910937896901,0.475536569270001,0.3808908194120184,0.4915977789041503,0.6340864436276693
0.7516016425550216,0.274940701905056,0.1979381596967424,0.3630031410186395,0.2833130529216438,0.4002890199519267,0.141127013719935,0.3265368629467582,0.4018959249890885,0.30623446952675,0.472221021038414,0.4509137649831241,0.4493078374133861,0.5140124221707784,0.5578857650089182,0.7267639552795782,0.6089639328445979,0.2312638538732581,0.4949794083730062,0.3977035912337689
0.3049197544314339,0.3694323084174805,0.2775946803537291,0.3443516087686644,0.633243861394903,0.2627447701015087,0.2061801320189551,0.3931821848443962,0.2660786194313606,0.2033678245297504,0.3327376252418222,0.5154306899403608,0.4949205829497338,0.42596381304657,0.3319104267553732,0.3333013987198035,0.5685347001230496,0.3360217804121799,0.3505860341173601,0.5289277878119057
0.47609929339045,0.2198864176115104,0.7669258446684056,0.391292750988721,0.4378522416568324,0.223006623231063,0.2360389613571679,0.2496396324590247,0.266222173413537,0.2201671571900484,0.4586244443618102,0.4310567232902797,0.4431403672491746,0.6054281726072194,0.3762992018705008,0.3350228771837291,0.7298890544837177,0.4840048727131132,0.4531083669160544,0.2845217039406333
0.3794556986897161,0.1954037500503278,0.8335125106855789,0.3989352764474976,0.2505515444337084,0.1751653642428551,0.2714469514856562,0.4881907880499057,0.316255817266881,0.4329503747825338,0.5261773237062441,0.2740507935226349,0.466715789332512,0.4910075992002897,0.4589805393751051,0.8166395968766691,0.3660690715306376,0.5978440008352359,0.3757362176912278,0.3966976244729694
0.1784112667974561,0.2495937270284628,0.3570340470741721,0.2879573223005963,0.3492441202401722,0.2039885688712268,0.2633280062594825,0.5197257127222662,0.8481836556400755,0.2278343780525863,0.4136127942239189,0.6212818471115593,0.4887325437775109,0.3350912473740771,0.7690442176611688,0.4533869733117841,0.1955606298994677,0.5273938067424844,0.5219296045083276,0.3842485408783944
0.3011888951593888,0.6643343994914948,0.0819937127322719,0.2758510803831325,0.4161801575859482,0.383715459352261,0.248691868171748,0.4224086252350859,0.2319242556471719,0.2476021456615268,0.5240885271165484,0.6059720602417171,0.2766090015367038,0.4670803827597353,0.4384599772019708,0.442120880753227,0.7486495545055893,0.5501359442079978,0.4521717923487271,0.4024875074963628
0.3135097186165616,0.2113936338859509,0.4259320119862654,0.4513141323221449,0.668694539437902,0.2341565742366019,0.4218482452562365,0.1511790724885342,0.2371843930815856,0.3681178006875049,0.3988500118786576,0.3920118025882908,0.4244706202324679,0.5636232786042232,0.31240927683999,0.6463369131597337,0.4669843384423552,0.5382530999217283,0.4687694004549648,0.4727253023049421
0.2611255482816241,0.2133152837820886,0.3390566137936099,0.3089531854765411,0.2836861190639018,0.3034717348691761,0.37046166869398,0.2828955565716547,0.339371496684152,0.7235195724322498,0.8299637804686035,0.4225284206889292,0.3328576476150578,0.297952171475807,0.5821770272976228,0.4424898359104622,0.4966933455083179,0.4176070675225899,0.5593827308677912,0.5854564776264071
0.2679331079108375,0.3414147356672421,0.4155785541632875,0.3789540232955943,0.228907992332904,0.2429793225459958,0.2596596999394961,0.3522884232815111,0.2895495530866915,0.7722906988808537,0.7963225983135307,0.2739167486578859,0.4630036147347054,0.3704238464557871,0.5274522352501411,0.7693391531820077,0.6465412970001265,0.502602493518801,0.6221338788558239,0.2759592265961228
0.3587661305768744,0.3889470061377526,0.3313715401284235,0.3206196801864515,0.6383129953126248,0.2711053056487915,0.2922398429811726,0.3345447955161196,0.3345563556263249,0.258757851113514,0.4094378354878044,0.2535164933837759,0.3486179329900012,0.5441065941980566,0.4714612944910903,0.4504581585123666,0.7004636558761275,0.5628238206551397,0.2762025519719053,0.1613024026100475
0.2169472879654247,0.5752985888610441,0.2548934713431534,0.284255786851697,0.1548514135787397,0.234768307088132,0.3241301063320278,0.3380948838217375,0.4110100181648346,0.2301746338474367,0.7164649854590345,0.6507265023472463,0.4728701455833902,0.6476103822307322,0.4494557098993582,0.7413010851563091,0.4756236425762688,0.6780869020421219,0.4144455897543795,0.2589684674766384
0.4114073183804445,0.7579511647832208,0.4485028029784509,0.1635608477506555,0.4415122251393147,0.4140274052031722,0.1933651475838077,0.4690076747380137,0.2619430390001283,0.2028785745526496,0.5141632823034293,0.4854936189811398,0.4269564392363943,0.6069075040510572,0.309066242590158,0.7598387369293691,0.6630792684313782,0.245959941280453,0.4164767258658581,0.4458868796060187
0.2851240540630939,0.3242271705539021,0.6415438410719292,0.392313559424005,0.1286186138592434,0.4108068215123495,0.2596887003986003,0.2877058076883173,0.2237495720492971,0.2978565186041373,0.645574140504149,0.4789163706249735,0.5674381380584484,0.5283570321035185,0.4165295201578977,0.4044993828104168,0.485964345087201,0.561987604223815,0.30764908597224,0.3948453570167042
0.4399932902954602,0.3061219295160876,0.3465638621375443,0.4286365819896886,0.5450416671181049,0.3700894484110378,0.215891586942158,0.1679352192025769,0.4362024037284668,0.4270446611653135,0.561739757440867,0.3386491548712987,0.581116733861624,0.4505123470709836,0.2483262805603432,0.3814123509735333,0.525260064383409,0.4277168380564207,0.4833410221266748,0.214255441930617
0.3013628030134102,0.2446850254426892,0.4548077722638796,0.8531864260126997,0.2986660218022655,0.3724362944139929,0.2760615419172222,0.0750622670746565,0.4280777988985395,0.3964781252892617,0.7149792170612215,0.4590926391210965,0.425833814664828,0.5602356826399543,0.5803255581765429,0.2958198120744306,0.605667907918417,0.2909778879038347,0.4850577991606174,0.3402609506350135
0.3665009102217041,0.36156901371037,0.3344296208634856,0.6862393245157272,0.3681272908571039,0.24741668546052,0.501758871099915,0.2509992005491708,0.2625233743724332,0.2448731853106242,0.765438364587055,0.3987607594822665,0.1000359659927526,0.39455717373393,0.5201611640129853,0.6940492548778274,0.2903295447319233,0.3138362470177734,0.3882030054480468,0.539453112701541
0.2986378902530325,0.2502042490694822,0.2902423510586032,0.4735478910219151,0.6834807933741351,0.1376341907376756,0.3019072421637142,0.2607736341016429,0.2835942554279282,0.2029098024550504,0.4701227179559766,0.3992468364167438,0.5845415602725703,0.3071813841696869,0.7466390330329102,0.66842828079923,0.1558759357507046,0.4885909547977661,0.4449715585160235,0.5426907375900988
0.3052290091737557,0.0704129285930881,0.2993767265770542,0.2912967758825696,0.3529794769173043,0.3820483153447644,0.2092740644364239,0.3076616365352032,0.7170926941704046,0.3111297887342156,0.5064594556434324,0.4717703675032775,0.4496733915322131,0.3972433283652472,0.5335551281661527,0.5961803673868158,0.4186051472137756,0.4796024169442606,0.4401221531196743,0.2132902624251027
0.2819316203358873,0.2944923454428551,0.2621096731830767,0.2611687312559841,0.3426204254156748,0.7877698053955327,0.214042154769041,0.2133580624885134,0.334801835432006,0.2079994602822953,0.5439314309215904,0.5872037103245704,0.337336533380981,0.5196783398927532,0.3498460933082063,0.4313159059651172,0.4641180066056286,0.5138157196622964,0.5750774378998059,0.710923097191193
0.3663404181677482,0.3911185540392309,0.3891725952892513,0.3410061905691626,0.155765615595665,0.3747932969942008,0.6394003047880533,0.3445003610229637,0.293612427226783,0.4286923364524603,0.4272993349612727,0.4099367377784917,0.4200952394155983,0.4006108923853851,0.5782677456284526,0.3695253129103785,0.2894650812953752,0.5308803810399297,0.4316806042917881,0.4385433340476704
0.2892183372579282,0.2862900664750261,0.2754120904618831,0.3834324334377398,0.3817827241846666,0.3111132984680602,0.3107029103554153,0.2987659728756442,0.7355982402574308,0.3255137819432437,0.3395224182890857,0.5864984051102637,0.7709196181986864,0.1764304378558291,0.4789832830766203,0.473292408413236,0.3625141939910806,0.5244874515331355,0.3153611733278619,0.4020408214953791
0.3811520801455504,0.2522457574865753,0.8667567165355581,0.2300274484179689,0.333883027821274,0.2998328365089818,0.2191591699487945,0.4174230131309587,0.2681788866370892,0.2512951694489779,0.602232372089242,0.4533166400824479,0.5028103334071993,0.4451223384122083,0.409379109662933,0.568832021249321,0.4382891145972979,0.2724185353302266,0.3891144362303697,0.4493563864589191
0.2377090467040843,0.2962188413666423,0.2796411770398804,0.2070061423510427,0.303127444976332,0.2987648851633098,0.6915782466794871,0.2701438453116383,0.3607189771993158,0.3265761169150825,0.4026730079619544,0.6193365448411592,0.4686504716433229,0.2851874729377399,0.5325265040163845,0.5898770202237051,0.70055273020237,0.6918617662118725,0.5737064742087818,0.4097938692832875
0.2653650342783267,0.3423866532050624,0.4180111954970791,0.2361057758691529,0.3321039793794162,0.2511827025901731,0.2191011911952325,0.2728365810523103,0.2095409858622265,0.8355332737840078,0.3999751545613287,0.334415329996973,0.6374331886441856,0.419089120126501,0.5375821102104146,0.4091474212424669,0.3996840337830448,0.2255391924642168,0.4112459452832516,0.3835291672075384
0.2523398027842284,0.3507221898059031,0.4641278842834704,0.7505372326386481,0.3836211454136984,0.3499268985674476,0.2310704153527424,0.3529037049088334,0.3728835248281801,0.4218670377046006,0.6223498325399646,0.2981776104412351,0.376114284058226,0.6350812101671809,0.6530572858085488,0.4105290637726439,0.4215778385412825,0.3322749042994157,0.4727028367239919,0.4881933682938558
0.1455886515902081,0.2662146818310813,0.7820082665687487,0.3869948633304768,0.39320266648043,0.3438034140572001,0.3404890189457981,0.3014835187140631,0.2830897497221371,0.4340300196469954,0.4814102557943982,0.376407636271894,0.4003907657246728,0.3825564025672111,0.4825784064057551,0.6108976958020631,0.4257588006780386,0.7515350702736096,0.3907263206504981,0.3881911413992679
0.3087468797901382,0.294947975985628,0.9231437979169964,0.2337090656359806,0.2529526832276812,0.2359262048126512,0.2496377297014039,0.4126352301666327,0.1766585394320032,0.2390263513505029,0.771890315251047,0.4098953750668466,0.4375418733089476,0.4482371859275245,0.3356507104764142,0.3906741281926404,0.2131761489021357,0.5991213347458175,0.6166553920731901,0.450869931385912
0.6895595987100375,0.2051512050714949,0.3907794701175076,0.3551213632907788,0.3558401283729658,0.1982557558424902,0.3217790545973704,0.3641837076947632,0.3736200171561832,0.3038216824716883,0.3657180440543274,0.2226880315391317,0.5782077771449541,0.3924077483825812,0.4234069391174143,0.4898242228534998,0.3273922332488546,0.4228168258175517,0.5539163109770844,0.550909828401241
0.3384131168169674,0.2317692504149507,0.2897094057334641,0.2487501871428739,0.5833442594623355,0.1728256055134136,0.2498356190584376,0.2243696916206721,0.171341235621179,0.4494161457443427,0.5155469817175198,0.4716058739893228,0.6114977926938703,0.4527686981654547,0.6462423772099806,0.5354304832219484,0.601850425106471,0.3514036179600316,0.5616867654544266,0.3921059257682319
0.3078385798422451,0.2586246146102057,0.1914486732996332,0.3103834001732082,0.3709700135092061,0.3910898716485057,0.7294473779810924,0.3706949142677251,0.3333190054429119,0.1689533946463993,0.8171046653841794,0.2062011142014905,0.3330936193708669,0.437851447493534,0.5823380404841612,0.553581244586584,0.4593941651022795,0.3127944009919314,0.5495060461778328,0.3753875570131621
0.6110310387004341,0.2877007034948478,0.3393228512989058,0.3380920113535753,0.3758258795791206,0.2872000201473113,0.3122228387994509,0.346502339949232,0.3991030457900816,0.3690865487680754,0.5761613669415865,0.5551029788331366,0.4744978608622685,0.5131371232680988,0.4282281435264322,0.3529115009787076,0.2453282689375194,0.5228108033537446,0.573736792575841,0.4880341253167142
0.4041110407296499,0.282603461276093,0.4094802333802156,0.2903352409224081,0.3010624625244396,0.2815652925260223,0.2925269515567167,0.4058037251615849,0.2918469831109795,0.6834548531712674,0.5612966022102425,0.5849738925051726,0.5553008278491661,0.3596721173379396,0.5594805034262653,0.5491455820121324,0.6233762197142696,0.4910422946180716,0.3067719394803927,0.5065814682590885
0.4949283021182205,0.2687493919180049,0.2424078184127988,0.7820402938540614,0.4307782497844545,0.3414253243042442,0.2112113671334234,0.2936774058648365,0.3214507267075523,0.4118018318384849,0.4130669847089959,0.4177489034489122,0.5629283677507296,0.3230565577063027,0.4679529135769255,0.4048785790607258,0.5393989362826616,0.5814679345575293,0.5481861761864237,0.3982034177293316
0.2534683657542471,0.683672627167049,0.4108012725269224,0.2483230168703166,0.2467939769041299,0.2021648513518776,0.408275914208983,0.2589804049391256,0.3269080546588103,0.2349921509122952,0.5373125677420497,0.3486039268226428,0.5029525988042854,0.4684244199869975,0.6227360095406691,0.5745788798564607,0.4403492295376183,0.2390678082843024,0.431208311465858,0.6257428855595676
0.1165065824197371,0.6688414950832495,0.3282328208405413,0.2984259081791788,0.4128983561468377,0.3661957483744788,0.2883626005969568,0.3811272607762878,0.340546770969277,0.280688812468981,0.4970335275974814,0.6953844390702608,0.3503409771175916,0.6168583335808481,0.4058038836206666,0.4558877415556334,0.5581606946858646,0.5028773338746019,0.3887448821126462,0.3278837422802423
0.3150767095316371,0.401091330260619,0.23461470217466,0.4024154350397591,0.2903803112591841,0.272141331069871,0.3844911072280477,0.7059194105007398,0.2442682426490736,0.257226073281157,0.2870666895821602,0.500968393934349,0.4644717737284924,0.3457394331321105,0.5965070071809578,0.1015986004120995,0.5170177529942019,0.3508200126833465,0.355115311050577,0.4956279512000909
0.3135990410846687,0.3184269378748234,0.8312216016743821,0.3187024299217392,0.3161472450071961,0.4093717273987063,0.3012714168634554,0.2815635120533195,0.2332834630816716,0.5025392603703644,0.5448672404875199,0.4375095741938221,0.5346309094925689,0.4692811569054845,0.7078917816789145,0.6012249407073365,0.3014680831782468,0.6786316648778217,0.4369081709045165,0.3386110461364267
0.3078250620419377,0.1740831443723953,0.3074730051780499,0.3495838467606458,0.1710047316257523,0.3190950580134018,0.1930421225124954,0.328627391417468,0.3076143205951386,0.7236124224182237,0.459751440573086,0.6288674892951021,0.3530959517124331,0.1794255749541691,0.5256088963522529,0.4339774052023083,0.528915249717625,0.5893753483034475,0.4198712794133581,0.5685117207622074
0.1958923318832386,0.2280853636748424,0.4302732665311068,0.3493903338081222,0.128757854028933,0.3992575403981664,0.2598576015256775,0.5988907194113555,0.2574812733173272,0.2930339065545647,0.5565737782455049,0.7130758057729167,0.667570533347726,0.6201373761032012,0.5263427564772422,0.4008723557086295,0.3554501895360823,0.4647476010145068,0.5509686814840438,0.6470496930206339
0.2642118354866837,0.2434147127709057,0.2537639049584828,0.3703780410562601,0.3065839297012672,0.1901641794000432,0.7496792236000457,0.2783993361255918,0.3265408437301093,0.4416149283508611,0.5913877186030252,0.4188946270957028,0.5172115503005207,0.490290125962408,0.5260525143480886,0.2276831874068873,0.333705502780031,0.3526928373631658,0.4728579047828322,0.5541555713290616
0.3801226335738706,0.1236118329410738,0.2874002511700763,0.4193038891482057,0.3487029468063463,0.2370423918217425,0.2820825546537356,0.7657005198861033,0.2211551661649058,0.2908512451260174,0.2491109573335032,0.6599283362777749,0.3797368688412728,0.3957925802568854,0.4750834283844704,0.6159995255729335,0.4282468076983788,0.492014876420054,0.6320908911437926,0.3602576736832182
0.2799122030714467,0.6844500996444027,0.359047293784507,0.4814948480781881,0.2898520598803502,0.2686772086058615,0.3564350536013896,0.3546118362303609,0.3742847723086327,0.3392788828785849,0.5638635047930954,0.4837478732094843,0.4732173814888815,0.5618630948711275,0.5038322481447136,0.3564407540322459,0.4504013720495488,0.383390120342535,0.5541431082754922,0.43659206425818
0.4521367294422418,0.2754599083708328,0.3215499323450259,0.7074742858484724,0.2586093303021434,0.4196755875776901,0.3452381001801,0.3021062441640871,0.2219587697356441,0.2057971626257217,0.6305992891764766,0.2942660136330762,0.4535748019423162,0.4323713785974282,0.6445928621820034,0.3720904278711783,0.4159049054397782,0.4398328039829397,0.5371578273674882,0.5321844191462072
0.343441357134999,0.8143170147192194,0.3217127920382555,0.3131320234159747,0.4495488782455518,0.5188139980264521,0.1793786883954153,0.2387017897101024,0.1784044466846653,0.4483602166848377,0.4158370431649771,0.5397805499319054,0.6206123657897926,0.4334781875946053,0.5881291827604413,0.6415407158147166,0.5789887241659817,0.4527006715227742,0.5311979292904758,0.5570710246073514
0.1478739535412264,0.1925021598976701,0.2498734119855006,0.3533866530946244,0.2920464651655594,0.8971637592456452,0.2578008101864975,0.3161042604645615,0.3184626006300145,0.3508855000528508,0.6481298267872887,0.2850683271068652,0.5194264158526112,0.390186889800186,0.4288343971068447,0.4857050081061593,0.6562355936880938,0.5646968105794873,0.4986933224961734,0.2200680305357248
0.2745113484795735,0.3601939750395198,0.4165651717177717,0.8593410545149698,0.2819558891175398,0.3335537763927189,0.2377900170725263,0.3315576858972122,0.3153756596533321,0.3261435329106694,0.4808403480383629,0.3896277114832884,0.627212672082113,0.348293527593708,0.5957689790067319,0.5759598561935962,0.6386949430958785,0.4608130512979886,0.2160081851176259,0.4681483335978813
0.3871558207251163,0.1566479260703467,0.2990970545812857,0.350734860273013,0.2795946482363292,0.2909895175344566,0.2179019953149937,0.4341056285913926,0.3638018451686267,0.7864533357224662,0.697019343416664,0.5560129443970004,0.4442071122945555,0.5938812947153373,0.5538573007203499,0.4065745338567514,0.5814262285500639,0.5910742073302874,0.5569251334527157,0.4204384144980062
0.4362577248175947,0.3022726241336156,0.5222577856896798,0.2274400140442303,0.2215088229521663,0.3479147450096558,0.3141152807987615,0.3803105451741429,0.2983874735950932,0.7149877017044297,0.757196282930306,0.5569808804468365,0.6972710371704338,0.5084646949882442,0.5558393544813781,0.5385182098684165,0.4196082555400066,0.4286833375496672,0.3937232954354739,0.4127704543457282
0.6523814707766045,0.3912666249159132,0.3500741180939675,0.2757295719867135,0.3507190419182393,0.2588408327703828,0.2675883253279157,0.2620736953305906,0.3188567427246092,0.2906005608187346,0.5207508552421898,0.4176742474493876,0.8664527352510984,0.4363542513575231,0.5746598454112319,0.3922812264881071,0.3620085419031321,0.4006228029237694,0.3000454154359873,0.0776580672530111
0.2851967488604862,0.2628362103777029,0.2915723690250064,0.2615065690346513,0.3591430592651579,0.38837552973721,0.4070714705122478,0.3145692812056858,0.4062712648770339,0.9041947004293802,0.774453826254541,0.2754379773736939,0.5756721495606407,0.645239613196071,0.3887766029440643,0.4312592467385611,0.5800878690454442,0.4130200212673311,0.5397701837266923,0.5043590440225246
0.3909854138550264,0.3511996572208128,0.3663002367882017,0.792547846615665,0.3814286307526328,0.2783333659151094,0.2640005231459146,0.2464750501578319,0.2065540264478866,0.3383743124325654,0.3205580420794198,0.4330742110296883,0.6031286533162354,0.5503432999857785,0.3921654052802337,0.3502696566207065,0.3370175916506422,0.6045460536341375,0.4293066802948955,0.5596333270510776
0.1917285358398801,0.4490525304640771,0.4576303511047879,0.3020407539796617,0.3533102855630957,0.2363079116986289,0.3873150293442137,0.2105242306670154,0.7617330198826646,0.3661558338858957,0.4492759707135615,0.5269646504451663,0.4473964941514746,0.5450824331556896,0.3492475444467554,0.5448953522396164,0.3961414014466164,0.5422202642345639,0.2800880678184416,0.4372477501205317
0.6647808437028879,0.395567507855179,0.2100792639203949,0.5022697027263985,0.142103545199501,0.2639196274951638,0.2543336132048588,0.3213014104953236,0.293569293195272,0.2683639311875935,0.387288619702328,0.6480335352089333,0.5733131734006687,0.193465231577272,0.3300078905378548,0.6568615409573082,0.5546354013218266,0.3290670758590905,0.4821675897571367,0.2905373929883287
0.2218438978979764,0.2267627232924569,0.3381132910362817,0.7882759238811894,0.3161329961105847,0.3596755384812338,0.410999410674547,0.4100130344055548,0.3469854545059091,0.4246210183809489,0.3849876504702628,0.3709291341060082,0.3665638755040583,0.4447417139504451,0.4183865726389805,0.5735111440883968,0.3803609218973591,0.479997547697146,0.7162016296637504,0.5198583971702077
0.282005544279964,0.7636232354446211,0.4008170667141573,0.3373144063285066,0.1432629156189693,0.3367566542972818,0.2630945089913768,0.3424806879426018,0.2838244905390729,0.4726898526460632,0.7315454847291842,0.4111439133571922,0.3612580105245229,0.5661974099365027,0.5337063026137685,0.5620260109409727,0.5872508545865395,0.5942127104758339,0.5906319147712623,0.4751615385281828
0.4314118257581837,0.2876711299396409,0.7756999332515182,0.3403848307403971,0.3226781498541541,0.369579287118814,0.3927963277864688,0.2684949245947385,0.3709607136303464,0.2952689431074417,0.619828464777079,0.5421057542731823,0.6116626287670561,0.4274391371354712,0.538020021168065,0.6203488026911963,0.6167471869253054,0.3297369113410635,0.2600030202935369,0.2779454235445381
0.7007796065037185,0.183477633992256,0.3239880408811414,0.3527369791354767,0.4675015979719291,0.2877564451642089,0.2551625900762764,0.2122734431636108,0.2924867611961766,0.3342293041843666,0.5502388016640924,0.1655835867849376,0.609397512755035,0.3684880890501921,0.4292539732415552,0.3562330429001048,0.5740311935880159,0.4346299281988405,0.2637491841044246,0.6004722534491872
0.7008293781691362,0.2358384778178029,0.2876226525151287,0.32709808346335,0.3291615301132792,0.2930888073539979,0.2568922359739507,0.2112428624631853,0.3190549986562911,0.3721584607228811,0.464823858678724,0.3722937545361005,0.377436894063575,0.3909953502328204,0.5843281288031644,0.2940411789496594,0.4052081118660577,0.2875651023959152,0.3093513911448309,0.4369667376943038
0.3980118037567436,0.3748135491496411,0.3254612917665286,0.8391694485237439,0.3509596510301704,0.3638479919888249,0.28979607182465,0.3670709239052849,0.3260994863559496,0.2914122831735136,0.5404203339719836,0.3549764111043502,0.4018352884461734,0.5030346246644528,0.2547375477277276,0.5891216398314733,0.6612654549514955,0.5813593695485013,0.4400185732030447,0.6538321736636534
0.2133046127486261,0.2583669669255429,0.3536398026698347,0.7882698172370044,0.4219953511909747,0.1907134069465464,0.2716251811710541,0.4189205316730334,0.4010808884275032,0.3246368506194914,0.6590837554539424,0.3092328206057106,0.3420607527910722,0.4365419462120423,0.559832974728687,0.4717207338283247,0.5908946156831715,0.683785690591336,0.0513649098383325,0.2919976086010815
0.363443002268551,0.1328806340472001,0.2200432974766633,0.3726966434539462,0.314227184046469,0.3290601430933632,0.5865642544269742,0.3951084755837084,0.3691431637375598,0.3589086323287229,0.3737704721659481,0.4996667449525054,0.4837232862738225,0.3384364754093489,0.4034451685718713,0.3891686048395578,0.3127451558103694,0.2268745391320686,0.5836230977435097,0.4412053038609548
0.5400382598497597,0.2206849263816743,0.3389536748520627,0.1349619829958465,0.7483481574756419,0.4153086451881866,0.4868311611238417,0.5110866076715397,0.4564881993769792,0.3530727995508031,0.6311436447002587,0.2371165389991092,0.3722217068353169,0.4768953044337046,0.5505994679094205,0.2682394808085127,0.646998792031656,0.4552432638468678,0.5662529736241383,0.4398566978902231
0.7035709905573231,0.204041954854023,0.481998063315737,0.3415098422166575,0.0609192391790429,0.3574012168446089,0.2811924095870798,0.1867451613127244,0.3566956849916971,0.3304810876648005,0.2387693833200516,0.4265721101821199,0.5180293558452114,0.5856366389675633,0.6897228711010776,0.5772281000949188,0.6167425217306557,0.3622854232719052,0.5683720648385909,0.6128475427558542
0.3498399501553969,0.3771876240541672,0.4015867648336833,0.37943566746922,0.6284375016385906,0.3656040896791288,0.366671692675681,0.2216473884118296,0.2831447835206689,0.2796020971757053,0.6976111949910513,0.6339621545880217,0.5033922802613904,0.3293159434451562,0.4023243495833896,0.5087103566196456,0.2475873784921348,0.2791725923309897,0.4232510008736276,0.5255598090047037
0.8176256740198918,0.2558066769138244,0.3981808633947523,0.4630090971387267,0.3845144221488602,0.3058502264221155,0.3871184595832667,0.1548672900192458,0.3992137606706192,0.3016757108112824,0.448981115164924,0.3739683123524851,0.5625220595927056,0.5849321178577017,0.4002114732521808,0.301656786747242,0.6712951991300744,0.301289916545257,0.616334167612611,0.405229604792993
0.3445663967117453,0.3154223506598432,0.3010240446403345,0.1904735545035088,0.3716049788456425,0.3162411768286274,0.4257972981373009,0.675995706916297,0.3870116230126451,0.2374798511704161,0.7837457764795661,0.4224239035202534,0.4624069480534816,0.4345205049290424,0.3946865810182599,0.3209726103720931,0.5478431354316239,0.679733943129137,0.2847165455457342,0.3426976690402491
0.2378600674221066,0.2480296341895237,0.7636959434100592,0.3958460419156773,0.2785313799619421,0.3929037940162524,0.2846653373070327,0.3980284443340258,0.2828682161245339,0.3774888059498563,0.6492643675732481,0.5940275752449324,0.3035172712615533,0.2053318688247329,0.3486583465147561,0.3571030452933507,0.2183488295492283,0.3943725467523554,0.6577674862291083,0.4709084889644944
0.393181307950176,0.2931358495563181,0.1625641010524154,0.3645311780782452,0.4232956216680831,0.3040579455116398,0.2229726781663391,0.7779401548364164,0.2719799617569043,0.3456133888608837,0.5761724857002805,0.4959862519896653,0.4494331213010797,0.4117626076125308,0.5673626477646646,0.485874342066282,0.5059174166573138,0.3327320345582749,0.3678092221113573,0.5236082426877542
0.380862549672309,0.374737866244156,0.3703419173661958,0.8066813614481858,0.2828148697559676,0.3935667607440232,0.429084141751698,0.3822187023784958,0.1039235992344501,0.2986383239085249,0.4550276499294486,0.4994174331086549,0.5111716755250566,0.496353013421841,0.3307438796254897,0.4438378048205257,0.5859886713056881,0.682143825500932,0.3107160750717253,0.3770860784108609
0.3288691011367851,0.4212022369377938,0.4073932817231511,0.5291557433787926,0.4482599722290131,0.4227939232786593,0.5191048126313493,0.69296507301396,0.2212218002278617,0.3575121114444552,0.6121652900816633,0.6493537931724357,0.2436203563545288,0.8109352958580077,0.5162575705205111,0.4192556882408883,0.2825763241448176,0.4147387703745726,0.5273333853565417,0.3505834565036757
0.7842909761814179,0.208397243116174,0.2572499572411751,0.4356083082210932,0.4313265961166168,0.3102124569781182,0.3948342183597565,0.4162008914559519,0.3861396979752569,0.2354984826620264,0.4174749379667862,0.5105686037193065,0.5937285233111277,0.2565547191136154,0.7084603169806323,0.580795136398835,0.2528684980884813,0.460961961999944,0.4485346208356895,0.622805778190224
0.3162309056287092,0.86935829349159,0.2391332186352713,0.3305051332087312,0.3768130589950501,0.3260260898609076,0.2649289100783101,0.3547719309493495,0.3731879647348645,0.4112884881233702,0.7614792418165164,0.273670121593811,0.4655794439816942,0.4055024843448177,0.5536123254330759,0.6046192852588128,0.4500514956102804,0.3790742343395684,0.6675833319079396,0.5784292977993017
0.5908342484156961,0.180539338349018,0.2912604577482514,0.3543071611775932,0.2980815035250245,0.229617244233597,0.4588671801387169,0.1962038904158479,0.2017606661342648,0.3263927792890534,0.4301518242481041,0.6316811768097049,0.3596778496755313,0.3297072773399042,0.5301200132057219,0.4399193614807567,0.4742805815456121,0.4214092365464283,0.4914521083867172,0.4723105232224594
0.2678560951902616,0.3036014403027522,0.2954235788427647,0.4145547996553061,0.3359409446435244,0.6629878574141084,0.2453544393189947,0.2206396458278563,0.1917289639188028,0.2696422175656213,0.1592920994927916,0.6689444669208002,0.560615529639976,0.4518928789002633,0.5714095646882908,0.5847576870851403,0.3212485533872287,0.6194435949327148,0.3381012979875856,0.6627460756985956
0.3179179751716798,0.2898394044590557,0.1582429468110435,0.4437940902912876,0.6702733534893486,0.1744405785253462,0.2860058205513178,0.426506771663915,0.3693371981142178,0.1951476215917961,0.7157461342166993,0.4543877965618629,0.562038904161624,0.5027259510332482,0.673908615937191,0.5684171232304529,0.5415615630117399,0.5675546627220966,0.589388702874458,0.4701764621205766
0.4263337269956541,0.2994253586586857,0.2543861582333908,0.3744751543463264,0.3272003490740173,0.1932394452554056,0.6658966121125101,0.3563614340113021,0.3740034219326542,0.3464279678118203,0.3750181789127272,0.604193652267393,0.5202497653029337,0.505681599838028,0.2939457841570553,0.4626466439014476,0.5008068759813563,0.7308658153915366,0.2905335267159724,0.261996912560233
0.149937424290481,0.2046811157151882,0.7453083643294659,0.4651529212912239,0.4151109416566281,0.3345277959648107,0.1625055853484785,0.4580506795355079,0.2504426295658708,0.2006247131230328,0.499423953108087,0.5898655563012041,0.582782184401474,0.5743433577166723,0.5864070137448052,0.2946429653679676,0.3523315450285366,0.4880168870659906,0.4741624908047474,0.4400394284748309
0.3799191742245591,0.2693693197754809,0.3538608365219916,0.3398799425023016,0.8697451706941424,0.1935352525487712,0.2343210507168328,0.271395694445904,0.3808858803287189,0.4151302691852312,0.5552073338453305,0.4173207758767515,0.6513844682662788,0.1472819223019158,0.5641193710160123,0.5006849702497083,0.2301698218460734,0.5777900187353904,0.0082750463732432,0.4583429344620757
0.7147429866630839,0.2254383796182304,0.1426875155438458,0.3880927519869758,0.248178327845564,0.2951771232803363,0.2496577441310657,0.3839259609504918,0.2506666835606917,0.5521083067089527,0.4237557941897184,0.5172564612898952,0.5916734201881055,0.4712595309339499,0.6212381506051681,0.6064538166330112,0.5244435854725645,0.4979035364572335,0.6045353705316064,0.3791172804664989
0.6649233627055134,0.348442632877819,0.4556879695689244,0.3232582025679235,0.4078560066983018,0.2357841200092225,0.3662895219196941,0.4278789915893947,0.3391195018342686,0.3399716948721306,0.7153411150876496,0.2899590121065775,0.5794137149035341,0.2939814513414955,0.5193574508182229,0.579212810795067,0.5191456839507841,0.4312533754813515,0.2787408952001958,0.4971236633151575
0.3517314051724535,0.3642972775873687,0.2802205464359437,0.2036009653307955,0.4805540780234342,0.3003850071293585,0.6383150679885308,0.1716316439862124,0.2764968478527589,0.4255572560781399,0.5454021036146696,0.2882159372866594,0.4636729400647742,0.6507113483986496,0.3163881214887487,0.4277942075015108,0.4158979153794969,0.3648919165078226,0.4608702271390864,0.366340739039392
0.1753337054464928,0.2857908581192421,0.3924096500749807,0.2966438516990094,0.4029512599356773,0.3199809533289304,0.4361865910671207,0.1380917299297036,0.2241052014007087,0.6790696735205123,0.7211390410487153,0.2028627906136567,0.4688849722247528,0.3079614649848428,0.48939775478803,0.5802505588710729,0.5267889670634825,0.6169192057454472,0.5421434805639909,0.6600949679324015
0.303026497480701,0.3364811182268603,0.3762584198581366,0.3756116684714523,0.773447378950872,0.3113777039117459,0.3036321108966346,0.2844713369817515,0.1415755423208516,0.3283203163262307,0.5189341396346494,0.3673128294774961,0.6135889665025628,0.4330187902004847,0.4044970764065647,0.1392076395658396,0.3850298971969019,0.4304432371062828,0.4066752913152116,0.4050781857112047
0.203145492886159,0.36050910141988,0.3093610389024501,0.4651659627106727,0.8039109273110803,0.2594740265734315,0.325635823230442,0.3386496483283087,0.4010152082821346,0.4361025958377261,0.2512141167370263,0.3842179848062655,0.3628118569880428,0.2663447682589882,0.7903425746953406,0.4840802237363844,0.7826829931362632,0.5322882342795296,0.4143584730270358,0.2984049773601614
0.3916854934888671,0.3080936863214062,0.2356968862902162,0.2382223979484032,0.2391771860439529,0.5913689432241342,0.2310755871268817,0.4262388486768703,0.4678033244148092,0.494524973369782,0.457305406377237,0.2597560587394801,0.4149187244656294,0.3761078106448816,0.470058499084892,0.4021892794736408,0.467753176935344,0.5113657300974144,0.6385306753675248,0.4248120130753269
0.3354970948982461,0.2258881207945692,0.3307831871136805,0.381784421896823,0.1649257851960049,0.2902683689592326,0.276695796955566,0.790140459153098,0.4229389456850631,0.3536394345630621,0.4712003890658044,0.4254021259832655,0.4444405392331356,0.6207983939542864,0.4957579151898723,0.6348084485868232,0.5218483168060525,0.3691018285376033,0.3182485853875172,0.3272636119651286
0.2734592442227862,0.4340302417970553,0.3029352341718468,0.3921548773672673,0.3271870865732012,0.6949542960266291,0.2587691534758938,0.4397984337667459,0.37532063950548,0.2713612915999006,0.2879399638456857,0.2544218288026252,0.586578477540961,0.4720043616890708,0.4573084646848334,0.5278571072066763,0.7217127908304263,0.5838082375237693,0.5364887186368992,0.4136563837707082
0.2571800471212158,0.246885447186533,0.6024150804298956,0.3456838218616722,0.2349550470998307,0.3184148440013349,0.3615060231676926,0.4023962218746063,0.2546486155955781,0.2763740095560401,0.6079194889098869,0.4059095297577105,0.3000324115562823,0.4881905912147311,0.4440756822566213,0.5329891204761065,0.4974539294595129,0.3437471070128817,0.2834656782396526,0.4766985935679202
0.8078787836314083,0.3285117941432927,0.2788213016331823,0.2276490792448924,0.3745672153685748,0.2802736194239894,0.3053449661044888,0.2181978008337609,0.2639291408762575,0.3054390795550309,0.5445801019686817,0.6661596259925404,0.4628812859406904,0.4770350760382232,0.5698551676804938,0.5487569886129569,0.2818293225520212,0.5009976999851384,0.6521827793315379,0.4277457615509378
0.4006559023406408,0.6678813212914311,0.3161825085906592,0.3305662235824916,0.3528488000070494,0.374612531647892,0.3314210272562369,0.2685300792779592,0.3002356870235284,0.1931744820699324,0.5765228090901132,0.4378851550730551,0.5201750281686324,0.5093251068734918,0.452570156242554,0.5108720878865334,0.5045022366784103,0.5219054186496608,0.4553269334607367,0.361847644979518
0.3224348530429151,0.3483861648773395,0.313414101443232,0.4375169149582567,0.4847719683460798,0.688256336955968,0.1781208609440522,0.2859054143134046,0.355105861482319,0.4008276029897687,0.5883626938251119,0.4113964084780993,0.5844826087727949,0.3998337731802752,0.5720980359012002,0.422057454434972,0.4794402639636258,0.64640908964017,0.3990179837444377,0.2950322420506269
0.2922380779558396,0.2692228061608495,0.8041714475824959,0.3941222736067022,0.3228213498141215,0.3301633464378817,0.5103840545279308,0.2474659633203818,0.394593666862135,0.2027578357850572,0.477296546717611,0.613116803505789,0.4507273123216716,0.4503283435563789,0.657418136379016,0.6474223830382619,0.4463324289268499,0.5309041956201399,0.572113073008704,0.4019024779664006
0.3488640881340309,0.1805061441127603,0.3904097000914631,0.3679411242457853,0.2426984216731887,0.3235771174061154,0.2012014265502364,0.8041586113273944,0.2624691954295419,0.3092190450304524,0.5010236799701385,0.3904434310168859,0.5677622217287406,0.4467510981250338,0.5090420407412068,0.3746929029222279,0.5148359353286291,0.4819084159071283,0.4876712041832373,0.3464813962358559
0.2200513686108395,0.2674421289054061,0.3617235067700044,0.3543413587271394,0.3851762134028516,0.3371586410590383,0.3363640440025882,0.290131695769472,0.2994773122370947,0.723728164145264,0.385513732153232,0.4819081123895118,0.7002488201374554,0.4291387402819754,0.5694738482128838,0.5694397204038776,0.4486665272331795,0.4470544012391735,0.2891546022712307,0.3020919907262347
0.2565238243470787,0.2767728261962375,0.4052371018130355,0.3066241157330722,0.2476760844567628,0.1841059992257315,0.7456771262949792,0.3442911853440645,0.4633734162214414,0.398622810583475,0.477340768345085,0.4193209614147846,0.5908965763038403,0.6678152331180012,0.5295029802244878,0.5796901628769764,0.6426737081908456,0.6269056151316728,0.4144814722891153,0.4952980206997343
0.3407215402886335,0.2438911792839419,0.3119807109083917,0.1572810204426019,0.2329461957503049,0.3410767987443614,0.7920614031598867,0.3675403832995046,0.2136067549831286,0.4375680508275905,0.6091765353390816,0.6988849146462051,0.4089835102317041,0.6408490531842204,0.4889322563335096,0.5516933704749178,0.4599245641739437,0.5830332621603601,0.3525510089602222,0.6123512262854317
0.4786208426995143,0.8341760085674044,0.2960902616783515,0.4302964664448319,0.3258495836143811,0.3617940091769013,0.1974597712011259,0.5028249519966245,0.3849006284897917,0.5184082876205481,0.7435528709939196,0.4873897494991058,0.2969760398527655,0.5102341479440778,0.4081655075122314,0.6392523659623763,0.5790437246199658,0.492564834704078,0.4599406816790605,0.2833014443448839
0.3070108844712854,0.234784337958562,0.2996624778312668,0.8826126488174193,0.1545637199750269,0.2222647902465113,0.3694020605667978,0.2420204831259273,0.2466038995143439,0.4257621566757915,0.7093092188777209,0.3368411456354233,0.4587626871609547,0.2097435338506799,0.5922603893987427,0.4417431278798739,0.4535530376989181,0.6405667132889816,0.6877452073157124,0.5696269786494924
0.399653353229753,0.307260827537125,0.3629627508248876,0.4016269229592071,0.250511746643253,0.4074627799943159,0.4166431234140562,0.2775714552570213,0.3806864804281513,0.7018882906657213,0.5014630024309077,0.4671435366879568,0.5533947699569411,0.6037607527611422,0.5401877138040245,0.4569659152852474,0.6172385962401465,0.5709014423519823,0.4340463004996367,0.3571359462511139
0.2532981959000815,0.2492270552671805,0.2467676243078621,0.6800513542545471,0.37192235039467,0.3068195018772726,0.3223422034956935,0.099015421786226,0.2341220483858477,0.3197388882807855,0.4024664641335048,0.501095768967564,0.5861719572018252,0.5495373115982842,0.2284801408606399,0.5283566579889624,0.1348546671461125,0.522954897925135,0.4546462760363694,0.4990325473714849
0.2223504972858196,0.3939105312754306,0.2759130561190512,0.3206777908686256,0.3021584576143361,0.3647590009498686,0.6941120824586318,0.1646519162303444,0.3970176725134469,0.4584543752034962,0.5248772292757831,0.5290490865352595,0.4354230316526832,0.4561252602083751,0.351224655129249,0.64630858723987,0.566394227939758,0.6745953356261848,0.5116009376062396,0.6208816845025391
0.4448308928405924,0.2723505775558821,0.2899998051543898,0.2719535444132983,0.2925899662781494,0.3374670060973087,0.3669098782341094,0.2959211598964096,0.2930800153363053,0.7295113003934885,0.6570697286303645,0.5183605553972593,0.6065255920311888,0.3177109814603031,0.4609392214434047,0.4504395995921525,0.5556174481394869,0.4194139347498417,0.4393962607686203,0.1591464270954318
0.1491274801856634,0.3100617886161565,0.232870176905072,0.760668603704814,0.4062451902239692,0.2712851301441882,0.3684410547411254,0.3332721552484248,0.194321667782774,0.3738210210947378,0.4897778501539922,0.4291083920568976,0.2017471294303848,0.4680583637469864,0.5643203976099689,0.5556524658801142,0.2855185443488339,0.3896634735306639,0.5336539189261208,0.5226986539249636
0.3810335088312058,0.2968473960958724,0.2283316208334195,0.1901835438230388,0.3284299200112105,0.3433231025916238,0.3725441967168217,0.2099839805273177,0.7924814662889607,0.3696307175685975,0.714726681010745,0.5286727632846939,0.609173206883478,0.3552014492884636,0.6515800127279818,0.5551358434220784,0.7230706784082466,0.3014043942864753,0.6244391553855305,0.2956696942618919
0.2561716485181315,0.2401886304006412,0.2145902114244053,0.3190858060365079,0.8041632016230493,0.3024313191630643,0.259192059434231,0.3138377783302887,0.3093845279123441,0.528205237716872,0.7172765511466472,0.4922444504077077,0.6496807477894786,0.2926399220337211,0.4450980289649007,0.5970946901674478,0.2700910890049327,0.2653475906340019,0.2370773616496957,0.4395066935263065
0.2688936630346026,0.2831681383304438,0.267654243561933,0.4340651431492153,0.3085694013958762,0.6560835803913942,0.2649274242858498,0.2146676962878076,0.2941901874890434,0.3745734340121123,0.5000133430404022,0.3629705931081843,0.5079118800244029,0.5032707647732516,0.3811561747220568,0.5604174100778102,0.555091281983031,0.2754882133576832,0.477902258048368,0.417973827607115
0.376754823478779,0.1757654576538151,0.396782525293232,0.3290815965040065,0.2595468406176249,0.6553853782134829,0.2612586959900222,0.2807165142896307,0.4509107671759438,0.4261442787697164,0.7896910938500108,0.4097199703822173,0.3828448634127487,0.6575320625789358,0.4675174245120653,0.5333699175865807,0.4092364389323137,0.4674849069720382,0.5186448881327604,0.4588437455256182
0.278263691277963,0.1801327706722061,0.6075015277617064,0.3430607175649677,0.370279372612194,0.3640227394227022,0.2669582670479208,0.3542852126820028,0.2587462382875842,0.3584086421963504,0.6162564579939205,0.4813200519017687,0.5807661708580003,0.51848515747534,0.4016644193957192,0.5963389868908926,0.3805913635059995,0.5055560098970362,0.3895411704394814,0.3804904390183902
0.2257704821828601,0.425143492324986,0.3300138982398473,0.8143321838782829,0.4299365096239173,0.3803829116575853,0.2701561617759271,0.3754907228730336,0.462166353207436,0.3520672505018429,0.6089271937036579,0.2591521334372254,0.3486274620558275,0.3999152932959523,0.4284274835777402,0.4366041908468339,0.5876882930210422,0.3915149871988725,0.5111668184846139,0.5494311225469471
0.7834227015764272,0.3746350878141375,0.3032219709511091,0.4231295991817888,0.190898823407165,0.1608258713168827,0.4512236000886235,0.3520370537204608,0.3835551380982836,0.1257375561648168,0.6246884994063363,0.2636073803160291,0.2618045714506782,0.3148102823962743,0.3685946322941396,0.6340808014121023,0.4514406353461749,0.4980921342746298,0.2959233461023032,0.4866149881822091
0.3046051405415277,0.3774152987286261,0.2125367945247724,0.4712186089790747,0.3871051575373032,0.3095662311314648,0.3155043253355678,0.3304861215459206,0.6433263886385043,0.33816808432031,0.8030876679944076,0.5889368434631577,0.5015151650124128,0.463903918734859,0.4230935196848041,0.410636735244537,0.4476259716555944,0.3708655478730354,0.4391964299160801,0.5254538749835779
0.2821638123798038,0.2066255896828404,0.7762325423347285,0.3256955363541094,0.2608906520476395,0.3227285706819436,0.4390486116525823,0.2665791067481839,0.274294428558203,0.3643799346619576,0.8464697239181485,0.5121438068724842,0.4425856038499711,0.5943416151075374,0.5696609728941988,0.2852941247200222,0.3846732859394389,0.4993874760509929,0.404793732589677,0.5474669018646976
0.4607473995209026,0.240242622401759,0.2338876320646554,0.3283581423199932,0.3250459855208676,0.2738200971789488,0.2649487653055945,0.4465875943957414,0.2535749036255612,0.8242894575100108,0.540980547218248,0.6404909540725825,0.4848783645603455,0.4651342243100434,0.6381580556033076,0.4156948855227252,0.529603124430747,0.5114578572897241,0.5562000989169439,0.4097930765894439
0.3484143529648197,0.2692383566968623,0.4239034696545987,0.283694711352516,0.3335236418500341,0.4452054348640016,0.3754117435054591,0.4234043523815738,0.308802886117048,0.8391142912218941,0.4783816468779935,0.5269946931445932,0.4985578610755012,0.4879360035573636,0.3645929879449061,0.6527959238821992,0.3659683105492838,0.4769270042490036,0.4242217603988248,0.3864581694609417
0.3267919072340272,0.4650790228584798,0.2344555767954932,0.8166953688261567,0.3935638232312328,0.277183952550567,0.4518918456718626,0.4097615482815949,0.3466219549196803,0.4508599105484867,0.5627400642578735,0.4146243710104139,0.5065841088462095,0.8443494887552885,0.7246898344497954,0.2705720824454957,0.5987443991848047,0.4069763550394694,0.5817677990012817,0.641411330219678
0.4095961715926146,0.3142183505680183,0.4423598090906757,0.255724950344977,0.371761317170077,0.2824493402990193,0.7034587451816912,0.3537820464756596,0.3328175892209241,0.4239465618496165,0.4662810334566215,0.4353447777807052,0.4486556510870639,0.5795415521763103,0.3728048918294262,0.7013837862451272,0.631414155490818,0.4413385644379711,0.7252888881570227,0.4614496813480603
0.3174626778677843,0.2455357655209533,0.2640376389912815,0.2679767358435727,0.293423080476639,0.4342403752578857,0.293435352926546,0.8383645336802881,0.2858360851561264,0.3911465990375292,0.4753075017500628,0.6169494509777331,0.6869245502170059,0.4843465694548264,0.5385781385235678,0.4358713742385777,0.64978135971477,0.5028572849129509,0.674253191318739,0.5349038914368569
0.3356994350518157,0.2651678842998442,0.2985041070698802,0.383014504715582,0.3100426454658957,0.2080697584665363,0.3194404675792511,0.5997282875041943,0.2774771742059399,0.2835793664335346,0.4484569904548334,0.763916625904781,0.4733560248776595,0.2911252789453374,0.4894928616355476,0.6185366802443082,0.7146403655414231,0.4434720841441191,0.421232629759728,0.4952679250842846
0.2872611163821816,0.1998888637677471,0.3014988582959149,0.2869070667026119,0.7702182408430989,0.267730433456931,0.3472449031497515,0.217487104864372,0.2815798787348609,0.3146911979723142,0.6047862038006232,0.4958450080224301,0.5597904831168516,0.3682939113225359,0.4380669311969624,0.4955203452574418,0.2474709132529367,0.6852740040016914,0.4262381635651002,0.3688377811263245
0.0856359292309497,0.3069026577934777,0.797353904319388,0.2931912764469419,0.2619295931751199,0.2910747500194728,0.3573314546852166,0.192446121331599,0.2437872464064003,0.2824139527868219,0.5194186988215586,0.5692298997227768,0.7008750417914518,0.376039532490888,0.7029017759934925,0.4301187765441614,0.4686905182370947,0.5944233556621336,0.5042488044272423,0.4585300794554041
0.4325713357973611,0.3383506547429877,0.3103928302812437,0.7720331788050188,0.2579991876503101,0.2834171884964737,0.2901701843211466,0.4803353777004354,0.2950429683597654,0.3664904689154361,0.3258353083519513,0.5443048786308385,0.5897464860633452,0.5401995113790615,0.5772398161214694,0.5175176173524051,0.556879374465487,0.2566326575891148,0.5016622827543361,0.4204226218505941
0.3456913795057655,0.264565036716806,0.772408676913312,0.4407869115882352,0.4577805386419324,0.2808860562218669,0.3876010243071608,0.2372993282259342,0.1869778453364178,0.2887134260064715,0.4068142480621972,0.3145325332838465,0.4192971562105999,0.4405879202698829,0.214343908581387,0.5671131315733444,0.6155982401325312,0.3395999260631347,0.1622462135452332,0.6645318757671377
0.3400289399783673,0.1794472045677677,0.3874813255741864,0.3800949645098284,0.4944072316482933,0.3597732769691525,0.7291920011380513,0.2964064081976877,0.4134591567276954,0.1669662332338964,0.6372999287760168,0.3080358547534066,0.524877386311879,0.4058443319091293,0.6537842203937687,0.555743592245861,0.567715271228041,0.4079725523051057,0.5724317314511943,0.4320582928323148
0.7222971490236209,0.3339154421204002,0.3948364794680413,0.1171925463230664,0.4348844331950833,0.2833560775132901,0.11326399117875,0.1991060525542636,0.2015943183428646,0.2561938344984845,0.5060755648860112,0.6084321921934065,0.4576888063273561,0.276544509753853,0.4984179496935653,0.3104630292707034,0.2613445547027643,0.3555951021397032,0.5437421582585474,0.7209016769433647
0.3346970103758156,0.267252569768489,0.3270386274569872,0.2901183433896785,0.2399676354743631,0.340737124030179,0.1766366863944292,0.1674727354837538,0.3386507792955466,0.8168902205880666,0.6142283620807254,0.5698274320012735,0.6152308812908265,0.4831881126859645,0.5171974852321198,0.3202605418029935,0.5297153970940589,0.3231734958995411,0.4671688744690727,0.2665001893847707
0.2142760736279557,0.405304477107712,0.3651125698498173,0.2170417789127073,0.4639839023855772,0.3810683314491543,0.7488886621874988,0.4018018333212249,0.2890534439720133,0.3903585729610083,0.6678976464145366,0.2832652848802931,0.5991988310190283,0.6263518551224205,0.5791388375536527,0.5870903529547701,0.7114658484358156,0.3222429840298545,0.3563034364199504,0.3139158235989282
0.2558786780414571,0.2276183912120948,0.2517627364439004,0.2272733636155643,0.4326937505167244,0.2432535595459524,0.4502180970242379,0.5485066355887169,0.2600133830621868,0.7070092193414889,0.4662819069057363,0.3790643797122907,0.622088726602211,0.4286643984310761,0.4558702265458055,0.5147339992227371,0.5494906948666894,0.421947769885908,0.4028439158989957,0.5423655634833381
0.2894405582072756,0.485927688436441,0.7064425829240228,0.3600384652993694,0.2749639533386657,0.3548216980917444,0.4805024642090026,0.4054355146061633,0.2769219278247637,0.3905226509363708,0.2470562804379739,0.4306650156872399,0.5378745457598618,0.6371795985526671,0.4907723257996156,0.2386242807078029,0.5204567132222059,0.8077026606088973,0.5994209640748572,0.3106252127395215
0.3604560819543506,0.2575127533042325,0.3429953101364429,0.3372341114343529,0.2398472987683232,0.4414247204134987,0.6677805618135808,0.3207714298355736,0.1828115129762933,0.3077920142610533,0.4241398692064954,0.2478219924373783,0.2918791268601637,0.4016097700257868,0.3627203314561393,0.5919984195931676,0.240409987738545,0.5893009818477472,0.3958109366617365,0.2835128526305214
0.2060796313708912,0.3682989299236577,0.3674152980460794,0.362403248091823,0.3569970211731417,0.3818964681427707,0.7237502714102968,0.345727489029723,0.3545502291634371,0.2137413225019688,0.6491268503745923,0.4846929000775265,0.2358244362473567,0.4240751619523547,0.4235227230572309,0.6451721407407802,0.2163489010357687,0.4192983397366451,0.6655538303538897,0.528077587288725
0.3937208384087436,0.3296081641256568,0.3301257775050679,0.3357475186738921,0.3366968234954945,0.3924749190456378,0.8613983021053659,0.4647161568932593,0.4372517127893626,0.3870310783800748,0.6300694141438162,0.5176644053744223,0.372388594072504,0.4358713649400396,0.5608624603800606,0.4763493218746576,0.4907959875556951,0.6679815370425848,0.4189180791903739,0.5990007046519737
0.2206385500877453,0.2708820039400568,0.2832224355366391,0.3188731346646715,0.259698541920486,0.3042279345170833,0.6546603040137519,0.1797314641374542,0.326360938388782,0.3213591893050014,0.4237572938424593,0.3463946684592126,0.4815214583220992,0.597214262942602,0.7082469174392809,0.6594363724471444,0.0847864422839844,0.4190914374804558,0.5080254888390864,0.4436231824537585
0.1818598546207684,0.3592448285949853,0.2977814811874718,0.3679365478954602,0.3152693665134854,0.2645801252002201,0.6027762992193979,0.343684024551964,0.1496645347136712,0.4558893795534374,0.5331380880512643,0.3670938050145984,0.3509918717908835,0.2174341975528527,0.7170527834574063,0.5534874288055432,0.3585708994747634,0.5532796723954996,0.6153598044080855,0.5378129364166497
0.1168733474794672,0.3908988639040992,0.3684691306405729,0.3332349853561697,0.3758615345176544,0.6702703763939681,0.1154413107342871,0.4340573140391379,0.2631028830454275,0.3947106128061622,0.5608385812471627,0.4952790407528889,0.5191493559513198,0.4075122322047637,0.662348120766589,0.5683233445222274,0.5610615566335506,0.4505012445177179,0.5576570103524027,0.4465569128369166
0.3361286118235048,0.2815022241739012,0.2120270032904903,0.1504564309029692,0.2157029561897266,0.2557971111671074,0.145651684496435,0.3973993664694605,0.3055859772647732,0.8301523911327129,0.8032844245826367,0.6259528901648244,0.563050052579515,0.5568046718251161,0.4706531940404672,0.4338986948715838,0.5388220991259127,0.6804888399467737,0.4695831985996628,0.31919820195408
0.45969473820514,0.3174714135859743,0.3587586112932474,0.4192411224159239,0.4356603529748793,0.3105256604921489,0.3164156742591936,0.3099182880651079,0.3645501946554359,0.5829566164248,0.7397234642129499,0.8109412146667877,0.5183544313205593,0.4329506376759854,0.4557380279914791,0.8350673149520866,0.6054721084935043,0.4791647781960482,0.3838747510688112,0.5173814879389195
0.3648341424894041,0.0,0.3294717027032584,0.2180457369773051,0.3943131640526874,0.647980465507654,0.2909484734449226,0.1679990063891569,0.3497690642999184,0.4202890977552492,0.5479518321569472,0.3587496806427691,0.4847924218419498,0.4932676896320818,0.6670787949480035,0.3631241092837821,0.5133033663440517,0.2600314253322165,0.3459961562247181,0.3799480500855597
0.3745447743844282,0.2717760741930441,0.4115629724119561,0.3768002336862319,0.1148101414010002,0.774338784405322,0.279338242932777,0.320565808977217,0.4054605682344297,0.2651944389193548,0.6438572732807164,0.2762334473817439,0.4692554527017234,0.455416279257057,0.5785436711289796,0.5611807054760356,0.5413517086291759,0.4575606146989663,0.421560012060186,0.6435273375509487
0.3153513259035112,0.2969566979130394,0.2610517532751591,0.464137730704275,0.182985088178964,0.2544736147128483,0.3677148446071343,0.2820194435146306,0.4022690273074598,0.8947753421210138,0.453468923734312,0.4663958448753453,0.3314046259537482,0.2900295662398454,0.5691833279001395,0.5286147317824168,0.4375167394711249,0.5191585538710227,0.7147259935443396,0.3377362546039418
0.2875030154671558,0.1667876245978253,0.4130930877671549,0.3831252366223415,0.2949610557180631,0.4551655712479072,0.2174018499910712,0.4445088515784529,0.667076072740418,0.2038605312086306,0.4924281276750686,0.7130130562729554,0.5179594750125692,0.2541018501925958,0.7352140240558139,0.4282281411103381,0.49277296685142,0.6308536374069261,0.567890440707982,0.380960720219943
0.2799409529773194,0.4734597868576674,0.3232247283227114,0.217620625377062,0.3030760918800886,0.575690293407634,0.2809924110200503,0.5028316643580405,0.3314256318020851,0.3894560985506491,0.5741526749478083,0.4743292521589763,0.4912090572911407,0.2321454145353722,0.8352633423711711,0.3360124443905943,0.6060697105751185,0.4509295329305645,0.5898918892658628,0.5142415430064199
0.3653431418449985,0.340843492614953,0.3417606467008828,0.7768547565143851,0.2362640709209102,0.1567133870495148,0.3953670289017061,0.1853579686717928,0.3327290582285601,0.295192767047211,0.4992565493109987,0.5584329585542125,0.6565422614756812,0.3273747281935565,0.4226960973591044,0.5479858850297132,0.5411213700657882,0.4519570875309939,0.4666364552232662,0.4063117695963523
0.3585275114164263,0.3657197642949087,0.7803444309855215,0.2808104430194123,0.2580963026119348,0.3423697796833811,0.289226862162519,0.267221831345122,0.3898628372062542,0.4953092364598212,0.6534763026955914,0.3042176091102948,0.693813281005645,0.3630531518577504,0.5486830235004633,0.472714396272495,0.3043293746029435,0.353243555082315,0.4152048494031059,0.4592722658668295
0.3967142993822434,0.3679741051653158,0.3582790180731883,0.3165977248534944,0.1778170431519109,0.1848451714978024,0.80655905090158,0.404093025904233,0.3090116537947893,0.3148275828618901,0.5501999933663396,0.4358043668210347,0.4180746627843656,0.3659815874343644,0.4223404857166872,0.4204012196330214,0.4515911855652831,0.296355430456109,0.1855767748977627,0.6270975543072574
0.2948906385964152,0.2234988759896351,0.461198063664999,0.7020216284434619,0.119242518748636,0.3490119843052507,0.2377712569741073,0.4110537707576024,0.1613691641861415,0.1961814569906751,0.6055271543167972,0.3870801694180326,0.4482852536932018,0.2897723187021315,0.3716834841610639,0.3903959572241483,0.525224590183489,0.3264201227855834,0.5357918161032688,0.5621702212019447
0.3919484708464953,0.301540331473484,0.3154246830856968,0.3765249971019162,0.2997329971464454,0.3388715008822451,0.7824053358315677,0.2924513803549539,0.3180076945590915,0.261759210483985,0.4909346230681748,0.2746733061951729,0.5472816398224998,0.35338557765403,0.3870594958743805,0.3981781794034746,0.566504724694717,0.4759146417514704,0.4963763559527681,0.6197241257751326
0.1489830208108467,0.4380507761181739,0.3276400619507569,0.6686458066785079,0.235362557988594,0.3376881028614911,0.2455631538038661,0.3264145170504234,0.3635791573987391,0.2153866569781125,0.7458678634586471,0.3496629429260292,0.4851651342283408,0.5105619340128469,0.3773563241366897,0.5421084810506894,0.5679237589068575,0.4862290650687564,0.6669790813478601,0.4229528729240712
0.1643492881186564,0.3514715913361135,0.2515831943347668,0.4331871022650053,0.2410848372182278,0.6220344934064733,0.1921365554932952,0.5329470355679304,0.3288189038814246,0.3157355290584255,0.584398825332454,0.5151730530563013,0.5629273369845421,0.4879337381408991,0.5091052864175317,0.4376150015350711,0.4216977132321857,0.4472126425482562,0.4378472400234522,0.5131754817508752
0.2237424341724636,0.3156110174251203,0.3233560179496003,0.495737888376437,0.731883461434668,0.2812126700231606,0.3969418744660626,0.3316100277127277,0.4435513135869562,0.3557795863116744,0.5243646322676292,0.6118712976317714,0.5054101924165726,0.3046214449006219,0.304723131614159,0.5083535668443607,0.3695939232157123,0.3847722340192317,0.5082819912508102,0.6126881125938725
0.3040825308193923,0.1717783174159389,0.6909734844078965,0.1347282836958026,0.3538725194106864,0.3208931887198102,0.3912787744717126,0.3016953148999866,0.3535409128362298,0.2140544551033198,0.4958973596670898,0.6725463674685468,0.600272228432157,0.4056308285789813,0.4833589046336208,0.4286476847927612,0.9001016144348397,0.4366794516644249,0.5157273067114746,0.3255353429512148
0.6899185597275704,0.1865643357689313,0.2225358136857212,0.513427324864719,0.3426679709404095,0.2274713146712669,0.315853390970728,0.378154634739014,0.2489642541229355,0.3768218599486135,0.5587654924727561,0.5938239250300068,0.2298927270689178,0.4609759414527344,0.6994173118839563,0.5857251372783486,0.6529925369010606,0.7351935049486409,0.5363368990802742,0.4266109343958403
0.2678047079701525,0.2772865208400825,0.3788332885111049,0.3192360335168545,0.2920136225178304,0.3622526756753675,0.8498374623125484,0.2504050698401777,0.2574971126342816,0.37762727380968,0.5000463914994996,0.4294213417749978,0.3881742637743207,0.2707620613680132,0.3511910740053657,0.4089819797960851,0.3871032386181756,0.5600388180673057,0.2395204962784057,0.3021800368096323
0.424070647914687,0.1801876503208262,0.2866561580687692,0.3189155408422534,0.3540320420639223,0.7192798625446242,0.3363880546626911,0.3549057484827806,0.2888872326202795,0.2915297116360006,0.5926204545658851,0.5307412583558089,0.5671375523609192,0.4481967125937338,0.4466782535088612,0.692823220475047,0.7302064691276088,0.3845533251375706,0.5978041709355646,0.3599937596505229
0.3766020247819651,0.3668456705620866,0.4937772583954644,0.3146051169737943,0.2277272129750447,0.4094571940365366,0.3814099639393986,0.2686977413472934,0.2507690191838299,0.2609970837319442,0.4914175858667757,0.4696356645555858,0.2520553112649408,0.5260544548978492,0.3808084769054047,0.7471651815416037,0.5115238937247062,0.4279606814976119,0.5517421205029353,0.5695686654988643
0.2498094187438495,0.3240074525058526,0.4370471155384702,0.2563130053056202,0.6745683239802338,0.2551152654333913,0.3427292988739275,0.4357632069634095,0.3226328761038217,0.3748330015206259,0.5886737376635264,0.3343865896454186,0.4886388738087526,0.4799275346129977,0.445984862705568,0.4898486544850875,0.431716316692418,0.5441459634968082,0.2134412941197481,0.533035523269409
0.4592436015034093,0.3078859909796923,0.3369904669730972,0.7371553650442952,0.3722222425414271,0.2460262621907196,0.3261966576904517,0.4368827627397218,0.4062269786484247,0.2416257009989569,0.530879286473132,0.552785310775802,0.3361377339004344,0.4836911944592351,0.2805579639417813,0.6191117028112122,0.4981932073073367,0.4211533775319132,0.5018573537406741,0.2084436889842552
0.2915689708281913,0.3130731076233138,0.3596147919222527,0.1994433913781921,0.3043820367328637,0.2809286277509083,0.589771922224698,0.3092585153481583,0.372862611950417,0.4606951995932444,0.4519834742223473,0.2232192768175793,0.4639512434768646,0.5499726359034725,0.6643554193953176,0.4848724520097116,0.5940620530472079,0.4382238696818857,0.4390629412028292,0.5097280412187845
0.4608739267814989,0.293680824954564,0.3710405218603413,0.3017726021813965,0.1624792099013899,0.678151042705512,0.4330260017352857,0.2836427715408948,0.3427663408484271,0.488658850413558,0.5200002574874597,0.5985415692925878,0.4939604123326427,0.2202938068165042,0.4834188932265281,0.4416587837604291,0.3482974344322803,0.3929707761949811,0.4042305875525139,0.6541493015771611
0.2656591684190635,0.2479881060779843,0.4828667968935606,0.2778574044830962,0.2959979577795859,0.2328091458269451,0.464309581156212,0.8504800177094748,0.3693136224551762,0.298518364002006,0.4574496830602172,0.6097079685246991,0.3448416713366842,0.4725195998140714,0.5320347961367318,0.3699940666846434,0.4346861890227537,0.4137012720461009,0.4682753499416138,0.2597776026446254
0.2546635025374599,0.458775792899578,0.291660965827925,0.3337503898921656,0.3186948200809517,0.6826969373276619,0.2270996485402505,0.1397473996681739,0.2917787208244644,0.4578643519538452,0.6420216898534573,0.5408325604803523,0.3188044586068317,0.5089663426796046,0.2801601480072843,0.5754285965155312,0.8658495745250366,0.1968383067016378,0.5106475073150637,0.3443319620556541
0.4064096545326455,0.2087035500551718,0.7061374598505681,0.3034722798611131,0.2930595147893338,0.1720361928814412,0.3761509994848734,0.3554379274866626,0.160819882530338,0.4843584447939236,0.5772059387980932,0.4814350017902875,0.2345442942793671,0.466330897783227,0.5895699694691571,0.8101992236675578,0.4898444947127783,0.4797250350460132,0.264847189160757,0.4061750063059683
0.6905008354105102,0.3622172468220045,0.1954003382279293,0.3484127318646249,0.1769182216580175,0.3507904478804764,0.2869336908706239,0.4216076140806236,0.2705070067984464,0.3708977801396113,0.5242974865430706,0.6785308060710806,0.4722402975131707,0.3307583382933608,0.5378975183455916,0.4851050006999879,0.28101569170307,0.3171674275679914,0.3399086903905925,0.5319165789003641
0.2077995737425969,0.5094121697134241,0.904439119686928,0.3519539017402469,0.3219006104747909,0.3260922236519214,0.293146429068589,0.3120023064891414,0.3103001089136485,0.3290134994771928,0.4422726308735006,0.3563643373722832,0.5676592837823218,0.4315041948308875,0.2956146304656601,0.5063309188209681,0.5564757803165298,0.3934330899744945,0.4179420662712509,0.3158338716585853
0.3490719599246019,0.3290558098868825,0.4118088114074563,0.7931181274639869,0.157777734291007,0.3451123800952548,0.2349453252710295,0.315418106078953,0.4189765130181234,0.3538355439704329,0.5682191168299479,0.7952615740759177,0.5448140746095208,0.352907551401943,0.2922117834151202,0.4642589926513212,0.8156061405343761,0.4628856228063431,0.6158323192696189,0.3720392023229425
0.1501597434854791,0.2782003248860473,0.2500751333062468,0.8487775425187956,0.3758499732544553,0.4003644800042755,0.3833475010870588,0.4043519147993399,0.4802001058804428,0.3389187306291253,0.3933487060747382,0.5297934868295366,0.6646289851057872,0.3321601784618167,0.586905073624708,0.605301902772304,0.3748601804378847,0.3378092981370075,0.3618028699743283,0.2865487612399672
0.4667725684577918,0.3012512022445095,0.3877919377956313,0.7583544284901512,0.2989905537311654,0.1999195007220588,0.2479404624481559,0.3442956597366903,0.4241746166450082,0.4449180863147587,0.321237104343228,0.6030799170140514,0.2713968086206283,0.4449245990732227,0.310809398373519,0.448809799743641,0.525022376528254,0.4467828968124606,0.4900366605801613,0.3697965739781931
0.5351625672337853,0.287442997353957,0.2480947498088314,0.3373001157653702,0.2972907419083698,0.5495928188271965,0.3118865499512127,0.3810238575578156,0.2827647816685056,0.3203126069612914,0.6223681109785338,0.3999100426492163,0.5746974718986944,0.3637287505039768,0.5107879784190728,0.6793044755050999,0.5979577962147193,0.5205510746549052,0.4486597530749709,0.4930103544591852
0.3433736068805482,0.2048787796708915,0.6632338804733137,0.4347765777953288,0.161590064875958,0.3490032836187241,0.3723007243412024,0.2825506579334794,0.3421349964667179,0.4879816163328898,0.4919494747328286,0.4430015643563859,0.5848147950818552,0.4612274318943298,0.5461499736115655,0.577513852967031,0.3855140869392728,0.6898004342034704,0.1061906596036508,0.4436146876047337
0.3838263767979594,0.240011001948413,0.2390205215806757,0.4390773323238091,0.3554707708800227,0.2657436033459223,0.1619198648106943,0.3348649318984139,0.3434306793001035,0.8030310284422597,0.4645329885592605,0.5160430971841264,0.3229938845152781,0.5858055788146672,0.5477446192874015,0.6456393424861444,0.489251290828599,0.4277421889663637,0.3950444437932548,0.582937926296597
0.1993522192222482,0.4903313176427671,0.4152063250241882,0.3984588300218639,0.6153183825831563,0.3490801179489096,0.2898052110563371,0.3685830033461816,0.3445775193910437,0.2639469554274835,0.3340373926574443,0.4197452412182898,0.4366385847827108,0.3129663048308242,0.5738902616844089,0.603211425159963,0.4168422592279434,0.5121965585623958,0.19928060489427,0.5134300326077836
0.4030523433751873,0.2424672954583009,0.2433903229475917,0.6304003477067563,0.3234269359223514,0.3731535936071048,0.3076312350637492,0.2164192958207729,0.4258109485119907,0.3644791065771771,0.6700242400838625,0.3585586618486344,0.45649510917824,0.4295327810686581,0.4623829878273182,0.52765506721245,0.6785832830195468,0.4702638475682772,0.3413679161262973,0.4599582091189321
0.4295329570648342,0.3497075898027067,0.2042757140257793,0.390738507300472,0.3151877610930815,0.3972742432731421,0.6892641538555964,0.2602332748285569,0.3772055758909198,0.3033794995339304,0.271208223893833,0.3780768612186374,0.5701526951461391,0.5679644211652584,0.4463460303649478,0.5338300350964635,0.3476856313331983,0.5245969210939754,0.4649125508415221,0.0874562960110017
0.1502846323658322,0.4188183385831863,0.7264976058998911,0.4337933371582141,0.3932737776366624,0.1792257339441643,0.4802680733090027,0.2697650145591314,0.2598837823971163,0.3673395738776427,0.7508616747875674,0.4591372245709857,0.5675388427866189,0.596499470750167,0.535428514562926,0.5174450302346165,0.4272269224206689,0.5074545537800332,0.4976769120932227,0.5562173415213618
0.1034272827809136,0.2362764787433088,0.3373473933179011,0.4286737660906139,0.3334030359292811,0.4195580426750319,0.712421493317918,0.2705217710736051,0.3330456519969831,0.427439925948455,0.5899885893000745,0.4673187793486857,0.5855095265224739,0.6597710037853745,0.6098027882428866,0.5035962981871887,0.7852845041666643,0.4548013886050426,0.6632064607802378,0.4984529565047115
0.2959477885483499,0.2814713808786119,0.4233804750465643,0.3427237259973588,0.2964816571183199,0.2256159453903835,0.1810325312706137,0.274755248376991,0.4260676075792428,0.7932984911698674,0.6879279668985833,0.6301605791421958,0.448007280125494,0.5250626252085935,0.5530892776173618,0.4562363620737152,0.5010779705396577,0.5435644579698043,0.5423697550412996,0.6958648606753245
0.4289910539243738,0.5042287621923622,0.2752307806110499,0.7560788805034331,0.2775427565887011,0.2085263632655595,0.1679241775632994,0.4579798094469147,0.268016650834555,0.383410892103562,0.5672205373735181,0.4663716165918155,0.5239741439865179,0.3608653409419649,0.6354624901394339,0.5889874567132398,0.5029553867171072,0.1515783845077832,0.5172530953828429,0.3683102672394768
0.2029513024220022,0.7544042143256626,0.3689001861747491,0.2389102077301171,0.209598371466953,0.412403967406975,0.2704127642155423,0.2363239714702851,0.374149751759989,0.2769097242590565,0.6605650986467504,0.597764417228383,0.4612866170137929,0.3853991205195724,0.3621303728197866,0.5732182289815251,0.387220048611862,0.4373364049565192,0.5641968168958625,0.4033818334346659
0.3390229909741634,0.3845596387576159,0.6439672746684096,0.1481741873790948,0.2877543990759721,0.2474540021121011,0.3347068439372792,0.2326212956187848,0.3278390291958948,0.4119684723877931,0.4633366694885898,0.287850819359244,0.5622557954388094,0.4455420844491827,0.5035305609325739,0.3089401973096058,0.3350224938094548,0.6971527960757717,0.4484827597156757,0.4677197420344197
0.2703745066375844,0.3167856212857257,0.0465921702401877,0.4067706271240954,0.3780174327207571,0.2666075098124524,0.7248056977258852,0.341705426541573,0.3843245243138175,0.4733026352244522,0.5238052322914791,0.6371835516189757,0.5821241001862865,0.4334179875934588,0.4834673083448632,0.7137727525290186,0.5862507989078769,0.3407331786506681,0.2491212591806876,0.2007241971134732
0.3684512226991993,0.27891007542051,0.3570911839611193,0.4133548441583687,0.6070897544012466,0.5208937187045641,0.2286879934261754,0.2829866874225272,0.3731359991933902,0.2576468744122687,0.5042391677623947,0.5823173788083799,0.3693910356899187,0.5636865951571262,0.5197918984370312,0.5530518819146204,0.3695699234348501,0.6628385418075111,0.3374427581455456,0.2463376989237077
0.2369677871408093,0.5723071233008001,0.4483090034171141,0.7617884309687938,0.2832986025114322,0.2062531237265427,0.4257354784291031,0.3199364773307644,0.2733339439513495,0.2410262065170998,0.4632074683789783,0.3829277086136832,0.6012338485059748,0.3997660978829804,0.3684898953836102,0.6855692372151255,0.2324184690210961,0.4060491655488693,0.4243754098910031,0.4439781266898033
0.2488555777277148,0.3234703072488711,0.3050971283996562,0.3619870761589455,0.3601305290053613,0.3824018654601992,0.3236350173064811,0.4148673190561877,0.5279512854774768,0.3282907463304955,0.4813586034863328,0.587132051373056,0.614897427090412,0.4608586050568585,0.3074439201255355,0.61291910078699,0.3964715135172801,0.5574157075213202,0.3286112951825763,0.3445041131588764
0.3462151801846876,0.2481331556182466,0.3417457994623156,0.3394362176121807,0.3663593993377038,0.2664840545978059,0.6496296444120888,0.2536690046558688,0.1013867593241377,0.3717016053666537,0.6473331224869044,0.3793348689207264,0.3238564486818909,0.3661896726012872,0.5134431828669034,0.4671366281638833,0.3481446928775348,0.4795840765880882,0.435404671452013,0.4344394864211437
0.348072589101434,0.2443082107817262,0.3476592838406445,0.3525356627919435,0.7193135314768525,0.2615898636503996,0.3412272528709443,0.3075481781234406,0.3818512640316065,0.514224989501429,0.4721303232694014,0.5074418933236868,0.3722103414484865,0.3790258736494476,0.6079961197865783,0.493186501664363,0.7517929453785621,0.4809001335714337,0.2959460184607254,0.3754940945336737
0.2761461102589563,0.254359992351052,0.7460758109053875,0.4203457195444616,0.283605211544234,0.3506931547539673,0.337532391255079,0.2684448634242453,0.3524291512917314,0.4122918399609963,0.6455749532876036,0.4336003318692031,0.5230453650177097,0.6430063011831835,0.5196303962022308,0.3806427632156897,0.6849085350919252,0.5166578121273484,0.4799472963501105,0.467405501156799
0.3787182357665159,0.4526626567201375,0.8968721320330855,0.3311449255725762,0.1307273951118004,0.1539792702539114,0.270035013059998,0.3209800175044194,0.2497855531645618,0.4180385112517196,0.5428076262985724,0.2701180563719984,0.4177212235478574,0.4227931843899303,0.6046707519622546,0.5443814835542441,0.608916268293339,0.5168576207224758,0.7771110412901763,0.2680335983737004
0.2558989128422898,0.3478208760445112,0.3689981039012945,0.4672361235670165,0.2159749092772444,0.3281166663127589,0.4469818781497524,0.5662254082255418,0.2258127658216039,0.3534545896634753,0.3887139229144931,0.4545530330793858,0.4593078608978461,0.4849980966538992,0.5214434219547278,0.2166177494549875,0.6320883589367512,0.4970358187314943,0.3191831367732068,0.5129978907459727
0.2595393881434703,0.4328394675763746,0.2487970361918863,0.7790117376136394,0.2683299276498944,0.2392310339244181,0.3951171330059811,0.3314118821121719,0.1914865089703163,0.3219638720357174,0.5999769957894758,0.3110493630944632,0.5785124810559135,0.4307668052519389,0.4679551390136952,0.5238933582654053,0.3296242348887088,0.2101320431641962,0.6286290256289166,0.3790222168211303
0.313948191638289,0.3490407533542037,0.3328237114237288,0.794039780289835,0.275241675674944,0.4236273714682143,0.2583075894465019,0.5079246866352616,0.2775624319500427,0.4060859763460361,0.8034974638515722,0.527710175751347,0.4138455320501859,0.4187898782505885,0.3418213526649089,0.4823875103007132,0.6287403884121463,0.3769367268613809,0.3339114726475126,0.4530667839938461
0.344342342513572,0.3280702937032451,0.3521033411352737,0.4119797805593031,0.2848604897806865,0.3418498922774322,0.262654565907664,0.2472527893639131,0.7581732594195363,0.3200945495318139,0.5436335725945579,0.4712611223117221,0.6055807205388101,0.4224947736598903,0.3744030279158291,0.4355583973661886,0.4007219063139764,0.6172274697303798,0.3309157108367235,0.234223349798667
0.3103208181979789,0.8281537692678904,0.3094326771948138,0.4039794859637072,0.3510076795900348,0.2257006128279236,0.4129139193994336,0.3333704782113835,0.3008706426645057,0.2487120550213453,0.6231828015557812,0.3557444868757712,0.3788283718901271,0.293187975534802,0.5078749962086944,0.5356562260206302,0.3516752376318248,0.2879695487068418,0.3444325077192641,0.3784457150976581
0.2711860268966424,0.3212358263231145,0.3987750911116881,0.2898445226285288,0.1704329729790819,0.1805971713516141,0.2657433323413729,0.3466466743492307,0.6002816186127038,0.4034591784932485,0.5315140829155164,0.5397903232921514,0.4552255957690938,0.2983465875086181,0.3076598741008646,0.4390384483373477,0.3847927258757254,0.4121325512697828,0.586813663972349,0.448520911847332
0.330147275044474,0.372107806067901,0.3969101695529735,0.4767376449126493,0.678419396714754,0.2851780107380265,0.4717087931038317,0.2453661561086172,0.3053169783369466,0.3729513854551767,0.4667355442398176,0.6451345775623667,0.4397937055703263,0.599028739170584,0.3577861341085814,0.4538273059740551,0.4510985037573868,0.2166870867936869,0.537266233765735,0.4931303731127082
0.6994329374060609,0.33898813881154,0.3523292027357111,0.493448838002789,0.3076728559254648,0.2862410049250193,0.3658387183958804,0.2070113916333643,0.3821033890047091,0.2860079909596302,0.5033094002098277,0.5936904541339613,0.2667938162330766,0.3765821373756112,0.4953372922269511,0.3481016485675082,0.7885241093386144,0.2669432981058388,0.5221224291201414,0.5159538942372024
0.7712343398432688,0.395312517906794,0.3518552462780519,0.3801204910638099,0.2117033242305327,0.2955949916091132,0.2989357678682986,0.1167942631114702,0.2610822784970493,0.2222619229687558,0.644210175199828,0.3579713797312817,0.3597616339804259,0.3425434321835715,0.5612090407169938,0.4997023478981548,0.3700675754578766,0.4951189111697912,0.6362490544290218,0.4539570337234641
0.2185925553579416,0.3086490168477883,0.2742030056190599,0.3604261831086016,0.3050530083674206,0.2326738252892605,0.2175842054113297,0.6131756730211704,0.2551221733399857,0.2253414444840873,0.4767239584258954,0.5261565794134405,0.5731248788677749,0.4579532147465417,0.4464481213424427,0.4637311505118188,0.3870566355323439,0.546949671073925,0.3925619279457094,0.4175617345090855
0.3250043848924381,0.2118473976740943,0.3462790863865007,0.4227289339587305,0.6459669382511067,0.4561740072398506,0.326200277076095,0.3335555685561303,0.2992898691670836,0.4700617142315814,0.4106155204147495,0.420140051227241,0.5724999412117618,0.2329343794024241,0.6213378871701534,0.5726003449937287,0.4768417555920355,0.4461317566893432,0.5651172564873475,0.5244963414941826
0.2400650955683309,0.307001509918496,0.0959530587808849,0.2820071779707402,0.3347570785572544,0.2218050772992446,0.2185029509578485,0.3382493659868734,0.2511932162059897,0.8046629179541976,0.6299219737190149,0.4573000003316154,0.3684743051706614,0.4668552858837743,0.7380943691049489,0.385521582515213,0.5979560489712281,0.5190782906307788,0.4600393439296253,0.4754659625182936
0.448002413218223,0.3611763534482777,0.363305359215633,0.3982275206257488,0.3046497163597054,0.5867982761743749,0.3799596008644395,0.3266609051669416,0.420623415408025,0.2029406537040161,0.438371927803686,0.43124830704835,0.2264994661417511,0.4614160264358595,0.6025961683073724,0.3741180416227406,0.3897074777351219,0.3897038419934691,0.4285062561537681,0.6277887120582084
0.2912630159934223,0.1956116444924732,0.4172378911662985,0.3949861691820474,0.4255187221219842,0.3512804937628861,0.6474324518300765,0.3583878281998393,0.1656766175401213,0.2288360006233802,0.5953082385095141,0.6508952520226438,0.3468805942390575,0.4067620819769794,0.4772910429354835,0.3166402710944405,0.5688416819158025,0.5286320915965673,0.5208419675327399,0.6476759860984105
0.3387985963279438,0.3488346944569978,0.3340063791244858,0.2449543420637096,0.335599626922878,0.2748784322242668,0.3946119234728548,0.3367562595204383,0.6866002070268657,0.1698182213314495,0.5379403607862746,0.5865281552052672,0.2164370831940944,0.4872633124530495,0.6917769584498443,0.624019055884979,0.5168109258076674,0.3816591296001811,0.4171200982103626,0.379917766194551
0.3000748675965026,0.6562445228766611,0.33225895366497,0.3370616932389578,0.3318836026589641,0.3386215035593911,0.4606982625962263,0.4155180850532322,0.251534146558854,0.3069558588416022,0.684324559529236,0.3879372829396026,0.700337667008437,0.195083166833769,0.600782982908906,0.512570443714319,0.5107643129254048,0.3477057483866059,0.4190404914269356,0.3030992025655782
0.3242893969986191,0.4286826373762243,0.3225035211518194,0.2612354676136672,0.2399028394705862,0.304333160874962,0.332794080047218,0.2275254802099773,0.2633238307871525,0.654780667558325,0.4434618549123578,0.2531350362092476,0.4272347870817717,0.369646802425444,0.3473156916539182,0.4560946039454822,0.4488228793371447,0.5225273841381364,0.4234104534339512,0.4027822940048833
0.3151233739643748,0.2793381382080285,0.7167984512011023,0.3554349744386154,0.2698600364433168,0.1854583961074863,0.2327089603101521,0.4058238681078514,0.3256705990717659,0.2361022060732437,0.5655118527390017,0.52599738114383,0.359992041731243,0.3855957561574047,0.5419473382355626,0.5276722336938324,0.528441907444125,0.4303813657887735,0.4837870100178781,0.6031272712785041
0.472997402247175,0.7370924169736994,0.5118622909170646,0.4101514387341095,0.3111067720688385,0.3244301292041922,0.2494577012074705,0.5000242246691547,0.4329036556769875,0.2548886034153135,0.5566390217257231,0.4429607900972029,0.4082984961443727,0.5410543043408655,0.4597453206159906,0.6472743692021421,0.4625985046327485,0.421658565714565,0.5204237465900391,0.5183931633202538
0.3202155221485619,0.1817970348597999,0.2966324141852099,0.3736652972365524,0.3332122934959948,0.3771336283190862,0.1599870317801934,0.0900631855987303,0.7446139719037618,0.3213657695857467,0.6365364054622763,0.2274635334216116,0.3513026687395304,0.2441116692110515,0.5008902078310905,0.5196768311473127,0.5316654308225779,0.499429055149904,0.2658929135962347,0.4668502962221094
0.4090231588610226,0.2385563334690846,0.4509677325412954,0.7203367039583937,0.3479710646185342,0.1517249591515862,0.1503824183236404,0.2494424024873527,0.495734833683545,0.3503666240260215,0.3649168801342216,0.3918479595776557,0.5721155459597017,0.3998629353550396,0.7127411145414206,0.8036158611488164,0.4727742114127984,0.6470465631054207,0.437053075493785,0.2745956378178797
0.4469239574753625,0.2567634040224979,0.757924020614205,0.2259398763834255,0.2274184825931308,0.262415117327469,0.3028186148712392,0.3966186447214731,0.2500031304141764,0.2903836246140172,0.4107169589745992,0.5749886849786567,0.4539557413057978,0.5732876315762934,0.4771656645867656,0.7574836920432212,0.4431489438097892,0.4798965604842755,0.4203260554150453,0.3781890768771183
0.1729166650479912,0.3754191250235585,0.2627965073275703,0.3785610761970485,0.4380993052385244,0.6878973484580007,0.4074407444689453,0.1528268188505287,0.3623678739375123,0.2234496946276256,0.3905925871606944,0.6254336174958428,0.5118560659141964,0.4844678052433155,0.5121824942523495,0.5578540274075353,0.3998292419346795,0.2611931549245101,0.2181861205301969,0.506420092805949
0.3993232770450542,0.4301912292724679,0.4202711962931562,0.3834666097273592,0.454623111718643,0.7155436572944203,0.1859120874000314,0.3978007946677774,0.3147948233532289,0.3204821464423006,0.6319284842656654,0.5025451461021729,0.3970428939028428,0.2651746350568971,0.3217525873188344,0.3860425542768503,0.5475611757820685,0.663849515167642,0.3740042613167335,0.5059763884551671
0.3793749692533281,0.2483749042203608,0.2343761698834788,0.2823801553945178,0.3303698961239457,0.3787799313026775,0.1443780693618405,0.3083735850696038,0.6135028821766499,0.2995001753252129,0.5871305395186329,0.5644291231437505,0.3300920871611705,0.5124112731298085,0.2102398564795466,0.3307259615025201,0.4828755719507084,0.7704073776549509,0.5086822930140267,0.3217258419962447
0.3732047615155438,0.3014044482685702,0.3263523595766661,0.2108413617717477,0.360804586201385,0.3171648441754048,0.8101167755825275,0.3837660272193757,0.1431845988719979,0.3746643271915348,0.3609814081155247,0.5729082242742275,0.3558149001791944,0.6693652595286621,0.3643428697689796,0.5465729123574795,0.371941332958716,0.6265945294189302,0.6499326428927468,0.7664007079877075
0.354456418120207,0.3807507889185514,0.6012413258092841,0.2799577713068713,0.396931735553046,0.4519887927765872,0.3844862113393779,0.3799818190098566,0.4177433422999113,0.4152974593222302,0.6427583318054105,0.7165297102760301,0.4221913493854886,0.3702062490470745,0.3678972127070564,0.4917577087128957,0.38449236449449,0.4510976240650126,0.6099124102421262,0.6180283703450815
0.3036640094515627,0.322466026850045,0.3259887336669591,0.2585814407877612,0.3054616504100943,0.7662061033560812,0.2713807797170524,0.3935223475619525,0.4417496678179126,0.2206351775284228,0.6194078975282132,0.4343998667929428,0.3550741099231273,0.3368625550550859,0.5398050854443298,0.611889054476772,0.6059869222844954,0.3090902406857876,0.3965658105428601,0.3233403850793714
0.3152453349757106,0.8273466174329507,0.3805436370136069,0.2188144285007734,0.2612886202326158,0.4917571716474581,0.4265015430214771,0.2804340835647163,0.1640495265168941,0.3988656514792143,0.4492450729275031,0.7643060650498166,0.6372948904666574,0.3089475914416176,0.2824444401870409,0.4706816852010985,0.3616563902177633,0.6181446357662825,0.4431454008296179,0.579315080417679
0.3575621998960974,0.3767109516258843,0.8059553449823156,0.4262311780214735,0.2917686966830762,0.2451023887387818,0.2432155435844071,0.2787694786244123,0.3312616203355893,0.2798971428215039,0.63474215448764,0.4753841618441843,0.3677137861767702,0.3932515320315539,0.527576839285421,0.7037696652296654,0.4261127631616766,0.2791215604625013,0.3911676345059907,0.5329732554507416
0.329300515461131,0.4247191590476123,0.3399465287787019,0.4025144619285598,0.2858257516420875,0.3554536513727931,0.7774267872315217,0.3570410180125088,0.2691252541655513,0.2665063885006236,0.3570808933147331,0.4706962470443764,0.4058848248313023,0.2784081344613242,0.3928307283610553,0.3112209791051918,0.4505817772857557,0.3655653902711268,0.2861160317042948,0.5764368722388711
0.4393330785665669,0.2979415682572364,0.1618420224256742,0.1976107323409175,0.4266803522502096,0.6661977340130043,0.4470072155307494,0.3453246798409863,0.2707181124304387,0.3270880749791793,0.3828931860204917,0.4739414392203186,0.4692156838599773,0.4537422608513348,0.405821865647773,0.7559713477404818,0.7901999952498917,0.4095078660015249,0.3397560892984585,0.239600517466779
0.3257173548784465,0.4229861674495904,0.3372898463436367,0.4091358184506287,0.3450369061858038,0.3696224524787022,0.3703839336175447,0.6897932894753693,0.4857307602998419,0.2854840614582783,0.371247318342623,0.2918785167130715,0.5276659538309586,0.4813314879818622,0.444567833960163,0.4711142221175068,0.5603377934764955,0.4476390449643088,0.6361157326579348,0.2650770534022565
0.3675897650683843,0.3351460623511901,0.2878634680667662,0.3746805655705921,0.920534844749246,0.3165892573656704,0.3930531006103119,0.3765907570409647,0.2800165012733743,0.2728467994144968,0.5447321338537654,0.5610243272113511,0.5947195396263834,0.3258753914808666,0.5083662864791156,0.3885334407445737,0.6032139505470765,0.3590240309465797,0.3631018214065565,0.4620585466822043
0.7647423131246743,0.26362276242629,0.303646754460987,0.2463946666650627,0.2200255913384391,0.3773997853948148,0.1899052855815398,0.5822861429516043,0.1987323252431075,0.4413552955898862,0.5785985947207182,0.6389995838443535,0.5006416084066256,0.4795304611809194,0.7160130181422878,0.541414301183136,0.5277874648091412,0.3364254400549513,0.3421410213652348,0.4773021968465406
0.3392923529436807,0.776733976624675,0.3541394542769328,0.1772785965329353,0.3992218389149682,0.2601770827367176,0.3581004575345058,0.4134940851549673,0.3474491833745324,0.1857089567455321,0.5107237349345047,0.7915681982309144,0.4185702453024532,0.5633446386853371,0.4598499163693972,0.5718012801404445,0.5717744344741008,0.5890658304932747,0.6153852675660136,0.4838674996203019
0.3718387141500463,0.1695657585599986,0.4085884629010913,0.3224976166332531,0.3830945499401135,0.6745580806912623,0.2695442869006282,0.2910488164394986,0.2006523105561847,0.3100588994234379,0.664525599057735,0.2307386221363421,0.4282518905251865,0.4150664115045727,0.4309420862782299,0.3705780440224774,0.5334500615429911,0.6479440760558501,0.5427609999284464,0.2846411175880173
0.0635592184833823,0.2566507850260856,0.4390470670162128,0.5361896495994188,0.2582639406444971,0.3254723374587968,0.398815672971862,0.2994148064516183,0.467075338808506,0.6993157185140166,0.6932018960587858,0.399068098809171,0.4379273300713051,0.2902915408486276,0.408266312952556,0.4733363149271384,0.6092175488471423,0.5608545454545315,0.4684311753428375,0.4440858320253095
0.2788863927346526,0.2496296381798895,0.4540067097570451,0.5569762261707605,0.3513248069011175,0.3672002987203363,0.3507760431964133,0.6850126049891715,0.2687110472010161,0.3165335136992325,0.5238924810394435,0.3448610046486013,0.3636134838674118,0.193533565501969,0.3189760806878912,0.3686466528843293,0.4977948521684709,0.214275384627487,0.380010329884317,0.4640228451808491
0.3815411310311741,0.2159558936558593,0.311528821279163,0.4012417310000927,0.3735623588290429,0.3567714662733902,0.3196185563286199,0.475869506478544,0.5034478093869145,0.7051450440247141,0.3679792758331324,0.5038360493913832,0.4954302345416606,0.2849943479039476,0.4242582421743828,0.5738409043179318,0.5928532330075986,0.2391441526948983,0.4265354867638642,0.360431250621857
0.3993163771919137,0.3993225424252744,0.1972382001791568,0.3142740250675666,0.2736563417974899,0.5577250848646448,0.4089441177380767,0.4617846161131221,0.2734416750989407,0.4148716869243567,0.555751049144997,0.527642439490273,0.5620222582510442,0.5107550385270325,0.5247374163318033,0.3411970736046674,0.720972779908839,0.5354254720647156,0.4061666525349734,0.538519571172827
0.3894073238341928,0.3061980795327832,0.3075237422963577,0.3336271178874936,0.2369053100639011,0.3655614331858438,0.4197613315151821,0.7482955604902773,0.3591116204473447,0.2677871737348736,0.5660764252780357,0.5338946560086368,0.4578520871942525,0.3844950143808564,0.5029501124320346,0.5577838111629869,0.5877647889964525,0.5683728989244733,0.5519212516041703,0.5685875408184354
0.2814587400515289,0.3615306244995628,0.2891327209300121,0.3852132818170397,0.365387832350446,0.3184129452671751,0.3801610665764013,0.4214662706970046,0.6019823393725807,0.2642895219401979,0.4669227870202814,0.7049524626792028,0.4325694974881089,0.2156146386329648,0.5464570394470606,0.3848023715984322,0.3449748897587091,0.289211182503045,0.4569905526514831,0.5338227055404582
0.4106014201431198,0.3237842126918679,0.3066575351390727,0.3436715806762588,0.5076665326343512,0.7873816818836548,0.2472052043886735,0.1703218598215899,0.4072676478529,0.2775513630225504,0.6900063624241739,0.5904532292594703,0.4272654426565722,0.522815577025544,0.6406607983699372,0.3842228644412745,0.3685046216427164,0.6791136687785858,0.606960085509588,0.5577207406776765
0.3367551411908397,0.2920269778628788,0.4207692072620751,0.6649040404847508,0.3178997148800645,0.1449149560083484,0.2309726387578621,0.2764767771102464,0.3730834370933201,0.3605456236309988,0.3951448987964815,0.4254779874018264,0.6246236855770539,0.2679294286338313,0.4344923942219884,0.2108535577363439,0.4691295405333358,0.2998364209565005,0.5841620298820323,0.4551435497535017
0.3099230431081472,0.3407845166517462,0.3660881416456615,0.3679321527538273,0.2676733544372394,0.602316681462277,0.2622779824344174,0.450751307642116,0.1772384244407661,0.2397419704667452,0.4909241563816346,0.4637880312779271,0.6236813406493968,0.3247773341995917,0.4780632539998601,0.6174751012538401,0.6873507720069245,0.3893662102168427,0.4564358808719959,0.5504820564357364
0.2716746451268148,0.2404869847088867,0.3800558660978322,0.4876979524524851,0.7394410041065269,0.1728855754493224,0.3197192568962034,0.2190435865159921,0.2177410372759374,0.5181139437733566,0.5835111591697455,0.505357240687714,0.4224055326566497,0.5906992775611075,0.5941943251562412,0.498738818614146,0.5202350663653429,0.2933188378978337,0.587208424591708,0.5460366937082769
0.4188242960233677,0.2593277872607758,0.4792491435369698,0.2504034255698124,0.3764742528898405,0.2548557862397155,0.2534982100767152,0.329786560512446,0.7705106650079694,0.3697211168618607,0.5289999412955412,0.5307111536994957,0.3812830005957484,0.5322480983006979,0.3533047155964323,0.5399255543671554,0.3242352775584528,0.7105871218659017,0.4740917348664049,0.5684349981321313
0.316437390717218,0.2783954145374328,0.267943164161238,0.3837752732527857,0.4271013856047643,0.7505835569654462,0.186630054753926,0.2274831878491139,0.4414860034134572,0.4346881949437442,0.5915747407818318,0.5047136524966468,0.5892090946060375,0.4783146152271381,0.4376994084435229,0.6628346165339328,0.5515553118683938,0.5383783134883623,0.2212393556087555,0.5496815060125285
0.2572442841135935,0.7451540492070196,0.2824673050162103,0.3204899881796902,0.3117572644737619,0.3970911057436874,0.3160646799468279,0.1895917905164817,0.3265255432536956,0.3132363826953501,0.5600749908920644,0.3862673019255415,0.5682211967764984,0.5162589330290142,0.1829941138282999,0.4702208800621919,0.461592574543336,0.4664179819798996,0.4964649143269307,0.5695248833380732
0.2447034501239278,0.3473838386815632,0.2548463570312039,0.8315104371342061,0.3836499726502742,0.2599899605943497,0.2790693638687558,0.3479617752252502,0.5269830316196314,0.2906570209099438,0.4213706724771838,0.5350290615552225,0.3976718630997653,0.4223010129152877,0.4997418130350453,0.6494423762424164,0.2212231085946944,0.2338772406691938,0.5867123200797674,0.3963223339245318
0.449667677129235,0.2290565323720925,0.2661821335770505,0.447328400271298,0.3171981673904236,0.2615735366202222,0.303632315248618,0.972346456113834,0.3232110825858962,0.2715669781219197,0.6232230768221482,0.6924176614698426,0.5632345912546293,0.4228102889872544,0.5836466889929015,0.5654712584179308,0.5140970617540378,0.4274410896169406,0.3319606689317058,0.375144806589393
0.3566974708576771,0.3758216271703923,0.2417621939772406,0.3658258299650758,0.3214049603095051,0.3028308239941644,0.3409133160989157,0.24665649752686,0.2632994992435773,0.6776385262080913,0.5597655010936,0.6261998081548308,0.3068444085093824,0.5016131159102822,0.6302559263833277,0.4825637672032058,0.2864488740032356,0.3725091646441577,0.3616828241165776,0.3664206842032984
0.7162590548945025,0.2912874310371098,0.3634166896609038,0.4154458547822535,0.2558052039757339,0.3517308759399246,0.3319129386817372,0.4460219549449358,0.2760132744766941,0.4180029257706075,0.3802690570703851,0.4962604186087456,0.5508182171479366,0.3187899881660263,0.2834817898796491,0.4802765598661426,0.4148474037274632,0.4309291368551907,0.1476240298472444,0.6131261514340997
0.357570969715387,0.0996657644384956,0.4065636873817408,0.2010006525432813,0.2665749252274914,0.3248180684262338,0.2140629119394857,0.7460185854760717,0.4465974169087043,0.3476934761579501,0.6878359150038781,0.3304258001969067,0.4771777094609626,0.3972917535757514,0.3066722220207528,0.4649552165872246,0.4505010214886453,0.3904856924048644,0.4232037006403349,0.3739912869130658
0.3997133148215416,0.2813369205130066,0.4233937630723022,0.4194529599304986,0.2208776472916592,0.770574379762422,0.2437109794687665,0.3284466759520805,0.3314338147409179,0.4995635366434483,0.4834317728825834,0.3997537844562414,0.5383593301493874,0.4131630059440327,0.4043923168898358,0.4513503752345633,0.5603040638597607,0.3772669622109137,0.3593721855443327,0.3630139884458211
0.353059646998263,0.0635502511344067,0.3511262695502465,0.3994736733710086,0.2810009654548957,0.4114247473589721,0.6555569442698879,0.3525300086444415,0.4616247587710409,0.3906241551400488,0.5939152152619611,0.5518103589574175,0.2830747208556873,0.6295447360494426,0.6277773984008373,0.5879255582401748,0.5000936015485173,0.3808447761816851,0.5372856391253168,0.324839963601356
0.1708263692880235,0.6609220661727353,0.3836437742182613,0.3443106062996463,0.2171089392106333,0.3760750899544238,0.3228446221429036,0.2245162398049828,0.2594592302873209,0.0867733159096333,0.5036597256881713,0.341604878267672,0.3042380928534132,0.4494517239297911,0.3848409429556357,0.4345887618252146,0.4081013605899318,0.4583715501804563,0.5059010966029369,0.3689674185596803
0.3994698089643612,0.2872894643291103,0.3952397289919193,0.3794568610647032,0.6996001321042877,0.2942751116263339,0.3153774628907401,0.3866280170056798,0.2117594672006426,0.3920675105694601,0.6939006798354711,0.6175047019317379,0.3778019084531092,0.5276673170474365,0.4163300867111231,0.3927529356532064,0.4016810114306337,0.5148407177884219,0.5580381751374003,0.5881145720421332
0.3590059588306918,0.4423776311767903,0.711320762186785,0.2521277130913687,0.2370287659693385,0.36554897840514,0.370506328666963,0.4580090760770516,0.2816664564954854,0.1911658269752295,0.4678127465212556,0.7567697888448255,0.5039838484838418,0.1253253873874919,0.7932013074475406,0.4532314477006024,0.3445042407937707,0.3321223238144507,0.3934336494164628,0.5563000242997479
0.3509401551809829,0.2436294754126243,0.3309784615051677,0.346612489951461,0.3257394721358698,0.7872057025757344,0.368498510488532,0.3231009954465281,0.3889023353651825,0.3052543913362932,0.6692405777553951,0.5716912239198906,0.2583213581022154,0.3642254540177025,0.5441165488473988,0.3457755485253518,0.6069632252997115,0.7910042431775838,0.3747008196359039,0.5008042225043624
0.2875842543242602,0.3836398189738992,0.1743006236593479,0.267819581165881,0.3233888637496906,0.348229597348675,0.3359987477710804,0.7546269117994517,0.2987925057784217,0.3409700946537262,0.5777980644958314,0.3823373080178964,0.3596686457354731,0.3648979959794913,0.620833706122393,0.3814597875946461,0.3523620061051065,0.664691912659733,0.5524294626898882,0.4398096745196333
0.4306580612026073,0.2105652380176783,0.3724365050125276,0.6694220876515105,0.3814670630844252,0.1791519201567212,0.403452380899951,0.3745055983093928,0.2378180287477601,0.2795877007866962,0.4087210864114665,0.5249035304951113,0.4271837896136043,0.3609842720611435,0.647239200100121,0.3339660080953921,0.5255851231655265,0.6071708330005804,0.6209042647898705,0.5029662866939922
0.2160638540277558,0.2667455958811185,0.8101882049232072,0.3017936552995611,0.2886472539266552,0.1921734924126268,0.5134789362407138,0.285442864748851,0.2838129666099288,0.4449292539242545,0.67851134286086,0.53840947469962,0.3986895046188884,0.4070028066766836,0.3402186478104068,0.6852361462254566,0.52880578012242,0.21538229176026,0.493479011341058,0.4564685625860316
0.4738860618377127,0.3223003631615865,0.7395464112770253,0.3693303961225012,0.2196104845031039,0.2371433644808564,0.3196715825896544,0.4023042199721357,0.374264457056883,0.392600435158456,0.4709192714586059,0.5362398068785956,0.5323255138113605,0.2291973082848907,0.4000454107762713,0.6190963799680436,0.8099316207724793,0.4438961235284593,0.4368316357483923,0.2331843218913111
0.3165903386734376,0.2350439084300397,0.4392642756606978,0.4181677095062946,0.4979053481885944,0.7992224655989888,0.2740980516837212,0.3226649462930036,0.2390006985056365,0.2073029659167597,0.6817712814597647,0.4496708535663855,0.4072131097745411,0.3862684886453715,0.2306569321596562,0.7080706761270676,0.5064079057821761,0.4252041660943403,0.4762842338654336,0.4375950677489509
0.4239769915289189,0.1856378218384028,0.395585168995361,0.385147129403437,0.2076463192323329,0.4400983808510031,0.209271356484609,0.7301028393289359,0.2967252988521437,0.3373535719662098,0.6739288566331927,0.1961280259235963,0.6656322880510221,0.4411595719234475,0.4781459494442504,0.7842327394428714,0.2911059851440657,0.3102772491701673,0.4971643811257334,0.362961555739987
0.2351197861126263,0.2633746219844119,0.2416874714446575,0.8886557715967189,0.3156752433670186,0.2756819232250361,0.3581653512176021,0.2462569961167361,0.2428943724255574,0.2665230351110043,0.5980572208245781,0.6481796140571212,0.5787164651047956,0.4344887485088985,0.4873278148696976,0.502038943278579,0.2818939538060835,0.4818817351485523,0.4864206867566507,0.3227896889396958
0.3017817457366607,0.4527422374004453,0.3546535402648288,0.831895108630062,0.1825476608480049,0.4244883499125707,0.3111484218287454,0.1697911100197401,0.3464693003579182,0.3577533512764367,0.7466354039355467,0.4920366896662659,0.3963828417441972,0.4941972150176998,0.6155193718820626,0.6549048521162769,0.6511824301703566,0.4992394171570562,0.688143930819026,0.5616421328415496
0.378782836201158,0.2749762351724197,0.248647952812531,0.4730634445906401,0.2449708417639204,0.2413129070231718,0.3269496273220778,0.4280693269009818,0.6707761891515778,0.3347950987579984,0.7548251183261395,0.5204992959437871,0.3933554008966281,0.3951603818589467,0.446055770769514,0.6238689709931864,0.646046644062804,0.4803288328437556,0.2439658619078978,0.5532017908119514
0.307923897944864,0.2555667778638393,0.3899760690128909,0.3147016302717026,0.6639234510567806,0.296954435368827,0.2683523231150301,0.2556481091850089,0.3164845902488081,0.4270308489386074,0.5351823741832107,0.4568648395195253,0.6172872338286203,0.3524565170560528,0.5267329130544854,0.4785596592044938,0.4308733504106173,0.5958602208711592,0.5034519958929097,0.6506219688144502
0.1526743983606917,0.343787523924898,0.3595725748374652,0.3512581531381238,0.3699030112659796,0.171340122821868,0.757627593919773,0.3149134960419569,0.1964806231412931,0.1420972669856695,0.2399303340158137,0.5321885873418808,0.4535272019069489,0.172314152633184,0.5610189305704645,0.740126908044559,0.5403946358577258,0.2958703816763753,0.5030012059035993,0.4216387996107966
0.1635681126606723,0.3419185028092343,0.2926752576592684,0.3848051471303685,0.3236169075632132,0.4244791251258562,0.3544602763395849,0.2509794761340293,0.3176927367770657,0.6254963235127766,0.4613299281120358,0.3898848835376143,0.4417290081074271,0.7050491497623401,0.5496171303375369,0.4151255460332912,0.3320973392285217,0.4859196945695642,0.2613518517986258,0.5347311580056958
0.8048078395039977,0.3274014516743476,0.3449017233650574,0.118195620954714,0.208943787996703,0.3432760090458799,0.2255063321640063,0.3302883644926843,0.2619161466617821,0.230014930413366,0.4290412475311193,0.6584853345974353,0.2886043708849064,0.4271324324471789,0.5400790605157609,0.4413319956714973,0.3963483036442889,0.5519481078875131,0.6698578879494395,0.2436733005887181
0.3065587071158923,0.2950035317502819,0.2949977575710264,0.3664631942544421,0.3257721540507217,0.3515972473825971,0.2215852404491044,0.2576408897916649,0.7966353404732855,0.4768208240044211,0.6152187181505865,0.4303752163622125,0.5025501548117814,0.4253914619671298,0.4952889066090031,0.4866043998012482,0.468318051450823,0.563149717022084,0.4875301423423361,0.4843855058410178
0.1033164196315622,0.4160856363839468,0.7882703111605562,0.2829029070346386,0.4007063357599533,0.3963761476611529,0.3966821467669783,0.2973846866784374,0.2934802996287436,0.2245739285222322,0.4252648319071895,0.4939525738869794,0.4381487686813022,0.5237082720595136,0.477852358094229,0.433999342481798,0.2972096637577203,0.4740247906595046,0.3507819222689185,0.4939747584484328
0.0731447471540846,0.6526828669988878,0.3605444663126404,0.3985720815235619,0.1078842656836113,0.3793254980272276,0.2094888242027699,0.2589759943380471,0.3224329496029857,0.2663765565339836,0.5379163994167447,0.4448353909575402,0.5449969928747503,0.2072576122952799,0.6290074920325732,0.7098213450886035,0.6608171631140398,0.4665725400345823,0.6897657713054657,0.3447011821482244
0.6732242457894502,0.1797192506143482,0.2407317486930106,0.2775873810585481,0.4446546952774937,0.3848966435973248,0.3298702241008911,0.4074330375663361,0.2452378682054509,0.375743644227786,0.3960776173713443,0.4922100839017038,0.2819213830119494,0.4083468428022898,0.5246097880513496,0.4754491609029474,0.4784941971948767,0.5415715106621934,0.4007536708011963,0.5189471688751242
0.3974084812143305,0.6838358060795795,0.3622417508925612,0.4453680852638122,0.4192750176553956,0.2715377605009103,0.2811208991859776,0.2853884881783518,0.4206836798899414,0.3703838178123654,0.4000125601949195,0.262953166315498,0.1920885662288157,0.2869280216298931,0.6492894064722776,0.582717858895967,0.2695043103596494,0.7265167079850854,0.5281277447219965,0.3261004916969492
0.2378091908134204,0.1319562362142521,0.3591280904189209,0.202829122681897,0.6854634263788014,0.3685679261492693,0.2067937708639515,0.4248158452192251,0.2957184760429622,0.3303215698869,0.5734443891578003,0.327886927983684,0.6538222431418189,0.5978903012858461,0.3975435257101837,0.5090838852767717,0.7165541187291166,0.380819381065282,0.4340250505361379,0.4366700578649233
0.4383131885762642,0.3056257653120855,0.4185537993745514,0.2258865296955572,0.1740022067907704,0.2769721876326528,0.2284046934884404,0.3752664952750231,0.6386748977912723,0.1890872407757292,0.6253928845673701,0.3069725419529098,0.4251843705081498,0.4686805823992546,0.5894271823005821,0.4698021733531504,0.3479168372399447,0.367932416353013,0.5419572163555797,0.3146432572067386
0.4869649150234698,0.6746621290482411,0.2806692162640047,0.2140506430028848,0.327102203805682,0.3478227785202303,0.2008561100227928,0.3689793244134007,0.2758318977842162,0.3125453501517163,0.4371310640669311,0.3524715110453642,0.6213734564741356,0.3887187267750415,0.5882634940607973,0.4005235056683961,0.529358381887593,0.3164371216566966,0.5303892296271348,0.4918045779970727
0.4581286725525104,0.1813820493501418,0.2249943633641406,0.3553707084337957,0.3360880359872614,0.3057188897222443,0.4657458917466512,0.6241897726606209,0.3201325064424294,0.3158156058360726,0.5501098773579626,0.5658945180424317,0.4428096906858632,0.3224164455887187,0.4442139907926109,0.4748479835154043,0.4184829732414696,0.5079302880021791,0.5414336082099843,0.3816927208112049
0.1102372140545541,0.4427268310343152,0.4138494357795635,0.3259119046584493,0.3198871106270587,0.2705876724034839,0.2904919070883131,0.4639037624607921,0.3203334559491039,0.710947136122182,0.6199235557141421,0.3272295782044256,0.3005628826236112,0.5689193048516707,0.4244586309101191,0.5796270811855867,0.5809839028967958,0.270140842445386,0.5349003854683747,0.3875424130089288
0.3664691136007177,0.2295626173009781,0.2456609626020077,0.316691147819433,0.3427474475135211,0.2601963979062873,0.7929405793938831,0.3087891508428603,0.3187233595199413,0.4225947306112589,0.6666730263485885,0.3857812710303105,0.5159933560733636,0.5443876296080105,0.3531296400321567,0.5264162503565211,0.2945391916084895,0.4598882659871072,0.5055761754533772,0.4935126659130642
0.3274859351317182,0.5871963464876835,0.2575565828564538,0.1875834355249839,0.4673865740678692,0.1936026867072221,0.2453385258584595,0.3005614359593367,0.4100835143745048,0.3359143131410725,0.4764733080334599,0.484762397893387,0.4416477381149803,0.4732109109550911,0.5495045362078144,0.6985111871609115,0.5002124279688283,0.3511823963534894,0.4463236393401919,0.6129780061431258
0.1739309430623248,0.2648752699043775,0.3296751402382153,0.3310498144375223,0.4900612238585596,0.4121101672345505,0.4601742581092578,0.4328601363342786,0.4123797954077501,0.7812122098391143,0.5928528062187727,0.5349978721857207,0.1451413789842153,0.4134315360599169,0.4493328590448603,0.4794972617819577,0.6628773208238021,0.6030509026942635,0.3187861696519052,0.2866201245442092
0.3947481347665992,0.3071988055114442,0.4764873615503609,0.2648051578254968,0.7210809071723676,0.2307692665644037,0.2990572657273117,0.3281278929609212,0.3804027958634734,0.3122378819450197,0.4242130805112607,0.5750513381331285,0.3653207049711291,0.6238860148579548,0.222457602274221,0.6856619507452708,0.6879794022638801,0.3685647862054814,0.7083146353141283,0.3637759140903892
0.259515335593127,0.3085392273639772,0.7359914780732477,0.3920274579641351,0.3701295384304518,0.3314940680910188,0.3597119886191821,0.0374903506186899,0.3020186121671169,0.2882494098264889,0.5769671490852694,0.5075905597462832,0.5362629072138283,0.3289174244793981,0.3799229849128167,0.5818671474835421,0.394246950440289,0.4589367000200058,0.4889403984230407,0.5433291650970163
0.4386864161600869,0.2250002743149526,0.2778022330565669,0.4271807629523892,0.2145854996461411,0.2773432317411448,0.5566333229472006,0.3044804569490072,0.2887939539192972,0.8441709718377522,0.3147015308704263,0.4883769516122652,0.2875548974547663,0.4567288433118389,0.5074936964919938,0.3635589018720178,0.3726591881447184,0.3364041847861058,0.6515277615306703,0.3408594790264604
0.2355284226095588,0.2725961932154429,0.2415368948761556,0.409309828101031,0.3564698571891389,0.324527779677855,0.2376298300381218,0.3318849845119519,0.6292555734493498,0.3298902939890095,0.4365659478020059,0.5794445836931699,0.7538274496715225,0.5325469684632718,0.6562406793206347,0.6734446672611267,0.3591997745414935,0.4452817659877188,0.4016160237052112,0.6372396313418305
0.386488337923476,0.32327287523406,0.4498094397355358,0.2561297971642943,0.3332851111763359,0.6682737220453648,0.3383590249652167,0.3023331414064845,0.283527377187493,0.357076127002691,0.6312254922803161,0.1649053528245295,0.3666583356663132,0.6136562347565078,0.4510869629372757,0.6112403703125733,0.5958438600995881,0.6608980495387639,0.5388356865037153,0.5250716064765215
0.3591775257339359,0.278245980116906,0.3360926548087654,0.3165696665003007,0.4365196834983805,0.215781468238732,0.7680830124589673,0.3086089653138745,0.4657560131769366,0.4287382600156119,0.3598717252626843,0.6456385211533413,0.5591527420852757,0.2874207802707381,0.5240179816472179,0.4750303210623826,0.3561962040468757,0.400265511923523,0.4813237036215047,0.5163502043426239
0.2434248681196777,0.3689873816217032,0.2586822102160445,0.387358726418136,0.6589264968631701,0.344332203463485,0.3329580467188801,0.2152401999920284,0.3448371467659368,0.2799871474298522,0.5029477964896012,0.768702869219346,0.5251617249220689,0.4916863074760342,0.1875667190073236,0.4667870953184506,0.5679928406341131,0.2221788337344313,0.4992941034456157,0.4462582724518963
0.4140859253273511,0.3940531073357478,0.308988084143713,0.3809535755308946,0.3616784618230646,0.2711129283541766,0.3419435211863972,0.6531998079074544,0.1886240977024318,0.3886727954875844,0.4774603330790182,0.4503968993474491,0.4080437118031291,0.5910417944455078,0.5285716036043497,0.5671901588359753,0.4780834832743772,0.5218890857594851,0.4382214308690123,0.5642827786622449
0.2301936236415206,0.2672969394364042,0.7706453387512614,0.2641262872133491,0.354522203626716,0.226940283459144,0.2560359517242853,0.2843308635004952,0.3682599237300858,0.4038268976542069,0.6455928896525981,0.3339874365364086,0.3711928962313878,0.3606754253210685,0.2869793599223333,0.6758141394457626,0.6306340471735379,0.5777585183614447,0.3797752026854941,0.4357547004824428
0.3751225862312992,0.2516790838260502,0.4403698161116756,0.3269677147143205,0.2096059233372497,0.2220257335400934,0.9716045040621925,0.2577206600184078,0.4148661562388319,0.3064763005369285,0.5587033952141448,0.7211330146366883,0.3098167071512551,0.4325983730210702,0.5221069863855972,0.4053955170159778,0.3182919772735398,0.5415127602328541,0.4683969184032059,0.4352495448552058
0.2930230112932884,0.1774007357385938,0.3956227874354266,0.6900676040586977,0.2740425366540401,0.2941776575272208,0.2791366745052039,0.2766290096575048,0.3328428546001273,0.267910064850588,0.4821186073046545,0.5333570098465819,0.4070824455980548,0.3388551923529737,0.1937249959646509,0.4782967378913928,0.4043757963920742,0.4646210927476271,0.3361142513384572,0.4715871421220715
0.2627876447524594,0.0870314405393906,0.4538286291358957,0.5872195155393038,0.3175576469660258,0.3815318230230151,0.288364430339697,0.1263458099625849,0.3635539744309548,0.483753425455908,0.5676658177177181,0.5469502691303212,0.6530792249499224,0.4888325377540386,0.4730174885729597,0.4566109261926915,0.499831506525306,0.3820404900824577,0.6922670104727187,0.4935478779608097
0.167082941142779,0.476730096675497,0.3598100144784673,0.2563025559479477,0.8532398712637448,0.4208414751426287,0.3720779599655592,0.5172747598684206,0.3485373790208581,0.2166794945918249,0.5274364081554768,0.5708618770213552,0.4404437851076149,0.245892686824047,0.5705475164237171,0.5400633667713918,0.5587358507710648,0.413845639865786,0.5592641191765289,0.5615557386771235
0.1711897239591753,0.3973633168275406,0.2563230296148022,0.3294109072942555,0.3715573232645364,0.2759976479971349,0.4279085955379637,0.3009193640060397,0.3729809561115615,0.7866132017032156,0.5809968274759778,0.5394634844316842,0.5695697778348039,0.3623397907729558,0.378924314260695,0.6251617387695279,0.4397601616299462,0.5731210051084795,0.6580029569891009,0.1944654700991968
0.4195735427262523,0.1983869137576019,0.3289289011377768,0.3500770442312324,0.3533191771845277,0.3032989839537248,0.362280997344145,0.3544860408364751,0.2467012846795867,0.6109246118354478,0.5618191718487069,0.4198052847732387,0.5745303242576392,0.595120517479545,0.5319532166949803,0.4641501011330072,0.5509783974608196,0.5273254811027343,0.6332501847741073,0.7482399484491595
0.3134547057605758,0.212075080468052,0.3533182756100754,0.1931115777287778,0.8093371575347441,0.4240472400994355,0.2975749216860254,0.324033143489753,0.3576426095054497,0.3454346728164725,0.5193310057709744,0.4427430307064358,0.347171607005764,0.537585722916828,0.3738014627319295,0.7036189225007186,0.5677992910596896,0.5271616903987753,0.7878450581822144,0.3286725680541424
0.735882839714407,0.2232169179405602,0.4841944504451959,0.4449174087617359,0.387666406511301,0.2831642357856481,0.3146571442755448,0.4680547203647154,0.4134912380103572,0.4085874312162156,0.385229574631474,0.6002610715975074,0.2352879131334156,0.3276509583771287,0.5167525611970872,0.2791399895003681,0.3522980621925161,0.3989042678570557,0.3660163163039656,0.4064055886379066
0.4121412007779395,0.2851993565793178,0.3952350271234665,0.6450353292924321,0.3570508031882001,0.3692389755097226,0.3055523774097258,0.2794616838231268,0.2947509325574544,0.3575133196946436,0.5934006230590154,0.6371339978182387,0.5607632140751211,0.4741524250559798,0.4353323001719074,0.4635076073447361,0.6520507753504973,0.5911536815643034,0.3125507737835696,0.4049957864322908
0.3559151005752907,0.4051996583858702,0.448806420346122,0.3540519889117638,0.3853663908468473,0.3363068762186169,0.7240056315881909,0.4698360975265097,0.2975985425392641,0.2720571289162359,0.6303470157944152,0.508390217429113,0.5339838366406962,0.5730914349760825,0.2680673269656922,0.5515333010591769,0.3634425041872802,0.3918985707798679,0.3981746183193556,0.2579791047233963
0.5065154542667101,0.200933198056304,0.2069967698794808,0.780934182022024,0.3834977750021562,0.2161616252487279,0.3812067201763751,0.3596492391604861,0.4696566511202302,0.3171353344373574,0.5960393817056114,0.7030103176059255,0.5109383539217841,0.3606018660862179,0.5078093833140764,0.5086874785790928,0.3665450360565965,0.635313691125837,0.3766885781022153,0.4359975982685761
0.2601135243178159,0.236408823573997,0.309262485880765,0.2911718559731657,0.3655564193689615,0.2725477309817569,0.248880942490579,0.8534647108464432,0.3178215959820488,0.5148677078509226,0.3868766915122728,0.5026207307682622,0.611911574547566,0.3614241399213324,0.5533744221816221,0.4097811909558135,0.2747976172819657,0.4158297634883932,0.5710350086381908,0.350211588317905
0.353849955380649,0.3613380265001393,0.1706437185418782,0.2988738659546493,0.4655616476693731,0.2241241585664415,0.3138164582569238,0.3394852733401675,0.2699382751800407,0.7889305814302917,0.5494899253151964,0.4932085726596001,0.3846695267268089,0.2671962041311465,0.3587390667182448,0.2084599746683584,0.6278054916201204,0.3008212366287919,0.490935435899861,0.3470111519197265
0.3168648657782625,0.1594071601696387,0.2666285465938295,0.3924009739205172,0.2032938930334111,0.390492230342803,0.354007453987194,0.1234317536039383,0.699223982299015,0.2273832734645658,0.3728605069204776,0.687593724004524,0.6939643174915864,0.5123947867120918,0.6193556038969468,0.5647362555190109,0.544404686985907,0.4328099001413008,0.3819411991257483,0.359431693306437
0.2203726719582986,0.2331325120505715,0.406201836546244,0.810301100588952,0.3197134630753055,0.261545831354103,0.4750782182410976,0.5445422565606047,0.3628491215710018,0.2151235243250667,0.6114138070112585,0.6971273628845909,0.427870650430773,0.4727755028743724,0.5115871168570468,0.5203803750456087,0.2898918009230662,0.4524669230618477,0.5828746161080095,0.4250666146512364
0.4086971802294415,0.4578067552253129,0.3673193465363644,0.3090344199793825,0.386938911356927,0.3813342928181774,0.7148439128241929,0.3796979948304163,0.2099731429898487,0.3714832421882214,0.6638040160690749,0.384111040187568,0.502190687624058,0.5130788157539029,0.5494653716197524,0.5273443406101365,0.4706768423086381,0.3367208595573139,0.5172772633644849,0.3746114182012475
0.3617930928671977,0.2534531605126592,0.3925810731768256,0.2509354090654311,0.322491691454886,0.3814544266930272,0.3778656185899093,0.3804913079588089,0.3272403556649345,0.787794321971595,0.2845773764258642,0.4146690442232869,0.7875068773328975,0.5317654342682748,0.5429959567577526,0.5278047620081491,0.5860178524439641,0.4196715417819344,0.2819937796109854,0.3302649105622565
0.2784677310995412,0.3887340094334859,0.2504648623719693,0.3135821312453777,0.6559759633630656,0.3802628528918814,0.3006480872055116,0.4106808007352882,0.3422966921186969,0.3870985444435028,0.5773880802697012,0.424699191595403,0.2726097689472635,0.3199337755683805,0.3960133184965921,0.4950403390180553,0.3052570007060649,0.0867201974272109,0.4937538818804169,0.4698105668366523
0.3079196890777576,0.3053011259366453,0.3583778954400746,0.3580517109950442,0.8561353740256037,0.2058043902797144,0.3247921356491154,0.225510419399206,0.2916694470247215,0.2976461721308319,0.4225195654167443,0.5092604802248828,0.5011488627037598,0.3150725151148102,0.5715237024546872,0.5015468024916648,0.3595449492773805,0.4034964760612582,0.7009656009943477,0.3980351639562374
0.2669740284539886,0.6206804995974405,0.3176584004810765,0.4517716314070989,0.3700071046649745,0.3528619381447521,0.4302088285780183,0.1587655081821316,0.3253494909840423,0.2597120235618898,0.8111222244895302,0.3565267314745278,0.5338816623191542,0.286887815271265,0.5778802145616047,0.5260526573613197,0.4353634429792546,0.4922545863148427,0.6055777820563013,0.3907879613313938
0.2959084366753106,0.3584933844325649,0.2844233950356576,0.332502261992285,0.3434426813854266,0.3672414985745498,0.7442632302153726,0.3290145214573028,0.3918916763906388,0.2782592516740311,0.5326316874803192,0.3965723357237738,0.7440688699404359,0.5440627239408141,0.5128069388059214,0.2168235428226917,0.4837370848029843,0.3750753117325262,0.2989720339158741,0.3677778775161178
0.2611444773903895,0.7116927476389088,0.3741504303446847,0.3922069441429713,0.246656124467873,0.2519332518698354,0.1838667118635196,0.4274053620458931,0.2379473585770308,0.4313146643898834,0.570658101931511,0.6866885690376583,0.4278251611008664,0.5399716167776748,0.25992984578774,0.4582722961771682,0.3871209761165443,0.5420012578603628,0.7127684381776094,0.2687428138099273
0.2658036042545282,0.1900631872040947,0.3895836579814068,0.3167153681377955,0.3401208320511091,0.3089573178829487,0.3702630063976231,0.2761410336879353,0.2722864019683713,0.8223618438316592,0.9485816314267048,0.4737136200882529,0.3944419577253681,0.5347913906598303,0.4349164207801084,0.3216094395107763,0.416911455342553,0.4003099609703008,0.6604205962634873,0.524520074420609
0.2969407467686627,0.4462304124651443,0.2995609734561519,0.7789493348564133,0.5057677715374178,0.2992497381929764,0.3300291349287354,0.4157267254840183,0.2593636433358275,0.4278301642505941,0.532632454862203,0.6407706552278108,0.5409930822815018,0.434628909508186,0.3909709498928806,0.6845405056227823,0.6437573756770314,0.8071479274530221,0.4204611636047243,0.5192194956642711
0.3758057395945512,0.3403951912498841,0.3375872302481674,0.3855476333294562,0.6462689811321769,0.1677535277186615,0.2177668642781383,0.3888370614266262,0.3536665725988759,0.2807523804772651,0.5593850231187258,0.4982939346763526,0.4044727060079505,0.606449781925936,0.3710569682692137,0.7090760136519517,0.5008316974724843,0.5844940646708296,0.1770257108337075,0.6493482856549938
0.2251051420268185,0.321806496530482,0.3809752291326534,0.2977150127866562,0.3709881561154323,0.4658357758458764,0.163344610473975,0.3681475293235962,0.7227854284630435,0.4415043530930725,0.5922691973557006,0.5306250161509676,0.2465498985996532,0.3570799778210013,0.511328069137292,0.4983707132293995,0.5595586740740972,0.5519709235329113,0.4828859194422689,0.4934157007872663
0.7448285637409341,0.1662212460922278,0.3420157066739441,0.4238624143630785,0.2937362892969275,0.4843736615985557,0.2272065093846873,0.1261826819257601,0.2983049302606792,0.2875394933329968,0.4929000096148855,0.4802112767198651,0.2892807733001379,0.6872974488489147,0.6478829665063438,0.7318869379234352,0.3706528718054853,0.4205845173179094,0.6547025491052808,0.5308437183771684
0.2540591050621001,0.1304622799386759,0.2981028877978842,0.2772312188078789,0.4268568121402178,0.3543111198317775,0.80348566441902,0.2049643790590532,0.3289398320614752,0.3378299888185156,0.2783571928086034,0.3998900926907104,0.5389960249621413,0.3556536098691442,0.287662597830375,0.4703471987545634,0.6538778082014216,0.494661465845424,0.6102400369933505,0.7379216343682733
0.3838353700724469,0.4188178410162123,0.3117531009732269,0.405228756925225,0.2531937758633203,0.2234027941928889,0.3868221913166117,0.2738940657568645,0.317596399200372,0.7645798108110579,0.5605717200144589,0.640497481250341,0.4435936504951632,0.479421757840514,0.578168535719336,0.5485564281112562,0.6038955569289951,0.2989608449022496,0.3582083692036475,0.4023477315611445
0.2248444083526436,0.3183090132896061,0.1815539684793243,0.3663986175973048,0.3381840452834171,0.3295306513557633,0.7959343181699654,0.2847962327288222,0.3650019031119808,0.4993945714486473,0.4183691778041563,0.4444245230442925,0.6319950367900314,0.6220512161148358,0.4979241872277018,0.5333228776970216,0.7841086722378694,0.5534506946269045,0.4384065108295433,0.4058985561316712
0.4378943654824277,0.3093805584733698,0.2591009422108631,0.3386680788707937,0.1722956271171535,0.2668232064014519,0.3394713804399302,0.3852229521203112,0.2914104394015772,0.8537967998754827,0.6406442363932865,0.4219017766477322,0.2585847344811068,0.3682925571749691,0.3294791949480704,0.3753678512689675,0.4225114886697766,0.4986419527531564,0.4986980038340189,0.3395602032278287
0.3843815429268126,0.2986138996952512,0.2201971968025232,0.3175312139431613,0.3194855223037746,0.3014431147545528,0.3113438469721568,0.6951029653754455,0.3187522667052613,0.3747276202126742,0.8467207360214468,0.542220665856156,0.4829790895141784,0.3821973358327883,0.7491271752386761,0.4308908580994842,0.3078190892564737,0.3959186886453428,0.5667711508428483,0.480716708974571
0.3712277381290243,0.3458166300635667,0.4521701277985201,0.4123554536722036,0.2410400689733517,0.3426326521900096,0.2037608379900943,0.7305809542637061,0.3614369835640671,0.2066525260449599,0.5346038045536837,0.1232948888795637,0.4870196723917146,0.7104123215235845,0.631149399342884,0.7195502511905892,0.6367936572477638,0.2582574044017487,0.397134152594614,0.4988713395603975
0.3369334527377887,0.7508846076224376,0.3300005690201826,0.325843453474385,0.2457651355253294,0.3769895658319626,0.2867671592743417,0.3784651409803361,0.363061056604927,0.434459097843536,0.5775982878574059,0.5259897122065321,0.5203608888014893,0.3868447503065637,0.4985129436548542,0.6096063670662663,0.4655790536250953,0.5509390264843173,0.5682667558575842,0.2908518107987606
0.7390524610195583,0.2649491868141102,0.2379221947027607,0.2341784373692698,0.2677387839659123,0.4063860263220529,0.2591810500145479,0.2888421470890199,0.426287330591496,0.3501129173875952,0.6412983218563844,0.4278118660171963,0.4391914052575502,0.4109499942892505,0.3417829954076871,0.578192344613043,0.4342214691668192,0.2999204519764599,0.4363017540327938,0.7473648158722739
0.3651759618513924,0.3089903128152482,0.3052418557938519,0.272760436455891,0.4421766693041417,0.5546703176693264,0.2108018987623022,0.3456149926422812,0.4671138626528662,0.3301173024487947,0.5549203865625666,0.5874828554864121,0.5280793792650554,0.4110553445521106,0.4864672477409845,0.4503525228203328,0.5332425888419402,0.5328083973093685,0.2715859998145263,0.5368739619653636
0.2652436714428681,0.374737637312124,0.315934118922931,0.3148099019532137,0.7234746673778492,0.3914130952645858,0.4013128454629451,0.3372656685432619,0.2537408155368774,0.2973391541033768,0.6961361553979307,0.4736889988422942,0.5749319975916272,0.4588076814818341,0.4269356431449607,0.6496537278676416,0.595526323343188,0.4373112545480669,0.5591665611620527,0.4010850222200379
0.1188913353418681,0.1219154033698237,0.3644073727359706,0.7390903605855497,0.4218179819427398,0.3045341268211837,0.2886871355427188,0.3646472319703358,0.3891762081966625,0.353109935288321,0.4425678145943827,0.5257433772927806,0.4923355922235881,0.5725515630035498,0.5620112434772081,0.4283993357897541,0.6015457796389496,0.4893370793350475,0.2423984800622835,0.6785324997395512
0.3146850160802583,0.3578537690202458,0.3125668449844758,0.2715754648718154,0.4032449477584192,0.324554517781115,0.7333335815630995,0.326168046765091,0.358486072517452,0.2351400381410482,0.5369106272608466,0.3778049235544327,0.4785011203719656,0.2604250978557082,0.2070253772226778,0.3778288324888998,0.5428341619018064,0.3773626892254778,0.3982614027546742,0.4482920006644902
0.2242042783629171,0.169628663264563,0.3076117823510216,0.3665344858816414,0.4292404600061946,0.309957729676316,0.2460935135170225,0.3941197960802936,0.654511132788668,0.3122787698388751,0.4396569315640924,0.6283936498848747,0.4961568787711681,0.3190080255843992,0.4288673950593763,0.5812059943152438,0.5186045252854331,0.4031077585537624,0.4322540823129122,0.3928237640503254
0.2216893629149389,0.3283076939721309,0.3442278159557513,0.3087416131695296,0.7913004288962384,0.3456101486498287,0.2933389578482588,0.5561716918492965,0.2388758374792506,0.4134669749864365,0.5251841165206523,0.6698330167350741,0.3643085483111652,0.4431175053585406,0.449607101754485,0.7296094379830615,0.7513926121919301,0.2785696093846567,0.4090069494288416,0.5090218320498299
0.2151326293458485,0.3862755082264401,0.3631175427341791,0.2639158401648663,0.3675531669915642,0.7662537560088052,0.4690790626156617,0.1984027643131959,0.396945727072297,0.2870062210332196,0.5349193129683897,0.2856676553701691,0.4694987564273352,0.3651035463706081,0.6967561309643565,0.5050820279618411,0.2979079391217732,0.4542135533304863,0.5592821398291621,0.4233707191650344
0.2675082635318989,0.3388567362054264,0.4634071236964142,0.2770239068509062,0.7537816205886696,0.2599635245513727,0.1196067099634643,0.3982501330830139,0.3421724343585403,0.2730539512040276,0.4614827409976568,0.5764721493478622,0.3872410130906923,0.5189543922069692,0.4608318937327482,0.4262653789751867,0.5521424012969727,0.3246797908252067,0.456443446723857,0.5944021063151346
0.3404493078105283,0.3015545965988176,0.3054003924859175,0.2794938657244376,0.2411114707436828,0.4884566857206117,0.2310086824717248,0.2417897276725087,0.5438657319163211,0.2901763627129016,0.3520932490105551,0.5510288221833005,0.3816717776094942,0.4812895677226748,0.2799269610874614,0.5164422724611164,0.5121676624363589,0.3345080296507534,0.3964108134915068,0.6537787948205864
0.3321539335661845,0.2218554520922953,0.1780966769249719,0.2992281128946058,0.353565619122762,0.2656794667085814,0.3460273644692654,0.2240657717467053,0.690153479063871,0.4162763049326213,0.6620726396151115,0.3705156386005009,0.2418220076356023,0.5748164811719348,0.6183416111727017,0.405469595498921,0.4486432427313849,0.480296317556628,0.4506453688154701,0.4086840540040436
0.3096326928592872,0.4038103383227542,0.3857979082059329,0.311050209076248,0.4731244692724414,0.2509543032365102,0.2768793717595607,0.8405559142921752,0.357278513073375,0.3610782463256535,0.6017471039908294,0.2558089121609913,0.3847241179307886,0.4706121150485773,0.4112582063100953,0.4325971828734769,0.5774090813212369,0.4321631681659703,0.3825078606613335,0.5492935148933641
0.8082954496124402,0.2665635931023381,0.2247196128827702,0.3009879540315118,0.3186753253303041,0.2628428264484901,0.4715643659199546,0.0723204365873586,0.2535167830159938,0.2721921202638466,0.5161457271237281,0.3222261057581387,0.6718122644118225,0.4719365259316704,0.704630324851493,0.4927073502229539,0.686826364078659,0.3346503984176995,0.4780349458510466,0.414348678139697
0.4446748172594954,0.4114100238748806,0.8595169972829285,0.2723597512549159,0.3360578671972269,0.344471071733599,0.2664859230259565,0.3738380136938066,0.2927474124539908,0.3150073961368478,0.674011267771577,0.4988102620290264,0.4871558322227032,0.3144788550555712,0.6620659444589392,0.7107645299820825,0.4827000198995315,0.555190206444797,0.7760014984927635,0.390934933188944
0.4339828632862057,0.3853543239402592,0.2431257244681393,0.2553151154075206,0.3956446270289191,0.335997397070873,0.2099280423143715,0.2205881994395515,0.8095429104857019,0.2824012765736015,0.4616651684495397,0.4113094626619094,0.462205257287662,0.7183744522960123,0.3048020817063618,0.5751900674289395,0.5390835942618046,0.4880142635737188,0.3050502571134225,0.4752360272760232
0.3606217800868875,0.6728156443577613,0.3362982804417741,0.2425109592936135,0.307967271449467,0.2361903239650002,0.2937356076588022,0.2589038948276149,0.2212177552158539,0.3571725342606453,0.54727916634839,0.6770902633856666,0.5662574871917487,0.3784716019111687,0.1952059413685125,0.632591632196631,0.514284217647524,0.4588418402120371,0.4826902094241204,0.4987623911311149
0.3915707406492232,0.1765252643651387,0.3527034173892321,0.3224797502035658,0.6622848947521505,0.3103194109243671,0.1773258434964867,0.4038098993745117,0.2634496902553268,0.4539293431151679,0.657961514657898,0.4064389902289728,0.5574478633707862,0.5232438997862564,0.7202642377841232,0.577466690478343,0.2778671087642455,0.3924529245846337,0.2592897120299072,0.758445847773058
0.3268365125899307,0.1369429557285656,0.3682466483010431,0.3621156752471763,0.106058502910875,0.53467461367339,0.3570322857225042,0.3689381775803146,0.2880403533527836,0.5809971593976676,0.3362933557767499,0.3852908291387042,0.4121944431505356,0.6086294128773456,0.3300496221574136,0.5655549165159067,0.5359091899488904,0.5607695732061118,0.4320228639720171,0.4690314975334368
0.2845524869171854,0.1775057231765686,0.7302481960884635,0.2900881556579335,0.2314957809637691,0.1439362422312859,0.3318398368427631,0.4336800942179243,0.2522879632357488,0.3614029107830185,0.2667721310946966,0.5056343430932799,0.4667042839134032,0.365942004792954,0.632632483142987,0.7708414984883893,0.5338314034408975,0.6601713854167759,0.4434252508013951,0.2960503550307614
0.4453076181468026,0.2955993126530603,0.4534124664236298,0.6213199225232462,0.7992003396962872,0.2021236962877755,0.234369037741869,0.3406575492197054,0.3500940886681026,0.3249009411735062,0.4537060246346001,0.4977442348928561,0.5689059169872795,0.467647396422807,0.592559387946764,0.6340782027331289,0.4081299255425447,0.4183260968934148,0.3443540815660705,0.4720781488894211
0.6806309980855169,0.3040861719095727,0.1696900198048084,0.4329602546020662,0.2590123480243416,0.1869860806688953,0.1921950514081952,0.2702494169477518,0.3854319636918843,0.3713485462842344,0.5690947926547739,0.5780058279308233,0.571803903068087,0.5030250080131562,0.3447737730791902,0.4506786920145856,0.5410454100685239,0.5787193003694837,0.3865499970853637,0.4463109766103798
0.3573702213390944,0.3160728518712225,0.2197093962768145,0.3610660240895108,0.4582725279939609,0.2756785361922067,0.2921880954882926,0.7182593554238046,0.4850939747739666,0.2555454919483622,0.2774802137692502,0.6364025867934553,0.2249806261753967,0.6263420623498005,0.3426783584089252,0.4576821918045562,0.5479717957657172,0.3210283951122716,0.5683521830614362,0.5037287268971345
0.5154836018260547,0.1365797173514172,0.2625136646119531,0.2783312865007538,0.6816726724901632,0.4474896737481904,0.2138591774705211,0.2516640780464592,0.3863917137682257,0.2655958801218424,0.7667282344122126,0.2255741702177927,0.5074742934646933,0.5812659420391121,0.4206317528734862,0.5617431229484913,0.3912144867098099,0.3107543489506825,0.5164536762119328,0.6901983941634076
0.2501634234912162,0.2371603918750408,0.4201076507017608,0.8278423744942534,0.2595123140988183,0.3250517357758969,0.3763881915310622,0.3671744988046704,0.3578818160869546,0.2507494144073828,0.3170438698797794,0.6016941268523003,0.4711859435037693,0.2310958673149175,0.6027380377288988,0.6358003858422763,0.4474576451091269,0.4833432420993526,0.4359534226098738,0.3598993391985015
0.2877045791958514,0.6616790762769038,0.2931919207544307,0.3313824536076056,0.3073057847393476,0.3240492290264223,0.2675607796302766,0.2974070763187311,0.2836232219715345,0.2804627723731384,0.4817400298764943,0.7232588787124801,0.4829562398463607,0.3424089757918944,0.4548377343176907,0.4927369825950665,0.3304458813629266,0.6767370573676936,0.3082138129784747,0.5397235851770568
0.4171823740310393,0.132407154067226,0.3497586405921365,0.3205509132811311,0.3669540289613345,0.3794390965302589,0.7424751821768537,0.3966761946173427,0.1773026780861094,0.2971876479248043,0.7263604574500715,0.3547632119962944,0.5730265039407365,0.4448909441288303,0.5537206048450716,0.6442700091999525,0.3964526365427263,0.649922771759519,0.3871125830826412,0.3608139790964841
0.2700736605632661,0.2350416321850156,0.3501039250765503,0.7925907204865856,0.4498478356951085,0.2166801139717635,0.3191346546005196,0.2840223969488518,0.305968985452184,0.3062931518660999,0.3804053652254117,0.512813896653521,0.4234128941578948,0.3654736970418287,0.4815597613238266,0.6635173585042013,0.5673266723133076,0.4031919985747818,0.4336938098080237,0.5106695977946956
0.2674698962135335,0.3408704340403765,0.246594152388366,0.2978505782737868,0.3951379244190946,0.7345286509095363,0.4210646610517293,0.4794908073532702,0.5206676174568965,0.4151057261944287,0.3553635926111659,0.7571257130182996,0.5234488584898792,0.4475216017617354,0.3815433051654595,0.4702010747034243,0.6075371042873547,0.4542832161793627,0.5129117988032051,0.3276516546058443
0.3522218741117012,0.2759168542008986,0.3102440651109174,0.3203689553717551,0.2554752972605664,0.2313007951566819,0.1966690858989304,0.316618326671595,0.3337379571694767,0.6362835847827267,0.4170250560789486,0.2762485512689426,0.6280539397078441,0.2964756236511422,0.1069907764781011,0.6227193373293028,0.3665258630883106,0.3293396400352257,0.502646498004377,0.4767603576508499
0.1165117234422923,0.2750622001029618,0.3156954495125942,0.3495113786597354,0.3855413173646018,0.4095710442410523,0.4058350306567653,0.9605384603367472,0.3698685375646247,0.2437209445556943,0.6490877290010995,0.3788756290823138,0.5741609583104003,0.0782031092084232,0.5117328445307131,0.5631968774746168,0.5119288700380653,0.3239678884435961,0.4530566595513355,0.3507922786740121
0.1611923240705102,0.3638033147790095,0.2372392347762504,0.3646309077062979,0.4422459247983927,0.2637225332994243,0.705709434871775,0.2697204755752067,0.3637121769567977,0.2695857159727199,0.6985581758727879,0.3943906418835656,0.5862561254031247,0.2599606399752241,0.5763046826771052,0.3919025996471138,0.4500329013469067,0.5251826129532067,0.303557902838459,0.4780664736017331
0.2686760886004954,0.2909288711377157,0.2463871465056525,0.3997521240325139,0.4716238055772579,0.2979392275860191,0.3373201862586036,0.2950288202992556,0.3507818436882946,0.8262716568156384,0.5871371748691778,0.4910609104404757,0.3556833325112954,0.2417737656145131,0.745809591332963,0.596845577558895,0.6007878394452407,0.4750361428029802,0.5615037352748924,0.5439621967009433
0.2473708901853881,0.3897844019180628,0.2526699630031641,0.4007719908687969,0.3264377443183168,0.4054129233985719,0.2504920878522097,0.1069499121643134,0.1622782709330364,0.8650336240598857,0.5813297005007515,0.6783446331539313,0.4843064848807346,0.3551665729448063,0.6973460043501274,0.689510822688364,0.33469795727328,0.4337082750433422,0.4041111181392769,0.3585755387345072
0.2382554498285363,0.2824649037433874,0.4712841977486356,0.3857740841835507,0.4301001233577509,0.3144396233638328,0.3113322377412663,0.7672944340092891,0.4818908014225044,0.3722378566822946,0.4001908987971472,0.799661067648313,0.5258769364371453,0.304402099639145,0.5252088339418195,0.2013776615938037,0.5271593916905477,0.4766499947028579,0.538825493151621,0.61262884711558
0.3375447414847841,0.256295709634682,0.2180781724022024,0.2920011861021293,0.3698650903636428,0.3294387838380674,0.6148479113879226,0.1891313689309533,0.3096782828740244,0.2234330489037901,0.5075890218938747,0.4162615513184292,0.3355446455011168,0.663851726329221,0.671371478504621,0.578511963012197,0.5431362537522324,0.4607867971808229,0.1748333381460127,0.4512258178778545
0.3172954382199131,0.3793994204725389,0.4868133834860602,0.3481214155398685,0.2610090491659777,0.3871866561537938,0.2514497465458908,0.7112158608725722,0.3748288784763963,0.3843512235889795,0.4650330555258224,0.4487096041195859,0.3518589928282141,0.1984962737146145,0.6583268784095413,0.7586461798058748,0.3155376986464862,0.5922319646002205,0.2130270810090476,0.5478301103283932
0.3031520846069648,0.27631440669533,0.3642748168239608,0.8370446033376211,0.365867823369458,0.3730945987723008,0.2473543133591443,0.2964084425540179,0.3351238786605453,0.2222343988562692,0.6585574314416849,0.4464082433158676,0.4662460255211786,0.4564552822695871,0.3910589102915745,0.323703715281341,0.4759410095969548,0.6534103537306233,0.4871653469815767,0.4419772199475756
0.3241687917226941,0.2302033252811241,0.1019359795211551,0.3114762357171777,0.2175679780947071,0.1512311703586702,0.2625247833745054,0.1624879034584851,0.2495182636823283,0.8165481037074018,0.4592159001527043,0.6787721497465541,0.6182637503797255,0.3684438916735293,0.3029503713717458,0.3325669413187021,0.5567910759386142,0.4283904565556333,0.4938672632682696,0.216782127927987
0.6955653106742288,0.3271405261119838,0.3884099929898906,0.3499392394167811,0.2586793585387992,0.3875459950514198,0.2846574616844365,0.3089911574110681,0.3876823694976608,0.4524617936197138,0.499587882934912,0.6930364816478501,0.5835104398538267,0.4728556629525649,0.3248772303037736,0.5114382137043095,0.5240692045210829,0.4797470600576944,0.4521979886377228,0.5118510952555343
0.2381559080249763,0.2742238748644711,0.1232970017048635,0.2773881425303891,0.2174440947396921,0.731142046302264,0.3140692408057864,0.2278966473775287,0.3740321621871753,0.2695828674312341,0.5822830206461886,0.6560753820110343,0.4491938947849136,0.399662652726445,0.5562653999913068,0.4951088283699666,0.4403069102789687,0.6880685632485777,0.5451434410518264,0.5520434619871348
0.1834701338974498,0.3447633689664926,0.3109981602735354,0.7549826428991973,0.3554940343289381,0.2745523192343748,0.3403948159434802,0.2630653381223314,0.3180324130830725,0.402176802916458,0.5889645069778175,0.3817372097168101,0.5446068118522728,0.4594216849084985,0.5012786265818403,0.6199539963776484,0.653754593790145,0.3795179948129987,0.5528262854861847,0.4181204761447791
0.3806631607147245,0.2861718726053801,0.3746665513074483,0.2494219196575785,0.2257652908097163,0.285533868707525,0.2465072733992074,0.3145238853061369,0.9594742178866008,0.3925832177469212,0.6345874816659753,0.6286130665531241,0.2971684840133896,0.3936885470847683,0.6475195689545701,0.3858696416547942,0.5840187683393783,0.3535779894581988,0.5964657067974086,0.4887553966927075
0.2011905647382109,0.2281629627973555,0.3129945609154986,0.7863847512503138,0.3622007989673338,0.394561910833468,0.4159214423512898,0.3214055169860762,0.3369147093501575,0.5099485468763932,0.7752329807054479,0.5953708729685361,0.5718918925932772,0.5461162540982323,0.7546844278840604,0.5871370512846276,0.5599066653748239,0.5318225734167528,0.225751154027369,0.5096135482203924
0.4934220800691891,0.4193185523950863,0.415036681075444,0.3073143697468145,0.4059651333839577,0.6186391187581485,0.2962050032932407,0.3589252204964768,0.4040396734811203,0.2500195915779494,0.4646142230921583,0.6202426697318567,0.4372616937725914,0.7696580483070312,0.4311520213844551,0.4452888449718384,0.4928176963556628,0.5362918441797216,0.4553984330078366,0.5222557231457691
0.2936443170398178,0.2438413606976038,0.3543795977327269,0.3206282772028554,0.4211725972554764,0.3010573890737019,0.4142667322394269,0.6963908564266115,0.3225983927756736,0.3581285131012203,0.5441206089952524,0.6508051558924319,0.3674295369397478,0.3613388316999144,0.6424604116654642,0.6470957378784579,0.3419925093948656,0.6246127199938057,0.3725465028389328,0.3944343486009058
0.9101977111976762,0.3147405967816177,0.3843262478809014,0.4865960828631093,0.2676771123062168,0.3919818685826487,0.2502860717514125,0.3645371774273623,0.3072714941337983,0.220402755862635,0.5371445763148422,0.6602169256688788,0.3863278212538177,0.3128549237634971,0.4876029193599127,0.5013902045642478,0.1818493203598553,0.4005761681575527,0.535385112521357,0.399443637741588
0.3255796238083313,0.3975691993934651,0.2542458369767524,0.3394682838409418,0.7022702688588809,0.3740526069460074,0.2340757854665602,0.4244913029723791,0.3335441268973471,0.3585787074582195,0.5914450124922764,0.3057263688992531,0.4779050148444672,0.5479174364275973,0.2846459617575258,0.5034722954905126,0.5520827589491423,0.6959089217610024,0.4095427580142021,0.4769932512386196
0.2974260129581338,0.3156281450528577,0.2934156491603066,0.2424895416779515,0.3972515549112526,0.2612965098482172,0.8510232040101396,0.4588879312326912,0.3911097820683327,0.390212012270112,0.7047059470809856,0.2955694690445254,0.4751263725427436,0.2907990395741,0.6364760404376812,0.5473965064503935,0.3411361019079631,0.5128672301309669,0.2182032729951351,0.43066903316999
0.2585427322138998,0.3199984895432926,0.2472458035868472,0.4153877869856482,0.7087669700663211,0.2366724716852401,0.34133441152621,0.2764651925586993,0.1949718589264109,0.2889546481419184,0.503037638134947,0.5559566828960216,0.4090379141293532,0.3584402522324989,0.4009783666656019,0.3466997725903534,0.4120371651572727,0.6504890465279085,0.530762119502568,0.3635770761886499
0.2705692300380711,0.2233852592665075,0.5044853290103284,0.1491551715923335,0.2551845632255857,0.6769803330144637,0.2939574047941118,0.1976831339270151,0.2868844171269808,0.3316410483515907,0.6254502430791574,0.6433378085937959,0.3868660387655957,0.2796475800601364,0.5379379712516976,0.5526303647479763,0.6955088772880363,0.5098907964448819,0.5131646670421978,0.2447865281014379
0.4225844367790797,0.5930908846782581,0.2592449760643413,0.2342008235219813,0.4452598594092584,0.3265509228565484,0.315231420328157,0.3687852341227235,0.3249071910703022,0.3727144831857187,0.5085631031470521,0.5797001344851784,0.6290193473176638,0.3098045609243931,0.6481249453863139,0.6706034867650881,0.5426417918461005,0.5336935460951365,0.214131268636226,0.4058676157544275
0.3153544971374183,0.6949483363575881,0.3503486421541276,0.4754671785247396,0.2497099623394721,0.3167036315751764,0.2211254362245997,0.2934199836823974,0.3452569701489436,0.3817496174864179,0.6818861795933944,0.4230436835620747,0.4626025322106308,0.2068944926665131,0.2042610489665325,0.434159181822348,0.2592937316508105,0.5307498551052192,0.3552890294596416,0.7518855765247245
0.3561993874589974,0.3948994499013696,0.308829716112504,0.4127312712411931,0.4081836217822272,0.6877684629881128,0.1957457049982577,0.3943486291130555,0.1529120403101293,0.2242309147434277,0.3987348890154875,0.3596710747710626,0.6111115598472252,0.5383776988678353,0.4596693565498583,0.5251496945584319,0.4666446397224993,0.4860478255559876,0.6442497818276315,0.619571727959955
0.2476581439933631,0.2157732575575537,0.3804874032035978,0.4238913650179257,0.7251303981459324,0.2691226417748847,0.2870396207014665,0.1489357115770916,0.3890984660056668,0.4090352548537336,0.5471647584060902,0.5683615737521217,0.3652491830381113,0.3011500759323012,0.5974082463447448,0.900447429772374,0.3598527615271835,0.4457316522670534,0.635023099669628,0.5038325796973359
0.3025725467746742,0.142980007340954,0.3928380325163047,0.4876197824961439,0.3742865322292789,0.6958017548959106,0.283015758738127,0.3562772312638407,0.3928298660911448,0.2792254046788553,0.4326191136418135,0.6185456164866667,0.6043722961352348,0.508354762277689,0.5511876295653699,0.5474937144898425,0.2736864098059304,0.7681844771116937,0.2524937230731522,0.3017133972084638
0.2989151909652572,0.1703023666890672,0.2069315667096206,0.2084100179527969,0.237527392238754,0.692440272272294,0.5426445773431439,0.4638176904301875,0.3282655641413257,0.1976767700133339,0.5872264843897986,0.5111222415184474,0.471505825828125,0.3507246660250958,0.3984040324140316,0.3784923042689403,0.4549930457387763,0.4219399105562916,0.3484759910533353,0.3677733644713462
0.2626136230816298,0.5062985380678913,0.714233451402218,0.3064946065118519,0.2879785647405758,0.3263847104147185,0.2233618185858087,0.326056089205076,0.4150072138991719,0.3223281524378795,0.6840777626822601,0.5291866842383534,0.3943068507619282,0.1155767467353768,0.4002037970873849,0.6247539720354843,0.6061185555983001,0.4373943963050364,0.3157644238920736,0.193921696094463
0.4224821332688493,0.6142266134466479,0.2924850948505843,0.233491008117156,0.2657587965490273,0.3138690021745984,0.2918911983916807,0.383380501970687,0.3082174315207628,0.3132240702583244,0.7125460746722408,0.5000109376645204,0.4779272444124355,0.5263753371557405,0.4908319661798065,0.5920020530906756,0.5505646378794626,0.526079540461046,0.5879387808553663,0.480455929419766
0.238498512604609,0.2728623335447838,0.4020151684001337,0.4083953507098009,0.3229587751978939,0.1693465838139208,0.1095848009641483,0.7184427550650341,0.4566887795812002,0.2386930776362875,0.4231396680625214,0.2231773020723286,0.4121137797437977,0.2082059877613976,0.5649690848370783,0.3341550823544436,0.747957903229702,0.4711433560022223,0.5315714856890122,0.4781232426365183
0.2824546617975462,0.2750453571946825,0.3149365036630099,0.4365684651351071,0.3333004603514412,0.3628104286137691,0.4301207819632773,0.3496562253992174,0.6182054360412268,0.3941826219286689,0.5726677415859929,0.6623824176008446,0.2619365069963754,0.5863771098143246,0.5874105304378003,0.7646943288127539,0.6687588390104993,0.3094024551622811,0.4201952912642082,0.8642642371588793
0.4786350422751917,0.337310055375683,0.2440636431580613,0.5088666943532325,0.1247673574398363,0.6534255523618544,0.2280014354290128,0.2287358178968515,0.4377170590943552,0.3065614017377701,0.3858414190369655,0.5765795894528946,0.1347073251428166,0.3312792517144819,0.707721429724187,0.496422308981355,0.5373480022028523,0.5760226119673658,0.4812099761218407,0.3655761630902602
0.3257607252536216,0.4726928519449376,0.3854095363089039,0.3128837447510319,0.2712363457284298,0.2077619522037185,0.6207677242810962,0.0830321886214156,0.3806205271577118,0.3853303032592183,0.6612851037315135,0.6076234960482856,0.3699145247093325,0.6622769922573131,0.2669940915370615,0.3274997896113224,0.5324322595123256,0.3944371211837921,0.3400027236711004,0.4299175600160865
0.2015553806072312,0.2376644824771314,0.3826214795612617,0.724663208685431,0.467568498909588,0.2961669255978429,0.3554145954973282,0.3505917115391558,0.4517114246886486,0.4924620955320133,0.3590928531896886,0.4367513738999358,0.6624662331609694,0.4229058881549685,0.4439613792842048,0.643584762854549,0.3117487486925396,0.4331230162525645,0.5243088260002707,0.376147455743915
0.3389712042075938,0.3850744382832702,0.321155253807221,0.3015028717261009,0.4431241422319453,0.2705422189191187,0.2820676537026342,0.4895075856864051,0.2430667320035756,0.7187073025424164,0.515101556166928,0.4973652431122481,0.3310156741916716,0.3414738096788778,0.5255981496524077,0.4777098913384656,0.4034700603647703,0.5528835573937741,0.5125831128849992,0.4350179416636884
0.4406319275587318,0.3163538006346632,0.3133751394857703,0.453412733422633,0.3198743164413817,0.4069546177351584,0.8456328865165048,0.3168896382692074,0.2025289953248434,0.3535385758316305,0.6642797260055037,0.2560044074339334,0.5610959680913304,0.3437083549772979,0.5323556645063042,0.300282901938616,0.4000871967600638,0.6126933943002947,0.2085391783039553,0.4852628818682524
0.6549116008923787,0.3638585709986069,0.1663718509657106,0.4096719945632257,0.1984289744856959,0.2497547160795135,0.4892475050271147,0.392098800504171,0.3676096351234187,0.4453927611867924,0.5675793881659374,0.5695121657244271,0.6278072952352413,0.2549212039225179,0.323415922980221,0.4836106422922152,0.5343167475931241,0.2809966180038088,0.3147933295741844,0.6084580539085515
0.4404283025739889,0.5570275217873962,0.3624663805239665,0.239075814819259,0.2220410206567963,0.3219849806570738,0.2477304988317841,0.3792325640009222,0.2123400436160388,0.3122769665270041,0.4194051092547107,0.3404554640766565,0.4165471551654583,0.63160250698412,0.5850336127325299,0.3019272097408557,0.3244669131419341,0.6915737659357659,0.4341382519280068,0.5501504270752698
0.2865326336523429,0.124427302509544,0.3235613106034481,0.2547777372733262,0.4041527936475655,0.3498539341515256,0.5277111251160588,0.2275261531293891,0.3155636635811128,0.8004962238354638,0.3999520407740135,0.5683777202474098,0.5160816067970858,0.480757784430346,0.5366427802678422,0.5794813382695027,0.3797716348161022,0.4836106645805657,0.5547612137435489,0.4955236689028386
0.3260293037683524,0.1809053960316212,0.3505789195852822,0.7458755960372645,0.4540227857402203,0.2855972786117072,0.3888835468664346,0.3553078626223202,0.3101433756269215,0.3689928544775956,0.6312273406685973,0.5623009636216059,0.3796996746760396,0.484642451711213,0.4154087437397015,0.4935537645524546,0.6319498025488474,0.4829697360478081,0.4321919997441226,0.6201724267224858
0.5186594160907206,0.3896909844894319,0.4905524708130288,0.3708239218130105,0.193679459738865,0.3092726898188793,0.2539745865781218,0.1463389727146859,0.4414695497854388,0.348642575373817,0.6378796921847222,0.5792760768680355,0.6509945789335507,0.2826171040685055,0.4810901070795994,0.469488979143106,0.3272067613595135,0.4872474552206481,0.3848912352122661,0.263324070223795
0.4375532992099568,0.373140502136923,0.2511469442817363,0.3284104421419669,0.3595175297231329,0.3565175726731126,0.3309706536425595,0.8400326477578555,0.3019050320888984,0.313770190579107,0.2940212213109454,0.3422854059494092,0.6062402728116977,0.519106492663224,0.4466806332137596,0.6789331623653775,0.5037748347561632,0.5486771397464916,0.499024210320421,0.4090320947063856
0.325664558782483,0.2453767053953546,0.7293951423347219,0.4401799948084857,0.2345557512397501,0.1734106618156654,0.3158856291122309,0.3093180458840913,0.3204694831210899,0.3179853557928507,0.5898107270944133,0.5854700437111794,0.5069278274999469,0.2632603361278676,0.4568214373818284,0.3896873583322203,0.3631929217925327,0.4367647158000525,0.5897730714520937,0.4686112718643794
0.2893741866782876,0.7050647875565337,0.4016815545928878,0.2794896387056602,0.3027760211275913,0.286883921141205,0.4106721378549118,0.4338856414385771,0.5239577333779704,0.3627408107925355,0.6044123986759564,0.2478730703177456,0.3729653468250485,0.2328764012767821,0.2681637473604167,0.495950701469765,0.5354088156101527,0.592024804784457,0.4603914042790589,0.4703158522426997
0.2056379331025475,0.7061430391353856,0.4354683998495197,0.3166608339329274,0.4201142188157502,0.2331142295434924,0.390380060910924,0.2671612642687645,0.3012254369031805,0.3112193616666572,0.4514002417643817,0.3999491982880096,0.5159006706954868,0.3695962245552682,0.3576875916752191,0.5779419266849309,0.6313442290440356,0.3400389608684188,0.2652549280967821,0.3165491119998025
0.3009329086386583,0.3597318000884298,0.3663736035448716,0.3192940928184961,0.3642970431360598,0.7003242908970249,0.2123780160077762,0.3334123594009611,0.1305357320230677,0.3706642118856173,0.8523997165604735,0.5770546154075207,0.5892468397916988,0.2623583723503739,0.5088660435527865,0.6201150056914471,0.2924396216757093,0.4371378376545665,0.4641531302957384,0.2684306239633537
0.2558492435558199,0.3029188002330545,0.2988992100444643,0.3155609093664011,0.3799823423203374,0.3458278235900039,0.2839230490689505,0.8087970439098291,0.2195470572924867,0.2613317973514832,0.7964194085416602,0.6525358882608674,0.5773834572167313,0.532281935288773,0.5003726582500055,0.5108250961849635,0.503561149890904,0.4340001605919809,0.3198001219377574,0.3869436332749455
0.469849179341651,0.0891932417052574,0.6724052319254523,0.2712881137587269,0.203488885731647,0.3895648413985532,0.2722075300511571,0.3465519822452523,0.443974200022832,0.2243650375307112,0.4630554926041806,0.6005654830740335,0.5993643464857403,0.6479654879774055,0.6087821330218792,0.5818975171320999,0.5236481428297721,0.3879882652206805,0.5127581182572772,0.3437392044398348
0.2750265339501961,0.348468937544022,0.455758085381988,0.3994237619268036,0.2510591689468197,0.3201069396087109,0.1809331340827753,0.2615823990527923,0.6772373577772794,0.2457960650503715,0.7446857045972607,0.4769727252224263,0.4574986748835915,0.2904515446022861,0.6187343263262212,0.4865398362057911,0.4148768456303872,0.4538010495667327,0.4815381532335736,0.4401668741919311
0.3118613743294849,0.2864537067482028,0.5020423358946818,0.4114057114094012,0.4212504581746987,0.2572474962552682,0.6255768217561366,0.394514338639325,0.2900094097573317,0.2973658707208101,0.5995841996991846,0.5352511484254102,0.5002619604873938,0.2170581572135975,0.5071077694404609,0.4677117414861425,0.5781644830843056,0.6023837275385959,0.4523786404511219,0.5647214762835817
0.2214220491410819,0.2842959965198219,0.6953317071692533,0.3059353418854122,0.2570430719394622,0.2925554390566687,0.2837717018274547,0.3086933386519609,0.3635420986788469,0.4104120924179951,0.5709308917309661,0.4580717311210108,0.6143410684833736,0.3741887638630236,0.7359885596280318,0.7185217834245399,0.5703914203935694,0.568749974859478,0.4204308730324062,0.3006459470879321
0.3408922220444099,0.3221603419502974,0.3585397070106059,0.1718917665272722,0.3926626282650527,0.2980983875241111,0.7611506918307469,0.3539118007793215,0.3530741510942092,0.3118872725971329,0.44325637401007,0.4009266974875323,0.5171247847585813,0.5840594279959594,0.5723405054439575,0.52015034974162,0.4963384171950111,0.3233409146455124,0.3230069988661133,0.4583553271961583
0.341850521570235,0.2893793168230178,0.4673465412310344,0.2817242118652659,0.3006328749699232,0.3561964218322669,0.7146226773589783,0.2744505218620696,0.3540279406650873,0.2718063370468208,0.8089995380275485,0.4806372137889971,0.5721735667310385,0.5061107028590641,0.4444590194813921,0.4488432897796134,0.4935028464360811,0.3896083947040024,0.3216394534466797,0.4894652914734712
0.175764036240323,0.2875418466753279,0.5706185900838519,0.8056202381722433,0.3038604868326599,0.2985257639317082,0.2299149712480157,0.2875709461346878,0.3163428978354954,0.2757136577102861,0.607871190382572,0.6932621240449957,0.8529673419399549,0.5504460728620094,0.4856172677984224,0.7525745283250644,0.5857393910954772,0.445350400382673,0.4857508779176807,0.6971240063991275
0.2640973788998381,0.2567939818843345,0.793510196213912,0.4134139980638374,0.3747317234684176,0.482606585111211,0.2884612528603568,0.2062972531271562,0.3664743295420971,0.3523330674356243,0.3821287209360047,0.6301596676730814,0.5240066259655062,0.4735000562537405,0.4543991892016162,0.5501957047009888,0.5531505454866309,0.5203302332076117,0.5074727558151146,0.6368064343038325
0.1855475106505938,0.3388331841169494,0.3429576759275045,0.3487593851733975,0.453161066938593,0.3135119196977317,0.3797329250091293,0.4116365039064765,0.365843763374153,0.6308194257560025,0.5820695750257782,0.3834330615074992,0.4637868895027706,0.3491475802821518,0.6296748209246292,0.5985679280502442,0.4055185363218782,0.4617948879819705,0.4121598338275464,0.3137302871176858
0.2020204078919132,0.3612531924000404,0.3280832549994201,0.2237878648606492,0.3997584093413242,0.3742842487003137,0.5530272652596879,0.2379652812965292,0.8270726439020035,0.336653097144514,0.3880079658538278,0.402778046291331,0.654242751837511,0.4674162051275953,0.3905987088613266,0.2966410570684992,0.5193519355600615,0.5634728270294533,0.4253333231145899,0.67353403359675
0.3519579211608323,0.2921337985322056,0.3517275621230267,0.6427055670001192,0.3996089735330053,0.33079834025863,0.3283212988702241,0.4094746052045462,0.2909887564680549,0.337472255081844,0.2817147646681087,0.5135281338338107,0.4010519247110448,0.3565532533575979,0.341365896353948,0.8295440933424953,0.4139841949485181,0.3281090782871553,0.6057433208406029,0.3302842104607807
0.310960574585737,0.241736188023956,0.3476045309921117,0.3430592368115245,0.1427576647396177,0.3365593637654382,0.3803376884012318,0.7503033699865842,0.3704216905061854,0.3545276652256078,0.5384068729603619,0.5407120116225177,0.2822175284865906,0.5773146271353016,0.3284377298813481,0.7209720656099077,0.4497803069447447,0.535955486060513,0.4715640255127872,0.5370779821131526
0.3750239366474634,0.2848019824700189,0.3430104365517878,0.2882743764956228,0.7856454181192183,0.2329350247221495,0.4065090772449817,0.2838371601104614,0.3927848124659368,0.3315945274882155,0.5001948986717353,0.482096803622088,0.5881253657007403,0.4970696110891682,0.4821918334432344,0.2771413888012482,0.3907753733723748,0.4191386982398719,0.3883518853622394,0.6033551889740413
0.388658075635777,0.390382076078976,0.3603020757121886,0.7099319615926962,0.1628854988751188,0.257326866689219,0.3281650626607132,0.2312208293993782,0.2435386607361855,0.3362232107392834,0.3173233002977377,0.7922162749514186,0.3669231172117433,0.3755286723057536,0.7573507466199261,0.3696776141576734,0.6303738319045629,0.3770823883021015,0.3813134973527872,0.3994005470336362
0.1937295563456638,0.4013801525491539,0.3355238927584003,0.7093639019140734,0.3885147003807206,0.4589954309942561,0.2822994133713329,0.5177633770656617,0.2504497240905763,0.3607550111351387,0.3606747180200284,0.5734730293013184,0.4072755199179063,0.5710123203223962,0.5225081671248413,0.4554572677110025,0.5434048900147609,0.6374084185804144,0.5541717331961139,0.5629020379443601
0.3573260355703628,0.3603888396522867,0.3471193267925543,0.4803706436264523,0.3717731516615288,0.7528085752831466,0.2530999388940609,0.3323657966566601,0.3641739793673908,0.2868558410493219,0.6154206941773577,0.2315037959064702,0.3422800980428874,0.475267976236607,0.4509276740665419,0.2861528092045621,0.462064140055755,0.7047942391686445,0.5497609733031519,0.5526042216677223
0.565093367528708,0.2866988577862697,0.2948136244979747,0.4027180654970733,0.2788910006992137,0.3779712780081013,0.3304397492687667,0.1860407098796083,0.1765563599679731,0.355549956878987,0.3293621382865774,0.5599045927661728,0.4930430658900706,0.5402807033680759,0.6431457231644557,0.1485803117532878,0.7321399196606991,0.5617971466587923,0.6521062670941167,0.4057022465146759
0.6687039436739982,0.2118724670295578,0.3013034881777949,0.2240093383077816,0.2614971571826251,0.2982340648383261,0.2980492484385236,0.3476244024344804,0.3481373150434804,0.2002942119267386,0.4752417823320043,0.4077683887966311,0.3896748809568194,0.3353104413752926,0.435920048820816,0.456348409021745,0.348485256618995,0.4478166128877763,0.4670082121438599,0.5354531622097777
0.3424965514204333,0.3280448500418934,0.346115851789461,0.3361127746624749,0.3997329245727287,0.3278925279629436,0.7331972141905725,0.2409001935051997,0.1737668057356561,0.3228645292111936,0.4861000772729172,0.4630928555211927,0.475733625036169,0.5683980426291914,0.6629384277637617,0.5026778587251941,0.3823179784702822,0.4904154535928068,0.3984253634737984,0.5571208608387395
0.381487919960626,0.7232138922255267,0.2722715405420497,0.4151799702315449,0.2838294346712119,0.4287756349653251,0.3591329120454465,0.3947030402781698,0.1701282446349604,0.2642081885898454,0.3400615325067716,0.4368330238587771,0.3572930057967077,0.505397974577457,0.311588885850003,0.6517144897581513,0.4893183978689449,0.4982700897239497,0.4496995195214075,0.5317996710768893
0.5095335061175104,0.4659978375346767,0.7673736270075417,0.2807307448262457,0.2724521852836803,0.3204736954597603,0.3566276651223898,0.2906290903940837,0.3589655285556535,0.365583503357399,0.6483320795602838,0.4424464673595848,0.5522899675578468,0.4111080471092037,0.3785084759873132,0.3685333974830191,0.532403204747283,0.5082552183317838,0.3963743935001625,0.6261630725127928
0.2743418955410775,0.2675751154694321,0.6015933182596819,0.1073252114742058,0.3382071399107558,0.2405228680456968,0.6951187018598313,0.4142042988685208,0.2909427211030064,0.3424932791473131,0.4891998932571743,0.6087121007513274,0.5475010629466506,0.4881152734375398,0.2762338765846233,0.5537573518448562,0.4455166875293214,0.5341423019388105,0.6133338212546768,0.6675766601784839
0.4185886342955379,0.3908197374864758,0.2856254230136802,0.6138482413897406,0.4848775983168938,0.1969943573954307,0.2677512003630036,0.3067076719197062,0.2710053626844779,0.2962500362924757,0.5421435686466515,0.6261277564395369,0.4894359916346376,0.2900091351139259,0.4958853326720983,0.5616085658511979,0.4595994624142122,0.399805458584318,0.5881706977046475,0.6142949671688425
0.2704650419498849,0.2887181526547891,0.7385846508887175,0.2698536531314133,0.3077676748604809,0.2810186878165476,0.3424338792859817,0.2297069215555599,0.252316915875549,0.5108652537054177,0.8616558451174079,0.3364860029093395,0.6267865202314448,0.4498979452323095,0.3291585176665919,0.7209851274849908,0.3767850962689348,0.52252838489764,0.4264542204065417,0.574170863239341
0.2704971250870214,0.3659802981287831,0.4448919949751674,0.5596553466083454,0.2316026967152049,0.6062016448954788,0.3655683210366863,0.2765836650575736,0.280832984363758,0.2856027950491781,0.5632819901173002,0.7599932583144728,0.5743416376893583,0.6249608917563761,0.4611212832283657,0.2783428438748283,0.8232454352004854,0.5486033612367287,0.4931316310866944,0.2818491553740433
0.295668276037837,0.2233638727435487,0.3309693538601356,0.5203448997735429,0.6893226556675232,0.2679309713442675,0.3486194403782747,0.2572891393850772,0.3667104662151275,0.3237188167593439,0.5192655616450431,0.6056558388131694,0.2560052525926127,0.4887989407327245,0.6673443890286885,0.6405059584568973,0.4715144148093249,0.6120946013524027,0.3715910287241409,0.5702971110982624
0.3949177834787722,0.4257611108512309,0.2265269981465713,0.2974513930699461,0.3511107062075385,0.2920391897693034,0.3625290130404625,0.8173638594822308,0.2677769747801313,0.3297805096372884,0.702750753254354,0.371692040876224,0.3918356455416392,0.3689960030242009,0.4225258652866053,0.3670997236189493,0.6593090274405213,0.4822061709851016,0.4196040890927016,0.4398156632302632
0.4558322425931762,0.316144111473135,0.3471855821180223,0.7053931437982748,0.221427166871124,0.3543120520507289,0.2274355988552823,0.2388661130313168,0.1763824598793961,0.4241343059281445,0.4604309581868405,0.5597947573946666,0.5360359384379444,0.2949815934091937,0.523464935789408,0.4889297497959755,0.2459171129234884,0.3547677728997261,0.4845295785971926,0.3321929252951013
0.2002508953956797,0.1980361202738134,0.285422307593847,0.3288018929910902,0.3116689510680459,0.6844419061302718,0.3235652070358174,0.3770481880533513,0.2901464490225965,0.2836485266189723,0.6739350554534586,0.3176376817586845,0.7029706974918762,0.3922313916593729,0.5420165998601492,0.5094763222466671,0.2006164762692275,0.5688114926242694,0.6421024058112397,0.3905297100279188
0.2107667062182336,0.1768418169909179,0.3905166869740754,0.854010689568297,0.2712236024858573,0.3077358357092205,0.3895688959580859,0.1825440963405125,0.3781293114326451,0.3087344217731199,0.785464292846628,0.5011386015722459,0.4104548804595483,0.4227353533887354,0.215774005215143,0.4798669526639923,0.4111660702854717,0.6483600255409949,0.5031955079484889,0.4966198325455586
0.1884241033292146,0.6878930139173952,0.3493501580589236,0.3062488575526564,0.2876489121095897,0.2226488833214759,0.3136723052817613,0.4655846815863752,0.2482909654922973,0.3190363711457807,0.2591934792304377,0.3909727197937342,0.4378049976283407,0.3910638293478388,0.1746301368450289,0.4350592063886916,0.5660879621819077,0.3279520016414744,0.3862395534205864,0.2716036409039489
0.1054856315820067,0.2594882844155068,0.7117142157623575,0.3305283039244222,0.3029641963993959,0.4183521680639995,0.3534637107823739,0.4270445003842482,0.451179224385529,0.3222787972082097,0.20934944566208,0.2145537123898759,0.5697572537780851,0.4379974797746222,0.303777175219138,0.5484260347281452,0.5576344714621088,0.6537240666445587,0.5807881649956217,0.4165080465775833
0.3039031382025348,0.3395085497173408,0.200775153596297,0.3301861491595692,0.324773853503921,0.335242199020782,0.8252996570967548,0.4019451490041298,0.3731918065010161,0.2579708553190986,0.3838218867253189,0.8284877208209434,0.4144811628107976,0.5301035927832733,0.4915307759742435,0.5667800725824595,0.6833734539871242,0.3084813599103221,0.1768690164652064,0.3233303163622872
0.1748983359492682,0.146333316150523,0.2802925153464132,0.409291008626105,0.2424722911952286,0.6854167046541275,0.306486918707861,0.265938001935267,0.2720992824567867,0.2623723994737951,0.5285814985768537,0.6007583052486282,0.5185351147248514,0.3196639134505058,0.5051125367561952,0.7153247690629493,0.6324554154900377,0.5421748823153227,0.1843705968448373,0.674464357688561
0.6993443489294228,0.3569003780921731,0.2917331601956748,0.3611099342061076,0.3234774964637131,0.2369228391445572,0.2610063920666691,0.4277275794774232,0.3155215753587839,0.2404406627007705,0.5613819919394668,0.7714688506736439,0.203502127976501,0.353364691785662,0.7142970593349042,0.3301211763468727,0.6093160459842076,0.4580308222793604,0.5938577158225975,0.2659375346591668
0.3057087154057502,0.1728161707533,0.3838342574356045,0.2295946469603829,0.3742978692244119,0.3032266445696298,0.4261422428599193,0.6875620384827215,0.3314938148773194,0.2791667710408494,0.4646186056848138,0.3280686749510577,0.3383464568764872,0.1682467252579502,0.5926076422529625,0.4476406887658511,0.723388036646239,0.4747891487410063,0.4319322741198459,0.4397630818492326
0.4238405928075386,0.405498048598777,0.8732831632090733,0.3434698381835852,0.376199729657071,0.2570110546998345,0.3886930846240386,0.1989934355044966,0.5310814514907296,0.3047581355794404,0.6491648585706198,0.5263646093738201,0.5480745651303619,0.3339038039097304,0.7198564141042706,0.522486345724583,0.3683136221635174,0.3607080611420403,0.3625363026277285,0.2835247020819741
0.4577694243481998,0.2623827202433509,0.271861072474466,0.3276528496997884,0.3010351712005966,0.3261922284429676,0.3164422895146562,0.5974151429559773,0.3008753375455305,0.3794765677217361,0.5882201279167245,0.6495427202736861,0.521856213672785,0.4771706645003331,0.5662254143770568,0.536434790203019,0.6623824115605469,0.6497823663957512,0.5126210177459373,0.3950283161704128
0.3522604690502428,0.2583506882726373,0.2548126845311233,0.3109974215328623,0.3647165810505754,0.2378620885381977,0.2732787949649163,0.6775649850604453,0.2712318932001621,0.42639389424279,0.5009574038470263,0.6363387360919199,0.5380377546971967,0.4766093969638157,0.486690095661308,0.3732660343056989,0.6293223327736734,0.3839463117626042,0.4275291618124967,0.5147868080727648
0.3021940428736067,0.2651134819523943,0.3388147758469986,0.2671469906488785,0.3144125819837364,0.2899756469648174,0.4206736157067877,0.4909287579706008,0.6968076113887527,0.2066023556151713,0.3351782287110395,0.5156131216500509,0.5639132309515286,0.5344409450826072,0.5352947430896016,0.4928330362385448,0.5784212239466024,0.6005352729989273,0.619378847072081,0.4807671221929209
0.2110406268136347,0.277515314728588,0.4962542024763181,0.2726243529403871,0.2618936059888378,0.3730527787864538,0.7124814506746187,0.1969591138064083,0.1641721820350928,0.3383711140062846,0.5228735904684818,0.3678519748721272,0.4652632064347527,0.6076459604083093,0.467547706603045,0.4987333189426047,0.4632236854847434,0.288456738320074,0.3810561189535305,0.6587628221280748
0.30998230238915,0.0628737889568417,0.3269817312009755,0.3175317393294533,0.3696750277126687,0.3813842316049266,0.3439071927430381,0.7861770743207301,0.233043258645615,0.5861068119385568,0.5589663843117753,0.6253222700367723,0.5485935235445178,0.4709680444413635,0.4688163429305772,0.5666011672407933,0.337053049145503,0.5594346025673957,0.5030718670221702,0.5124066598590529
0.3731809410582648,0.2265423709100124,0.2354676027020237,0.349917187715731,0.365343427063733,0.3279805932900777,0.2667607669986218,0.2555447013560892,0.239389240196342,0.741989016723543,0.5375379055694856,0.4098169913992505,0.3688744736458997,0.3225518221847973,0.4483829355895264,0.509973395237494,0.4753895060009158,0.4282866841387944,0.4035393273616259,0.3075941873611567
0.3378971349692904,0.3036568813314764,0.2449573771433851,0.3332617867229711,0.2408807174056532,0.2853465850319812,0.3440804632695627,0.2825894799183406,0.4047285410653089,0.786942009421222,0.6623920584161381,0.3325284232474286,0.4467781716312576,0.2258013430424691,0.4035641624117958,0.6950141744219083,0.6594135936267442,0.3195275708472762,0.6420353033988402,0.5588566372113679
0.2681895355617827,0.2765321591226929,0.2445965684678376,0.3234993704025587,0.3304852255127207,0.2229543203777441,0.2995007318591208,0.7620393012902866,0.3778293511894226,0.3005990520854318,0.4560122044795811,0.3302766045237394,0.5661991148827858,0.373716367895304,0.6805164138690245,0.6203330678858072,0.2452945762430251,0.5377525671422295,0.4960394339251773,0.4476123527504208
0.0774994065751385,0.3270515443900337,0.171032717209686,0.263438341955918,0.2701872178438669,0.4101954929505215,0.4094964831509748,0.9611564832009012,0.3606775487535363,0.3728299584210107,0.3325860425053666,0.475589246744353,0.3341075358260115,0.3064592464476129,0.5792802449625594,0.4169634179645051,0.338787408232215,0.5079924838174109,0.4512877028223278,0.4517786203055268
0.2367128019323555,0.2462049656292356,0.325603095196619,0.3355801070045217,0.239482135820095,0.6101411153779568,0.2622398435132066,0.253264735733827,0.304662711738676,0.3302428465275307,0.6434343588460207,0.3234432351361112,0.5722633043327042,0.3966740355420128,0.6206409458695311,0.3730639030580621,0.3905980958819017,0.577539637226247,0.4063920089970636,0.3406538368954268
0.4533130809056055,0.3705784447034053,0.7743469570853629,0.3736191247252516,0.4507534419591538,0.2678397076657625,0.5839269534199889,0.2234867897599389,0.39998771825222,0.2955585651723173,0.7192866580748744,0.5005404149998018,0.383938681548833,0.3793994236967133,0.4426971599848726,0.3434220597637061,0.2288212618758844,0.4779681530786258,0.4811987850606392,0.5038639950970225
0.3287991886889938,0.3736449500128886,0.4065073673175479,0.2756317934082157,0.846468635827766,0.3812858393032297,0.3425085742159591,0.2178981582621737,0.2709938502259603,0.2718086542171338,0.4943064177136039,0.6026119681373654,0.4568463742342379,0.7307143095625873,0.4391878369961751,0.4502981045670121,0.3082314215614761,0.3426818848819275,0.4875076557424757,0.6397266936588707
0.2487011586296106,0.2732251455840933,0.3875552814740286,0.2987660943655136,0.3397196799909202,0.3365085602695967,0.2105481311027259,0.4370308250155044,0.3715792882094907,0.799652863970072,0.5676790563810399,0.6819098608499162,0.6002487327170025,0.2640649107155252,0.5692809625036614,0.6016907435527648,0.3198842066018336,0.4975338032707307,0.3960452162633554,0.6302953934716968
0.3139427671837212,0.2792304874350719,0.285409302843893,0.5189828818497797,0.246090339079203,0.1349954325994821,0.3181695093231443,0.6879183163799891,0.3915977137303625,0.3800419430786329,0.5938194104835324,0.5277787757966094,0.4093008998568753,0.721999034954498,0.3267829288788592,0.3610991411233926,0.382629892082224,0.6170014255837007,0.3765073566531244,0.4535615787833019
0.6991223754570484,0.1599466194830661,0.3362308939033879,0.2651346471766738,0.3365874236124561,0.3451732835764313,0.2633738451227942,0.3652414438113974,0.3954598101525428,0.2931097378120215,0.5058557047011588,0.5006211594762346,0.5522078685999069,0.1080027904211689,0.6513278257398982,0.5593753509588749,0.5172898225475194,0.3064391345560737,0.4417277646963086,0.3456773731646676
0.2458635509755914,0.3916527667912152,0.49154604867869,0.5408318797694315,0.3272418209736406,0.3231040264146723,0.3077151649384492,0.3443911095963582,0.8090751450227193,0.2839566734558277,0.4809393997347099,0.4314587150721263,0.4943959000352116,0.211902995444118,0.6023317219816094,0.4160598896303199,0.5446476996671489,0.3691911931073779,0.2875667399605097,0.3558401909150276
0.240999096422574,0.1947769976024009,0.3849851661090367,0.3537081527995819,0.2807238591388963,0.3022196826581407,0.2042330266825497,0.4022807102625218,0.7836606769838594,0.3889477881694654,0.7669655058856018,0.3289240692426307,0.5543025693926902,0.4424559019583984,0.642326594034319,0.4845791323044046,0.3019434175904337,0.2794658158349639,0.5522593036489487,0.402319372876004
0.3207858975565012,0.7559466449625949,0.2936681122218556,0.2145310943297252,0.3820919474986288,0.3897249429951186,0.3417205627787279,0.2469313179346454,0.3816065311913198,0.3908154724709814,0.3299071387050358,0.5827105050846179,0.3687664721511024,0.4396761449169661,0.4380274898166159,0.4458390894619876,0.3306679366666186,0.664203403936403,0.3822471227480871,0.4791315531704947
0.2892475797026699,0.2936726161614057,0.2815574058894639,0.3593937177687993,0.1730959279116547,0.3403816485743627,0.3673097121597866,0.3631507660202577,0.2994744210949307,0.8791424607507805,0.8288225329030295,0.2562085964205907,0.4231263963936019,0.5821822329870777,0.4433525410531257,0.6679167435313091,0.5199542557918764,0.1385138350294581,0.5896574831716821,0.5751590747427372
0.2448904937056107,0.3759925122995893,0.3100623186284993,0.3656452963793128,0.6753508368957388,0.3201484614164422,0.3516625599452941,0.1903308251317882,0.2435143560717233,0.2898311640716742,0.7907928186084783,0.2725964013184122,0.4710240695929268,0.051903356782703,0.4335770241976479,0.5221339937827998,0.4323445512278176,0.4616631801036662,0.4208250891255281,0.5424708487825949
0.2823703486609825,0.2076000228960648,0.244189908832921,0.3399541204512197,0.3807337065788852,0.3810234845431019,0.7025334735290649,0.4126995199562989,0.2447473188731956,0.3260078081203932,0.4359292156223799,0.2637693038732774,0.7047958462855557,0.3726628031985027,0.3928962440407038,0.6710265948116755,0.4641957097518933,0.3073814462877696,0.2165372257200241,0.4980373370348753
0.3193881468564171,0.252027494579108,0.318662414645094,0.6503776453415849,0.3283451236549952,0.3265286787424657,0.1543246301296074,0.3193265987361723,0.2799742995237967,0.2923406371947358,0.7108963133156916,0.5825450840027173,0.7839454895220985,0.6260487810852026,0.4396003490608542,0.6987135363112066,0.5717192274338098,0.4486865701928716,0.2571115980721196,0.4534662373090349
0.2373914570832443,0.3797296947629855,0.3040547305218592,0.3443152426577905,0.3518068809272128,0.3191270312243923,0.3798227751358981,0.4796988071057983,0.3167983482749885,0.6010309532518655,0.6620247419871961,0.3977394791744442,0.584244995672108,0.4866935475643664,0.6475347699408956,0.4867335908803753,0.4880031456332195,0.6477507753839502,0.5979681270599136,0.4953929038041599
0.2539879387443577,0.2657883812033529,0.3143246825054971,0.2988313289065443,0.5138585969462706,0.387372457242445,0.198039917517047,0.2976557346203258,0.1993357919719557,0.8030019303504121,0.5087849109390464,0.6819100446191603,0.3494804119455416,0.4380302403093334,0.4023768794798642,0.4285154306937623,0.6726981422898068,0.6650591791530017,0.3898585925881055,0.5036297470839357
0.3906706984199613,0.3465243525459198,0.4566836511949415,0.7006333971590407,0.3899664365147615,0.3084999816653437,0.3221796233338486,0.307317883896091,0.2342585463090534,0.3280453581868572,0.407085125273194,0.5848050019130819,0.6654722646594512,0.5300243459152688,0.5094956533315088,0.7009871725595023,0.4289772942512913,0.4752496248366795,0.5401537142323551,0.5061004375794229
0.5290985979984155,0.2950256539789171,0.4733757103451614,0.4073087005296208,0.3612762912194237,0.3094610656714611,0.2326676873101257,0.6344883979437614,0.1512227281371769,0.236012613467421,0.470420636946806,0.5658870953854596,0.3261101544419297,0.2328278782835466,0.4357919465401226,0.6812546594307011,0.5589930981673302,0.3912201327879032,0.3707653886384415,0.5757539412680148
0.2256985622285597,0.1217886982799534,0.244732297861453,0.3088740161496736,0.8172927341971534,0.289029675888346,0.4016306003133839,0.2735695027693837,0.4865972184875859,0.1880123388778896,0.4811730577535504,0.6211479462348173,0.4822965640204454,0.6903547779368997,0.5144021256399841,0.5340162994821719,0.4595443360545344,0.4445895613741396,0.4652169434930242,0.5111270294493883
0.2894856169737948,0.3185510448701421,0.291717165491345,0.4972134248691696,0.3883823571831361,0.7187174511433583,0.5313152861423514,0.3080363682763162,0.300163469610169,0.3180408318032781,0.4726036588238029,0.5459445166179218,0.4070211215736095,0.5493135320010171,0.4580764876752837,0.2472025931944863,0.3472721171599739,0.5241907045878008,0.2942946689155876,0.4443875051150842
0.4902563621090899,0.1924099501613249,0.2044913503925828,0.4042058271405395,0.3234583469728177,0.3271309541439862,0.1967458403975887,0.3379859428138934,0.7053560200992863,0.467531078755418,0.2413356587626823,0.238401753981315,0.6291196655371091,0.4065859091189958,0.3874361289696805,0.566207165634033,0.6197863772193873,0.3639064018534911,0.5531680900409361,0.365480047017146
0.3039100070765596,0.2075614999240508,0.3358251650592583,0.483938895618435,0.3764888692046281,0.2458434163251193,0.6967147596063542,0.2568944298978741,0.2069421914296938,0.3077994788308636,0.537727901688548,0.5880728871029042,0.5906709255147604,0.3813823182611009,0.4386260936394891,0.3259956957409563,0.2920225842978344,0.2632034597027928,0.4817145419491589,0.4223028506415632
0.3911180774178179,0.2216866437107792,0.2803259949837077,0.7344287736145666,0.3415263972248449,0.3199268380630039,0.3690494774516253,0.2744713921482517,0.3059208658670238,0.3183541795048603,0.4517903181338366,0.2493310684459141,0.6290489597662225,0.7512764851488295,0.4869754970439483,0.4229050102773743,0.3643918267580227,0.7262727250980181,0.4250668529571578,0.445806860968608
0.4067009885782096,0.3165482382650301,0.4557810053203013,0.4892541333851206,0.2602268595954318,0.2618298422378361,0.6991567334144995,0.343293351724972,0.254672318377689,0.3416230250347083,0.3832509805859493,0.4056918179707551,0.431444341912029,0.7102236851720357,0.5710780300154009,0.5696934194930074,0.4436220803083447,0.5415670024507545,0.4169923766688886,0.2681071187117184
0.3405389726713312,0.4085594551739761,0.2917025179767216,0.2592363749651152,0.7689201791872935,0.2834363516383421,0.2334101167800849,0.5403642005653745,0.2252748747863815,0.3407481509583255,0.5553674031630762,0.3501261342779598,0.5543232779125346,0.4252254272483976,0.4034144312416799,0.7569702085787646,0.4454856477475332,0.6283692527158801,0.5977558234036594,0.3230894448376887
0.7594001981270215,0.2933058843245356,0.3305794277878775,0.2611693178945077,0.4153838751261883,0.2849031580140184,0.2530741678767549,0.4285100399890832,0.3999455157729377,0.4345598663435835,0.4801099672818337,0.4609989110074795,0.4967639090180763,0.3669297258688274,0.5737114677814055,0.5834166005066258,0.37171589538496,0.4648179501560229,0.4670403669410764,0.6612231634383344
0.4988396831416342,0.386168715721229,0.3302163523717719,0.4033702135618465,0.2478080705993339,0.6161156023516685,0.4154357009811301,0.3737271003608801,0.2645991039263418,0.3357813830409576,0.4891889969327784,0.6201923941017972,0.4268055437392907,0.377386050361704,0.4981681261745279,0.5826476833239089,0.4621112089586901,0.5065129015021747,0.3466659378021715,0.4539814788339942
0.4023840296752053,0.3292726943747299,0.3251543362828766,0.71308572151654,0.3025205721504597,0.2822913064047637,0.318742453702251,0.343737924129874,0.3214020623135729,0.3784023362255072,0.5647271160434362,0.5744744125271242,0.2796126136392307,0.2212108828989412,0.2827904367151629,0.3307521333617614,0.5340484248540951,0.7527896216637256,0.3255834190929486,0.4091049317366994
0.5658853099299109,0.1294394929700885,0.248645239899747,0.5354837356358872,0.3774669898466669,0.3935490905478663,0.2791380666893863,0.1551310949265971,0.2448440031204776,0.2440201681494346,0.5038909991653124,0.6261476260221283,0.3977419176430882,0.4089249143858469,0.602788589513935,0.2798903844439043,0.5887735095076537,0.5685257159192774,0.4920852573292767,0.355107106659945
0.1890798216328304,0.2752518782762541,0.4313227609391997,0.3271571375336716,0.3796689503039109,0.6840882711125917,0.256663801131593,0.1528265529683152,0.3353189553655689,0.2698881054972438,0.5146853761554644,0.5694016077836318,0.4645729624982055,0.3444474387513431,0.4347263738688974,0.4817012479379504,0.4611228614510492,0.5624320095626065,0.5913087234768971,0.5645272143771921
0.2842838334146251,0.2162925837680638,0.3112666904742795,0.8397616727516166,0.3031258677958382,0.3724639984140806,0.3766372980044083,0.3241095156932864,0.3908098776814474,0.4193278485925659,0.5292920450801593,0.543748061040132,0.5708778313862772,0.3990478501406777,0.6249532793442318,0.5850296201973793,0.545919666144217,0.382182690697095,0.4210696443367745,0.3322357529787711
0.2647102224334094,0.2569367611781841,0.3093680253852634,0.6248773932578777,0.2181553038493737,0.324522007266383,0.2760571950339454,0.3511180769566415,0.2979537364962752,0.5429626640250271,0.6144767770351564,0.6692213712999888,0.4294560653545429,0.4477306509469211,0.2646909199337172,0.5303028674005189,0.4957478314926878,0.4844008671406462,0.4366444935263869,0.5473643679493542
0.3952501935418897,0.3123854688216548,0.2765546292175104,0.4100379140179828,0.4214785735786762,0.3924608179489691,0.3376020097343418,0.8591328823416544,0.3272399372486694,0.386703487833232,0.777248152307221,0.4758176038801622,0.4941466559974412,0.3106612824173428,0.3997252948745924,0.360650735860191,0.3555150120647768,0.6460586672078051,0.6878065967631306,0.5761032027406506
0.7805845263682684,0.2456882960352271,0.3814391251674918,0.2578054997528605,0.2746532512430661,0.2993905064698215,0.3602430312279143,0.3261063817574617,0.491853832909363,0.3910838368824002,0.4427869464332886,0.4830575934176202,0.6023765001548963,0.4057834425203339,0.4334172333950108,0.8813984764359699,0.6779048753623803,0.7922232287337043,0.2553325991317046,0.3539244576998794
0.3480177984335627,0.1843125955722716,0.2682199593489162,0.2828594377371622,0.4764437542867101,0.3076465584268547,0.4245287276157802,0.130176193770687,0.4068334695777438,0.7904878020947244,0.4289045529594359,0.6350005928330166,0.4999183079818186,0.6466564246243021,0.5302988685466646,0.5091979676039455,0.4945941972832623,0.2223839983558627,0.5539866824162207,0.4727283049122054
0.424778640731244,0.3079588042796985,0.2382779591817547,0.2742478257391149,0.2696425638393049,0.2344942597492758,0.3607418897539385,0.4197808343327139,0.3068606000572656,0.7385367432792584,0.7389632199444911,0.5493394718532505,0.6419177189829364,0.5084935701348464,0.5643304398908523,0.5749611154960245,0.3085435319612323,0.3285633491503408,0.4352895874483463,0.5568285408689155
0.1183551629192945,0.3268313639968078,0.3973525868341887,0.3706510243602012,0.3668292301271844,0.3179510885464986,0.255017336417599,0.730388725332666,0.5340545073433348,0.3766441920800159,0.5726224142277738,0.5688837988087878,0.4202304551807343,0.7122826140143614,0.4583740516368819,0.3461794186147481,0.5120667170593022,0.4714690281362945,0.3138779635221562,0.662160538363612
0.2654985425006672,0.5164962425745461,0.471652646590433,0.2740930581331564,0.3132638410452894,0.2690773898107582,0.1732556647923911,0.3365214878621405,0.3998142110921234,0.3383559152074403,0.559674112336926,0.6061903475316697,0.5936177934530493,0.4470162946323499,0.7409441318222131,0.4474364456259275,0.6274733822528311,0.5008277626631927,0.4400254630320421,0.6247352827584934
0.2856970328919424,0.290867181086973,0.2661475448690399,0.5312187998236287,0.3649933578139138,0.2313470236791066,0.3117781161304193,0.3296414508302747,0.7225454107214917,0.175971670901804,0.5303709797682563,0.522968120923411,0.4576309189055157,0.5384828927198532,0.5254218274550785,0.5530609482790717,0.4274199629923506,0.383317004589633,0.3913448995491855,0.3540993941820128
0.2553085977062549,0.6061281576261709,0.3345425972514294,0.3372101269290254,0.2502713429937528,0.2230834800543463,0.3019416444090165,0.3584680692542389,0.2827229757326158,0.4036144544478982,0.6981806622269854,0.4075854821883321,0.460985077987822,0.4414266784016362,0.5098384922051502,0.3650619517558156,0.4982751877049988,0.42422160588467,0.6713525999691954,0.5171561646219682
0.3595454880128451,0.3784630987704012,0.2686168028420127,0.3396309396078879,0.3903458586312233,0.6618541795725312,0.3080290155188153,0.3615391561204264,0.2003591062256124,0.3862782060612789,0.4997337796105399,0.4133819489224382,0.3268604566227795,0.5141766190091804,0.6044490540058897,0.6588495082362807,0.4075035387309844,0.3428660717536668,0.5628454088022959,0.5426245812596455
0.2711986631575162,0.3000954910557506,0.2836764956325021,0.2308238347063011,0.2639687103683553,0.3867943304760058,0.4039271630608488,0.4624908827826268,0.2968357134872262,0.821875800833503,0.7005993847896368,0.428649842742958,0.4989934065166153,0.4797577890068545,0.5668585363250811,0.2964983697913076,0.4471529828366899,0.4342756099760367,0.6329757372589425,0.4539687643214207
0.3274154473234582,0.2965419609192639,0.7409362553452514,0.511684589316442,0.3742153276515501,0.2881604154412651,0.3288800723832514,0.376742214722564,0.3626984917070293,0.3674222485870972,0.6851067332013584,0.5840924526993343,0.528442638706353,0.5084673847971032,0.5045882201581924,0.3275173112907923,0.3110316647435438,0.4876901532269066,0.5033776061036183,0.5695543195056508
0.695967866139848,0.0466986616418425,0.2594785911427371,0.386835998266003,0.3502235650261481,0.2748574010018036,0.3242102223826169,0.2422541387386698,0.2409378082902566,0.1948825879002414,0.5833100980498631,0.6966877877013122,0.4010284687436954,0.5719010112495037,0.7102106070061176,0.6200435778402644,0.6061191582557152,0.2657166685674219,0.4890281021697159,0.5324203030687916
0.3364170832019497,0.2091155836623048,0.3197482340163196,0.2227496898142235,0.8184917602956017,0.3034624478927026,0.4983629461031883,0.4126402093806178,0.4242778828640013,0.3657225773453738,0.5229266276069235,0.5244505019443992,0.3596046984786879,0.5142207324603989,0.3430149576120498,0.4707601230971077,0.349583425318644,0.6117097020021515,0.5446928551207081,0.4032150436487501
0.7187256548830192,0.4084319161768487,0.2794985544473593,0.4641454702560989,0.2893677944449155,0.3074301293847806,0.3947323457367473,0.466677249580004,0.4299270630704618,0.3829908301283791,0.5436318611165646,0.2869392575373242,0.4113458573178895,0.3566861418451956,0.4202456455977122,0.5454566084240116,0.6178505626067142,0.4173415360654846,0.5699802182587653,0.4421515874278778
0.3211879809131694,0.1651714337168295,0.4449323981298013,0.4700158087298005,0.3691962835059127,0.3799824224715588,0.2297023885820943,0.8540428116268324,0.4254586415913884,0.2989175742846314,0.4264379817963045,0.5157185973978524,0.5617904495603122,0.5796955101191937,0.5250058922964925,0.4538543964398667,0.5107317839430887,0.4125088391518324,0.4702735090635314,0.5435128768895443
0.7518429581938548,0.410007049473163,0.2564316607890545,0.5069443204530417,0.3267892762313428,0.3472956321023522,0.2815490253097407,0.117021478582539,0.2312067308164432,0.3655983908342843,0.6269297051069233,0.5217403317857043,0.5946230787984025,0.4449710062939654,0.5840719937480157,0.3958234783814703,0.5868480318240568,0.4247634910888013,0.5977101022898492,0.3357699379001694
0.1977929139726833,0.3195155994166499,0.2867525618419655,0.253771190481063,0.2565616350829018,0.3158286065681362,0.2559000975380086,0.8281770657353392,0.2158170253550712,0.2867676189639707,0.4878106068075558,0.5099632946678572,0.3649261183171384,0.5151138622874154,0.5286227862713757,0.5766943938910594,0.4394505061895629,0.3172727616248625,0.2617048169856162,0.6081971675729527
0.3815683475001497,0.7109802450944199,0.5156817548445093,0.3008223676056408,0.3729823711547803,0.4456771152777885,0.2515383857387669,0.134145978420137,0.3861254559871415,0.4746628975958205,0.4282846112610513,0.6196312118208007,0.4307494092525865,0.4900416426707165,0.740472283155182,0.6756548108778856,0.4532975014755696,0.5422820841435815,0.4473862787022309,0.364593280825214
0.2156502848552378,0.349880967254886,0.4437881851545381,0.3756282915458324,0.2411054752199947,0.2974078084107233,0.3206610959397405,0.3368396681248231,0.3410474688838606,0.7535301270090498,0.7973497812307139,0.6966450571599385,0.5949369570805432,0.4933798811300792,0.5034362081563196,0.4822060434868843,0.4770274343034703,0.2650221749701243,0.2745589576869667,0.5173658795856761
0.2537036357592587,0.2799938637432815,0.3619119829734753,0.2209174528243002,0.3153215343091138,0.2718520788873667,0.2178157248254635,0.4436016116573167,0.1434146312529364,0.6860179611595503,0.8181607739394323,0.3148039309867274,0.3495825972628834,0.5265919997309978,0.5000141063644382,0.3379138384028787,0.6103270411552213,0.5416494001734524,0.4612861101772428,0.348372259622249
0.178135748851184,0.2462613012057588,0.3647094430949,0.1855718225471176,0.3469745678057783,0.1581574589575052,0.7061653049562141,0.3937771107584163,0.3460302881269994,0.2166951760577421,0.5257844440909957,0.6957705297092974,0.5724243000303257,0.3436004064952712,0.1651161374755063,0.5491057427383715,0.4512307976568527,0.4737346329088462,0.4676775796379663,0.5422507208665198
0.6730228820708353,0.4667102851315902,0.4284061013457866,0.4539216544143885,0.4527655146421179,0.3825417152943534,0.321423949914155,0.4365036838131372,0.4736738257621411,0.2124862752470999,0.6493767038883921,0.2894880588696057,0.598312085968367,0.3156483044890328,0.6324946314778821,0.3404844183031845,0.4787738323236372,0.4595318854855659,0.3952455097855115,0.4162387725177855
0.1706894210582562,0.335296139925474,0.7068804268188529,0.2641789999705063,0.2965365990432528,0.3217550967269199,0.1611702948182677,0.399523397384714,0.3542054225848322,0.398893440690542,0.6169779045937276,0.4271563333360808,0.4627144534064242,0.4518412130463986,0.4066702017145588,0.4676399634169056,0.4042660097347024,0.2823827050449121,0.4916136597591758,0.584541820230128
0.168265498836494,0.3179906348134932,0.2821998384108584,0.3072791438095842,0.1494004354312199,0.3068448971790868,0.1804578024448078,0.8621460333225882,0.3831148394199936,0.3574661394159002,0.6693492571246401,0.3341240766760551,0.4152120688408111,0.3674916961312892,0.463253869033063,0.6486876354858425,0.5840812804386565,0.747758550733556,0.6524987421168466,0.5309303219644408
0.209524454790616,0.2200205471806283,0.4787692396725131,0.8798327573323707,0.2165866470072125,0.2349956006847258,0.3376741487975888,0.2936888194129277,0.3489478173286615,0.3315093105284261,0.4664219133529208,0.4961441308956829,0.5310059577293506,0.2507577196380074,0.5912567418608603,0.6147824577073359,0.4346744801296721,0.5990622473840236,0.609354852721908,0.3236487645314027
0.3335325569552658,0.2886754945395495,0.2998624854568259,0.3841752633402253,0.481358644238557,0.3043058235093153,0.8055921510291401,0.2276638710246042,0.3218316543435784,0.4402037329555726,0.6843460272821023,0.5471784425969954,0.6978900356339302,0.2680406870877638,0.5198846227508047,0.4674610851657288,0.5860465537877584,0.5344169992582108,0.5039059790318225,0.254414299497437
0.3696570145897533,0.3186116000053259,0.7841868859127646,0.3922159269481602,0.3052019743519839,0.3138428889411788,0.3115232960669715,0.3188381227455923,0.3799148768379588,0.2921067369014024,0.6020027293572426,0.5745518312041635,0.2904427944700475,0.5626004577088384,0.5919753217094191,0.6085197528883657,0.4838987235819975,0.6216244088330838,0.4378094321683322,0.3758646675083474
0.253368341679938,0.2582913548441185,0.2561443877051674,0.8295575911145288,0.3810119265382025,0.4073400885401342,0.2291695852275241,0.2926234483226285,0.4173444200241535,0.2899270585475146,0.4410067459248896,0.5048546289828678,0.4152579301243866,0.7666354543792454,0.399396168626774,0.842592651091371,0.2910381956614012,0.5168931803052317,0.3515737184755726,0.7293507385273859
0.3975053810167408,0.3316666994156947,0.3637512983576509,0.2739357207872801,0.3263760583959118,0.2826544925471167,0.4095057796849743,0.2452643277461792,0.2371182079125854,0.7259870072900756,0.501549383099033,0.4771629507968321,0.5999886802152508,0.4375459675717836,0.4341365678904582,0.651101144953754,0.5774085696207862,0.472853008206175,0.3771604493021013,0.3241515988535712
0.4957882926345329,0.2570432557543952,0.4591261287238373,0.2134212607315932,0.3056821432395538,0.3215842292876719,0.2293315152299838,0.7333433601243042,0.3641802288074592,0.5282423008463442,0.4198320017000704,0.3307128996870783,0.4091903490419621,0.3551270054127051,0.2832970816569161,0.4864510849408763,0.2445146449040939,0.4668062820223488,0.5238572082341453,0.3475140369512777
0.2972132662191534,0.4087818962064692,0.3037446605870664,0.4098066054776521,0.2342026088647964,0.2230645451610238,0.7933592715318554,0.3517501992564932,0.2673446724056677,0.1505141975757715,0.5393420128839554,0.4961442143093707,0.3743005368228227,0.3296189502002981,0.4058128216667238,0.4891509086687503,0.3579584962711879,0.5557704030664602,0.3970079418344794,0.3106314892332122
0.525706925582426,0.3586398700544111,0.4057078839000871,0.3325258316175807,0.2099980039015178,0.348690219893933,0.3731824062397088,0.229562659772991,0.7872966207309112,0.4837339805012036,0.6551471581518389,0.5394997475222169,0.466063574792755,0.5337749535940334,0.6052693978964155,0.7169597653821821,0.4672925069080896,0.555682511898185,0.442811846693659,0.3584473094021073
0.3743635391493716,0.3649270746842613,0.4383380588618614,0.3858061536074984,0.2380713959255188,0.3586981599032385,0.2296362036964414,0.1448342083627617,0.3541736668733255,0.8365818844413104,0.6803386322782927,0.6055582286200771,0.5963715178312925,0.2660884646660014,0.6185483936363003,0.5384551218697945,0.453429394618661,0.5329857152060533,0.485164476363663,0.2878387593977761
0.3558578451465443,0.2463080510258848,0.7323816478151175,0.2925786990038578,0.2896685682962165,0.2633189151725197,0.3504424492816599,0.2479967104444743,0.3639802917227874,0.3750102120482154,0.5813707454539492,0.7338415265613238,0.5488593423085362,0.5967219322481763,0.5116926754439493,0.3617041952096693,0.5808366373855742,0.6020487018859619,0.411805749337555,0.4922556348452639
0.3367935592922896,0.5844956696877739,0.3896123225070744,0.3473354684181139,0.2571032922467779,0.2783198220981837,0.1439281263381067,0.3231198715586427,0.4161218229746701,0.2799322859454194,0.4575896552733515,0.3553658074336221,0.290103416729559,0.3072532440018982,0.3102368628261723,0.3438157392336519,0.4416375152909805,0.4629021978089315,0.4099325492891829,0.437611768703651
0.3958608191735168,0.3299346057427682,0.3636293424569195,0.3533036310246155,0.2858943331038606,0.8369624879009523,0.2392302047883858,0.2023000698638151,0.1925929155266103,0.5918263372279395,0.5152227140042824,0.4207351796345084,0.5632154616056102,0.3320301944777196,0.2690948588873281,0.6738732197043442,0.43696579109614,0.4588615852337426,0.3892980235377072,0.4029000379304838
0.5970752208741074,0.3645793314410174,0.3476607479842778,0.2934516263685238,0.3488928683357452,0.1663752004525409,0.2175624399965828,0.189345982127603,0.273017456944865,0.3793351249693709,0.5499115426587322,0.5469104680126082,0.5679826396951861,0.6321819612920907,0.3296707483632121,0.558989753831203,0.5473292313393375,0.3825694715369013,0.4462987499821624,0.4895681624990557
0.2833720427643429,0.5896434422827748,0.3012701885783929,0.3331966491326651,0.2551851772325632,0.2999764173270146,0.3537567562819696,0.3478286412268872,0.4165106594325404,0.4219321070342522,0.4657763615372884,0.3920754428488187,0.6830586386333911,0.4397045064401076,0.7929354998912916,0.4606923855173618,0.4424506994668014,0.4050692689219219,0.4463352148449192,0.3511551774816783
0.3527767642480489,0.2284813762194278,0.2889328476713444,0.6764260688879158,0.2242081225975498,0.1912604256283733,0.2518431076674887,0.2713292428034474,0.3299325330877764,0.4182553908272498,0.3225374064736541,0.4096181308320054,0.6118227233706635,0.3914602685018227,0.6719898370634824,0.4918008636510202,0.4484580207218412,0.2434542376461179,0.4191781920347716,0.4358452590338789
0.2283356561958207,0.280433457614488,0.3573090353217302,0.4295916856532685,0.7562973496609204,0.2895296774908545,0.4450418577030764,0.2825754664564287,0.2666683197061225,0.2389818094492946,0.4835841840575666,0.5655984127776509,0.4233514913469853,0.5694307690709497,0.5016115092734694,0.6497540993810874,0.4551450120469618,0.5962120298546497,0.4655745146212439,0.3083270472214776
0.3123228299310553,0.3624688224685611,0.3151430271072785,0.347670492248647,0.2732634265407839,0.2820082547167966,0.7303612989065507,0.3670078857468231,0.2980004516612582,0.5477451177555288,0.6036659181890369,0.4196777282951013,0.4617053020197721,0.5248857765531582,0.3712705755263326,0.453999105055241,0.6451529379452536,0.3350871345664546,0.5532510508353841,0.4473984797455727
0.4166162887731159,0.7667871494379388,0.3326797060987127,0.2884807577697,0.4128526634028243,0.2636213637546625,0.3837097265551549,0.2534160819133523,0.2556139416890676,0.3163127441649708,0.5442152340158994,0.6099534935863198,0.5627288931899895,0.2764909376326502,0.458925214597662,0.436825976542306,0.6253841983354711,0.3910937556518105,0.5659788144576186,0.442036696101926
0.2745291378844663,0.2672762720989608,0.7822021400792829,0.4666625044290898,0.3059294854692501,0.348702534100351,0.2742866366833189,0.3179281041808166,0.2740544344215956,0.44781296971563,0.6653554077065269,0.6194720788283403,0.6874600869721497,0.3754594641638593,0.4532819260161358,0.4484670986223611,0.6708315015076287,0.6405898980926774,0.3135812840022746,0.3949364407617273
0.2993544278407207,0.4480903677736627,0.2831699219379617,0.404895523975926,0.5982391591698879,0.3014874535834306,0.3020495783559748,0.278787700861487,0.1831573243282207,0.2083035490059879,0.5887205334140038,0.6616046717319664,0.693526471084246,0.3588218284758978,0.6058263003988774,0.5345212363968893,0.2892564075839541,0.3275632815637747,0.4448574838878523,0.2760064728477615
0.2732181788296446,0.2533700202355743,0.2858833498480241,0.3060418337485834,0.3031594843591721,0.7255656360268659,0.3209042033569533,0.4813228288815614,0.2889925109623937,0.502662599843545,0.5645201048049914,0.2804078705388724,0.5124408855538105,0.3955889042488245,0.4683638267144817,0.3556158839355519,0.4120811699714427,0.5655844230415368,0.6952799010504537,0.334995847514773
0.577481464485078,0.1385435348635992,0.2507249885208626,0.368474264921813,0.2706463193843411,0.2441538127956896,0.2179684169066863,0.3166239166785283,0.2833301439213855,0.3750428343909413,0.1987698818855779,0.274935816216704,0.5762396209638946,0.3465613593627199,0.3293200791784484,0.5740405495710973,0.5836830223836078,0.5197077244638543,0.3574392226019619,0.339017981343648
0.3091454768098343,0.3722650936279681,0.436612404691815,0.459173136510379,0.2990555635245369,0.3229372575825811,0.1650717049231385,0.7679944044531151,0.3518618158653224,0.4133155574775995,0.4569911248810338,0.6932655885651691,0.5658657590722785,0.3990454486835422,0.4681808425527872,0.5585640760809307,0.3514655717715023,0.5613777290782702,0.4415228638274159,0.4144279925787634
0.3227623369105564,0.3739277691638007,0.3036819503940985,0.4216617320735049,0.3520387615229341,0.2578444286336646,0.3933268229108136,0.3848711346509252,0.279488988510694,0.748508821948386,0.3443100965784482,0.2701568282275814,0.4081604101367062,0.6344986663783991,0.3331134856638873,0.723318092736301,0.6093882845325876,0.4325199311599078,0.3989305657145678,0.5762088361647955
0.3628979034587365,0.2943909426773421,0.3913470144193846,0.3556019595999711,0.6901338393519205,0.2332670752440296,0.2929819166710747,0.2375319759211203,0.3405147913305685,0.1904903205443786,0.5098809771548785,0.6104825528298072,0.618402162178925,0.5533803613166246,0.3199877904465088,0.3315053067977426,0.5780926881441038,0.3027071325472978,0.3005709252014599,0.3643125297749699
0.2648099017566543,0.3410980729262242,0.3651875222714786,0.2758610958157247,0.7392088185363467,0.3036409769874493,0.282458663334392,0.394485495268486,0.4534387399435152,0.2950321702158875,0.5427545844905021,0.4043040871453995,0.5054616817288341,0.4234726325650108,0.5683311306606657,0.8120764337505526,0.8251003441503841,0.4012806575043743,0.6623273653981573,0.7498739137068711
0.3247976055895188,0.3728686487465247,0.4447180168516066,0.3495430838217755,0.3018711389604462,0.676714097027429,0.373277979846091,0.4494916185721056,0.3549591270975583,0.3013036579638354,0.5374546041056525,0.5439053607926043,0.5337761642293392,0.6832628368582813,0.4631507265898243,0.7559464709472733,0.4370914520273028,0.7378814991568121,0.4884830242239277,0.8067287272737673
0.795052006996465,0.3298972681573576,0.1712152043745609,0.2247439686809663,0.3069778182445709,0.2804536163455279,0.3266003532683219,0.409335662552456,0.3686560004723497,0.3439476446149662,0.4828597868542409,0.4046076380117683,0.3395136613324225,0.4997587938180302,0.4836476727875705,0.8487378917992767,0.2873398388753597,0.3680429435672355,0.2206184022286547,0.3834774409975451
0.414068352191083,0.2962646256944408,0.6516117974745255,0.401289116244047,0.3532605543147283,0.2833994087767021,0.335362399382235,0.3848281750365731,0.2005436055408103,0.2196399884924528,0.5288920544256238,0.5115569560947818,0.5719944077736778,0.3627415010491396,0.2928715507776548,0.5051144969493523,0.4520427832092732,0.5779755951514635,0.4449887821785968,0.3173241165435372
0.3409893540396475,0.3334220097276235,0.2710009835946732,0.3657988738687018,0.3414875471051514,0.2947414112417152,0.4466417521820776,0.1197787865839241,0.2489135620695274,0.8136806341888566,0.1612617374508119,0.5802213081975329,0.6756221707149681,0.3729224928584081,0.3652478520508909,0.5598502899757638,0.438727272099187,0.5707164761728902,0.5559961130157777,0.5129256280348132
0.3198771858080591,0.3475512920069008,0.4504832999539988,0.3758024315643167,0.2461541717236778,0.2675693128087993,0.197254582036185,0.4357880061656746,0.71855346436443,0.3009388795217063,0.6869729778244295,0.606426334105349,0.6338710740601454,0.5887609761180748,0.4550670338520913,0.395103879274573,0.6823046620941174,0.3888454614947282,0.4784742022822085,0.4770565558687815
0.1527936179180041,0.2086968075955728,0.2942011581574693,0.2024178596539904,0.3706903531620528,0.3762817266299664,0.7466801669958604,0.3632407948188012,0.3465843707051766,0.3556846386292465,0.7545165903070759,0.3818184631591819,0.4243349963031299,0.4058309289316897,0.5472929971350272,0.6437198330399029,0.6783256603907729,0.7041138878476051,0.3862214999857066,0.4727992102169305
0.3324138770362194,0.2533287661374119,0.2518261838686568,0.2553441102403198,0.1908441223676735,0.611236709959652,0.1985076865386644,0.3079079716445843,0.3844280668825209,0.3592049838541825,0.4733935222761425,0.6426124006144783,0.5701362266847676,0.4386335821390371,0.6056863557637316,0.653725287152721,0.4779471137923382,0.5752368689086742,0.5272883956753847,0.5175181479472232
0.3298816377501011,0.3319810739883712,0.3438564819094944,0.3513989044870067,0.268717143725253,0.2897189784702063,0.2384707269412805,0.7966997127040254,0.3447658842887976,0.4169281119746717,0.6631108826173274,0.2542194629832298,0.6297646832943242,0.5333453093496131,0.5320752639793849,0.4162313828296885,0.8042890859402687,0.6248318692361348,0.6705619461688888,0.5450354014653442
0.3687729653294103,0.3221816435097311,0.343023650808904,0.4761293484766428,0.365907227391865,0.4473721657874473,0.561354431844516,0.7699098920768916,0.4075637239073519,0.2637637435112933,0.4519100953053175,0.7559065491368957,0.5052718930777551,0.4359393126712964,0.7131190470043001,0.3893371360667098,0.311196675064608,0.2846377068942013,0.4840686983006781,0.3243636239592011
0.3304190463069046,0.2635464759300422,0.3758872632945494,0.4019049700354943,0.278464974503016,0.3017154722325618,0.7088721845198648,0.3730218236362228,0.2991072901096533,0.3111385897650712,0.4897313286058493,0.406579782971461,0.4099940279237625,0.4617799362295303,0.5278519665919761,0.5743250888681911,0.4372507044401253,0.2869441154766051,0.6269108513187719,0.5050376901223342
0.3367348120575942,0.3666929567675873,0.3010157352061779,0.2188302886029398,0.8008656780656613,0.341863498697213,0.3543242390411311,0.2455274134822724,0.3837954800736068,0.4365227384951149,0.4068301313055339,0.5418400928187349,0.5979496714591442,0.3126115680645663,0.3738766552729451,0.3818611536696968,0.3631295409066959,0.614184323550871,0.4481109529142202,0.5449428991983917
0.1933002874400453,0.3305067536104957,0.2346875085572684,0.4136590889154614,0.3554323324816696,0.1585314933487203,0.2585469611442235,0.1576700681416006,0.359054957263772,0.6782820615351994,0.6079813604329729,0.5695584971361594,0.5207877177687203,0.5031531314457605,0.3104260239188597,0.6733387253773142,0.6576733585867738,0.4293364353893207,0.227124002209846,0.581507678290762
0.3366275353378633,0.3367407550675898,0.3109031695264815,0.3242511118793275,0.3920160319008406,0.2806070341502058,0.3121418706120127,0.1508627284015183,0.3413101230002651,0.6440872584830887,0.603421359756775,0.6796918072105987,0.3789694542218786,0.565748863838558,0.5831905860118367,0.5106675909487575,0.3738440896046582,0.4071673307597523,0.5262670560381082,0.3603856171195256
0.1283558460574683,0.2476563541458756,0.2873412792541502,0.3165262217599037,0.3492415379590355,0.6277092507732913,0.4313945417640654,0.435890264104,0.2281498310753602,0.3577822355443441,0.5155046005085557,0.6335455792729481,0.6559882819908692,0.5006349936993232,0.4289996298913796,0.6302786086477247,0.4488816969082564,0.6846604986368777,0.6695643330653255,0.3242989729523796
0.6326375671749636,0.239695043783202,0.5342772439482616,0.4333235762103435,0.240023889418154,0.3226507127312061,0.4420973947609668,0.3463478349677191,0.3369579516255825,0.2375518133786289,0.4806500543524041,0.4297396775045718,0.660903546465661,0.0419396551153533,0.5847380592255761,0.5536339681357461,0.6076955371629016,0.4158342261651422,0.6449297197680814,0.1979203912236991
0.2678612902425497,0.1854754061851392,0.3859611426935276,0.3129495983518894,0.7174219972567527,0.3332810649575151,0.1872421075167599,0.3736473240178778,0.5070269337788277,0.2900975664600301,0.4132253761893164,0.3991942730660781,0.4806977162400563,0.6165879587271044,0.4787256510149162,0.5759466438639558,0.5800870317808613,0.5998225907470777,0.4251644865328254,0.5071962247450321
0.2660652159840915,0.2378695604352805,0.4425084607500556,0.2557060934974032,0.2727873302461201,0.3412623268410318,0.3165494049462963,0.4725578495924831,0.6786287025323512,0.4481770187918441,0.3615924425957486,0.695526327423038,0.544923613982277,0.4034797266245498,0.3450002642559612,0.6158493840214551,0.3265497937196931,0.5434472924334065,0.4069087364874493,0.4075316344655084
0.4229805610668566,0.1496425536004536,0.7876953032911331,0.2953187061981736,0.3617677285455949,0.3428115423320968,0.1718264309236297,0.2717926241503516,0.3740854395173754,0.2680082715472853,0.7408459237150692,0.2944015540958863,0.3822206477462633,0.5148503667537,0.5585211424550252,0.4609538319340389,0.4938715063273139,0.3653925449825357,0.4540136763583496,0.3721141382054014
0.2745953440200762,0.8039282061003783,0.2959650883410368,0.3419137822509877,0.3859260681586978,0.284508990319119,0.2006455062499548,0.3056069065253972,0.3157276371850475,0.0874165095397371,0.5176789034502792,0.3552320712920562,0.3822600036518666,0.59030945330628,0.3408738343205413,0.5414690091513789,0.6600995256369294,0.3194321330893105,0.5728748770439973,0.5041293213080952
0.3028524924536501,0.1904489304255537,0.2949307264720276,0.4875446969887324,0.3229401862072535,0.2713255273930271,0.3342689262997618,0.2938928088125232,0.2594836696934751,0.7573514013137936,0.4809134558476862,0.5278066110763356,0.4914812220746057,0.4476831575728923,0.371962578866007,0.3943278245185253,0.5069294457996807,0.4671405415880149,0.189423736586244,0.6329133796976938
0.2592994428732689,0.1362778428814789,0.2457895772939138,0.8425395021149236,0.3349513840280698,0.3126256246272441,0.3725115430530598,0.4590868495372853,0.1178048244867573,0.3809878213460373,0.6864433754651282,0.400467120694206,0.5676940562356363,0.720317571469518,0.5464542201227567,0.4694965471965462,0.5047939505999182,0.3192797077418187,0.4143796426631297,0.5617351287329939
0.3692078187179133,0.1905553103102639,0.3719045760603331,0.2768012772223119,0.3019833951262294,0.6077226035527105,0.2735645518924691,0.2911977564347296,0.3114309937094768,0.2259871936621613,0.6518003225520415,0.5704613671803987,0.3281606321242644,0.6466724354196978,0.407128297850909,0.6857485215159898,0.352073635219167,0.6288916681717315,0.7035978234702275,0.5327035167924765
0.728500472192235,0.2201930995108498,0.2564807861458223,0.4427702894655115,0.1310463280788354,0.328875460030091,0.2403386915882207,0.2498118408621919,0.1761121178747859,0.2365917564570148,0.6511892866664473,0.3404277975008698,0.6544066555058287,0.6348798033973313,0.5833426317183312,0.314863765623216,0.3623304944178434,0.4125141828016829,0.2820668404049913,0.4528287553450082
0.2688042931261271,0.3018572533291714,0.3006199215939154,0.4431280507007384,0.1505553358247961,0.6956345348974167,0.1780411476036494,0.4468930432052554,0.3028800616707739,0.369074997207441,0.7392808264181531,0.3757864907450164,0.5154675296196233,0.3681011425659191,0.6458732487459042,0.6815956449077247,0.4503717226571894,0.5041835279550225,0.3962717891927675,0.5781162758357314
0.2771736005227144,0.202771833753582,0.2565343159730905,0.6592308786424819,0.2957554591167303,0.2469453590265472,0.3257703572845299,0.4505320550325075,0.2863643657485209,0.1994316993061237,0.6379789174563723,0.4765694272723321,0.6033399163342721,0.4948274796125935,0.5208733367318793,0.6279327679534172,0.4616892513122844,0.3440604827247244,0.450511773403054,0.552868502311224
0.4215529275775478,0.3375366142256637,0.3814397150722571,0.1397444058764687,0.5263803063180345,0.2917262000640332,0.7407118917685563,0.2523826033065429,0.3275307686475237,0.221275170067977,0.665852622104089,0.5028988654383366,0.6573038087006926,0.3697804403272766,0.3328074772262583,0.3708484963309718,0.5678284875975386,0.6286414421231505,0.2107446706736524,0.4133834074554642
0.3438538394433855,0.3281663689789205,0.311266429198122,0.4116798092868975,0.2531360318734434,0.4040024403069749,0.2226333679725546,0.3303399298548313,0.7152131828026231,0.3354372415779158,0.8035300317841381,0.3305871914687547,0.1925547877920894,0.4287615123136242,0.4737378592302735,0.3272629950691192,0.5259026909969552,0.6898443963571027,0.3941545543525041,0.3629970085439122
0.2446219186493768,0.3414946778505049,0.3381196618629631,0.3235338369570175,0.3779486472117474,0.4174668140302932,0.4503550768149285,0.6867939910146057,0.1110270530319137,0.2106172599225135,0.7738694262047238,0.4985820897838837,0.1732077660764448,0.3377777234970515,0.6193926093047258,0.7067720079507818,0.5368364339036059,0.2649023039606559,0.6261141852583573,0.4820409726289848
0.2681823107268213,0.5821392912585047,0.3987096789787234,0.3587563977375499,0.2736340279851268,0.3035600466549106,0.2597722449684562,0.3204454317231824,0.3306422937392593,0.4763452480126666,0.5459793589331485,0.6637988103387675,0.6948681547864015,0.3718445928891055,0.5908764262771629,0.4677566295628307,0.3678749589237086,0.1890239471215274,0.5393762545203763,0.4411774891305222
0.4502251578196352,0.7794667912144041,0.4056141594041991,0.3567719934005514,0.3123360402068857,0.1943430319803411,0.2410603729732416,0.31390651497055,0.2869179473291146,0.3835447621272896,0.6350659442286731,0.449895786283648,0.489217495572759,0.561802207233075,0.4089368160020279,0.5773633496521762,0.3845240274866573,0.3635850792705428,0.5336735057690497,0.3472392417072735
0.4587647161469589,0.291945857593495,0.4790247508164141,0.3399333654875069,0.7680699274445189,0.258151860336468,0.2478496490553871,0.5119868259623451,0.2921811460998982,0.3149416223070088,0.5021210566142488,0.6102077058596899,0.3889296499530926,0.4431835592826876,0.6426815378516083,0.4457982958278184,0.3874433312830872,0.3642688537327646,0.492764708198435,0.3807448364772509
0.4959481609962122,0.32845318267845,0.3403126500882718,0.3885695024900739,0.5189571051824534,0.3047268350078498,0.4915762144819612,0.6704145609981569,0.3620553803527686,0.3813476672567573,0.7186901543525035,0.4431801204355721,0.5385666526596794,0.3710887331115771,0.4503031257241864,0.7251394788358221,0.4406901833037991,0.544891068143078,0.496858238438987,0.5073610218165536
0.3382911034050169,0.0589000027977659,0.3078110028756768,0.288442060565795,0.3419109493908931,0.3381312935643947,0.2825702006059251,0.3657020355668959,0.6262341784026483,0.2936322561149433,0.7211911862114134,0.4837704257379648,0.5699456393962349,0.2341507925595158,0.3473522586981885,0.5653755752761269,0.4234314598676527,0.6987444517458525,0.3387707772969635,0.2187532046618163
0.3225980438189353,0.3271618948980306,0.2494193801245836,0.4362320593714158,0.2260653816668802,0.6754429121931984,0.3597874751602559,0.3133873400037567,0.2896746209047651,0.4906862291236814,0.635673244235538,0.7550409005603094,0.2706085664294601,0.7139072641844734,0.6590563165585199,0.4003476183285817,0.3824028360287891,0.4651058602736347,0.307985549983688,0.3265575124596075
0.3342794344597672,0.2701407387159065,0.2413939460589963,0.3565040724942075,0.1891857988620357,0.1831587143012045,0.2441490487310896,0.4327702541365416,0.3249495878869242,0.8628874544124095,0.6011939321031073,0.429291660228275,0.4096417076480273,0.3107303024924858,0.3088352754021917,0.4809166662734861,0.2556957861732407,0.6670951906885824,0.5024585785073973,0.5349267661117404
0.2810706776872959,0.3047517425671331,0.3704884459032581,0.1995276173956614,0.3016943069049867,0.3653426196531948,0.237380412694182,0.3599093893853576,0.2210860903720033,0.7532933924835374,0.3376508589983299,0.5095096933206857,0.5601392159356862,0.4169550004086821,0.5400663549621709,0.7173862566106275,0.6875594155841597,0.8776598656105219,0.5606177490971818,0.4701374210822315
0.3772733215471662,0.2632973066095476,0.4006084749268945,0.2909580433492013,0.3953509181255968,0.6330073615825219,0.2343903544084844,0.2615866387661357,0.3966891026277703,0.2566503696218816,0.5885860869611647,0.4602246268370813,0.3697148764408075,0.4727764872990841,0.5751729287359323,0.6421494933445371,0.3742919065837284,0.5763854768034342,0.4092830024469138,0.3578725457186232
0.4639526688048825,0.3346573502469486,0.2896150925393815,0.4292902388171817,0.4379362514454739,0.3131076925523024,0.4043767866745304,0.3676229680869151,0.6906183072063554,0.3102968426865769,0.6037606682104357,0.4923249002216156,0.5996618493982975,0.3760445014532673,0.239967223992448,0.6877502735701756,0.7135643674814944,0.4676707372990112,0.4824670368269828,0.5065778334981429
0.2733023742526591,0.2823533692543543,0.3545112486741583,0.4237189132639321,0.7507960393776691,0.3358422043029214,0.2817314030459338,0.4309833289118134,0.2653112084749056,0.3928706505191163,0.6380406091807923,0.4387748382866088,0.6620975969852829,0.4576187444491538,0.7034340883275284,0.4443659229520249,0.4134883163924864,0.5358566247135693,0.6014565277320182,0.6473454522639747
0.3831222803831512,0.3489676190747455,0.3378861678618523,0.3061177077865819,0.2652154665276316,0.3840747103236193,0.3245674878411673,0.454042805571526,0.7811275417108683,0.5865552791310451,0.5187856414084158,0.5904898500570068,0.4823415517769767,0.3187098566274081,0.3757214968636306,0.5157461946291119,0.5807549940371097,0.4297145978290307,0.5353915563796783,0.3907383557934998
0.4101086437842736,0.2520265744246741,0.8955077317171279,0.1836564445386209,0.3319906669390349,0.2064691836643898,0.371749332059171,0.4039019600324038,0.1954734467329664,0.2983886163348473,0.5613502683262221,0.6269746052479752,0.4878425207168641,0.5268927941697401,0.7487042210890538,0.6260127052218815,0.5766060819453209,0.6408604091661653,0.419119580855119,0.3820993389042235
0.4561245788022603,0.4147856156032272,0.4404608720968769,0.3018055819616297,0.6626024139216079,0.2189225199771325,0.3708697698215003,0.2943326806559755,0.3233996349545545,0.4647305817825394,0.6033877858591921,0.1760187222178054,0.3812751334871035,0.507604373053449,0.33406414070202,0.5559510357957546,0.5152265376540397,0.3473865401581351,0.3617701432056965,0.5782247304876824
0.4545317238436906,0.2728362066139142,0.3730802050336215,0.3236334797337385,0.2291933339229054,0.7601413316320609,0.3602528649558975,0.196720445612535,0.4200527592945866,0.3321225679572317,0.6094614499937647,0.417760306722816,0.5893310437945305,0.4002360687349362,0.3548549459678646,0.4838247195133787,0.5436980718953395,0.4994288018340894,0.4917202125308824,0.3888728308450476
0.4433180666943643,0.2010771934062821,0.7712887148508003,0.3192109694141609,0.4121196336596663,0.1458728550166026,0.3767888725197895,0.3054678917741963,0.2231946742333619,0.3845775716493335,0.4941398692610952,0.3823453834310183,0.426567330092383,0.4156204001761679,0.4477097413835851,0.4271108741051121,0.2917285142805496,0.5636404168037249,0.6285901834720259,0.4441012295634353
0.2799516933515495,0.7316777725457084,0.2296809107368536,0.4194853581334064,0.3860908500474629,0.2800601933397801,0.4438439205400281,0.2839008569810788,0.3495536204513272,0.3573976387682031,0.5881275419776191,0.5164180861462196,0.6759546871717601,0.3517032582822256,0.6375256746944988,0.7033992435738267,0.2960425595191014,0.6047622535662186,0.4460535700156589,0.4181926729280936
0.4365186811589397,0.2779893474475646,0.3024789084832484,0.3759183911727703,0.6024593725538963,0.3702143550387052,0.2298305944348863,0.4204982737483009,0.7886462021770209,0.2725875334395176,0.5861235239293209,0.3972049088677002,0.6296057005620799,0.511038243032631,0.5376727134373523,0.7346481464112333,0.6023749036765161,0.6338660162914846,0.3524351791444585,0.5901029609683012
0.3617235950400537,0.1306055440105562,0.3349535810452622,0.3565994457682252,0.796047829850568,0.1220485071478153,0.2601814826363161,0.3393607333183553,0.4290884007050498,0.4767723234408646,0.4616595132790801,0.7231406855934425,0.2975090548253322,0.3861582602055365,0.6079439599385467,0.5993302578513198,0.616384302033145,0.5057381769588396,0.4334767277557141,0.438144933184997
0.4797648466713479,0.2080034020446592,0.3498744792044688,0.7156126930735938,0.3870419640348471,0.3956631760172933,0.3586011374452855,0.304217537908781,0.4596551019266636,0.3002737281681701,0.75837192308747,0.6583273788452033,0.4535297387940696,0.540867402572184,0.5657140550306781,0.7200877505902457,0.6831693215354576,0.5215404175656079,0.5576162278332577,0.6418394691402518
0.3507818870862957,0.3594481192605927,0.3399339064704412,0.3319722457047093,0.6900007603521612,0.3977395392530801,0.359362814124538,0.2749176933661662,0.2001274659236501,0.3776298003593276,0.4969720428616777,0.4590637412943986,0.2662877625667238,0.4879558257065146,0.2582590727895336,0.5964516115584447,0.622620392365994,0.5358139885573221,0.4724797317640656,0.4383521950715779
0.4096892280116522,0.3559110900161459,0.3361638888352723,0.2415972315014124,0.4641134182722957,0.4377819080373751,0.3753427060048921,0.6781027843670443,0.3964991133884207,0.3826605158825019,0.3775166028152824,0.5213027642618903,0.6282948565715302,0.4526695477329583,0.5082301794662905,0.3690595551249766,0.4487297320880485,0.4759503246604155,0.4947521667158564,0.4658019117663787
0.2903040353651054,0.2630876775757682,0.2660121385671393,0.4002483039911617,0.2633021273926591,0.6014042079414821,0.2999111536386035,0.3008246067529642,0.1549103861439754,0.3170259724507757,0.7832841810837412,0.548749772141691,0.4930982009048001,0.4346312878882557,0.4645053595911016,0.6914949467818063,0.4673894053978088,0.4291762701513666,0.3640099749709637,0.5088261718587259
0.2371475361273172,0.4231218367915652,0.6782232741037523,0.3491699307028411,0.3987672797321395,0.4014266734677381,0.3749827590897246,0.1800292480477285,0.3382170547476214,0.3447660391641705,0.335619241158985,0.5216333872153076,0.7455884846042212,0.4830146083945992,0.6487572636654558,0.4982034709922833,0.6377548941493236,0.5444295910148815,0.5524409829573967,0.2814473976419981
0.389239198503749,0.3305252041579702,0.3719779371166543,0.8826636342623256,0.2002189945425461,0.2595499543298689,0.4629974477216277,0.3760258575327057,0.3458156041335218,0.1797980904225193,0.7634149868604788,0.3919341266731316,0.5569254137477723,0.6796996023745963,0.2577293161694981,0.403892149706232,0.6078591345900486,0.2057785978999191,0.5606923964021577,0.577841092197873
0.2705489988897994,0.2054589238419972,0.6855399704560687,0.2660494642569917,0.3339454560426266,0.2566800512122614,0.3811394688898678,0.4181200775876346,0.2426913790807643,0.3692164248248762,0.4024398085471037,0.5465289261775828,0.3813390579530897,0.3055515817145158,0.3675674398543045,0.6785777902779572,0.3771153408706065,0.342997455228564,0.4325934704545557,0.4973190291991199
0.3169912166384544,0.8401093022882187,0.3617546986639158,0.2652120411176296,0.2703032097621133,0.3729130581212057,0.3735214324380046,0.4038412213429581,0.3733032983934425,0.2939371783450354,0.3270537634268002,0.3476455780794609,0.5771441775892279,0.3578739162578297,0.6495804920100341,0.5103275583739786,0.4136250582034146,0.5595125984699396,0.3885895679735497,0.5517482360295952
0.2975863230584898,0.3231767915875899,0.4430517804427098,0.315482039240259,0.2576623277246178,0.7417407692238241,0.3023910146053185,0.3784096613062474,0.4488033318184095,0.4348542801845385,0.3899536307366879,0.4707082877314842,0.4666281614466597,0.6039488773134426,0.4789681736343003,0.6782567295740262,0.5722569711604695,0.5300641488057588,0.3144896506676015,0.3637603937807683
0.3816614706499119,0.2624907051835159,0.3820991774509574,0.8658939362233296,0.3598533325561031,0.2729591883616823,0.2482867669183597,0.4236073191424873,0.2076896229113086,0.4931390702019602,0.6605373963325862,0.4791881722348005,0.5892383740918616,0.5806408693891221,0.4219138885879094,0.5114864022559562,0.478428559729073,0.6196890747161776,0.5390558393101808,0.3454218991251886
0.3072298535405873,0.6617282009118308,0.3754903077082254,0.2913569753994916,0.3545779227212719,0.2960974777440307,0.2609305175790779,0.3028394188918425,0.2087569509610851,0.4142169903874406,0.6709425327717397,0.5109080012382955,0.1876725629179583,0.5006909328842343,0.5255984672319907,0.4514385833686914,0.4728715472791845,0.4989413557940457,0.4148294302768183,0.5132387972085451
0.3043357856492773,0.2735068367440204,0.375461411545802,0.4200550121426641,0.4915772556712709,0.3223273349641208,0.5288719550597061,0.4775551909616171,0.3382596664413436,0.31854722922792,0.4661039692716684,0.5719505722211096,0.6001108745413034,0.5201937298484935,0.5251094865748301,0.6957581001564737,0.4588967670879285,0.4974839469391263,0.5183602912308932,0.5100105331848306
0.1528645798180156,0.1928088495585303,0.2091984802479007,0.3342532163232226,0.2360652421344824,0.3399528710355141,0.3543699149435467,0.2399388683355091,0.344770233427357,0.7989206995274845,0.6513489508609083,0.6471505748699664,0.3610435512155934,0.3058106533307602,0.4070383457131227,0.4946762976117599,0.4574193346149417,0.5249776475631228,0.5001703265669171,0.2360304920697322
0.429383171393459,0.39963442626947,0.2777899655525435,0.4138548726894158,0.2467564836649398,0.2085812278504802,0.250882821462318,0.8325982367871517,0.2940204007360845,0.3258921623948955,0.6557052194366424,0.4173549044049445,0.7040835693564379,0.3962065889612495,0.5624962860157162,0.4883721219656406,0.3313383474457831,0.3368111362602439,0.5147739991799387,0.4238608289978385
0.4324073027666258,0.28775517429052,0.8250948792672872,0.2913094225921816,0.4318651464503994,0.3742811517069339,0.3515704374184165,0.3934602734327039,0.2898951758571906,0.3364367850707928,0.4183000757160166,0.3806758527580912,0.485121106398445,0.4898017350374778,0.3927533784705445,0.5285789624589705,0.3591377184923058,0.6006981694172665,0.3520879019927021,0.4300720506820372
0.2387051515156895,0.2483778717960956,0.2594401107077677,0.3507454306051303,0.4055384250882634,0.7045978335537838,0.2258093502515171,0.2395419672687293,0.1849089956705152,0.3547340656101915,0.6044107582460088,0.6488126825612881,0.604641342486643,0.7351593997935972,0.3592172175274185,0.5635209508693431,0.5064014619159166,0.436678705995994,0.4083152551361975,0.4573271043772837
0.2989741069145483,0.2472868798760879,0.3553912982270412,0.6481402597217412,0.2363869380498428,0.3625552653835076,0.3169738116675835,0.371089557555731,0.3401384307901621,0.3385362866043084,0.5244660289672496,0.5492894650508322,0.5482100706288529,0.2361404880827602,0.2256136009222261,0.683769324583347,0.4702446697314172,0.3959395587204271,0.5752938382829788,0.4978950104179847
0.3754856253025309,0.4579243078631224,0.3544868774349149,0.2980565457458773,0.2995790611826984,0.2608981234200929,0.3767842136441832,0.8189041743311595,0.4768801176018765,0.2640378779272564,0.4832473314210015,0.373760633259546,0.3977766507080958,0.448910180186967,0.533896984209075,0.4720080795155496,0.4565041053749349,0.6327895703133846,0.5146654905069489,0.3130031046793181
0.2974515954677668,0.1600578301016414,0.3974878927798566,0.320014085806648,0.4364832084436745,0.6726629885296818,0.4544922362137408,0.2570006777126845,0.3115933098245363,0.320822387004671,0.0416495237161056,0.63914589064345,0.5815607773011808,0.3491954963103735,0.4567908410932415,0.6196733827994417,0.3271509314849786,0.4734859790084539,0.8181247279785748,0.3833706851332075
0.3493026940971548,0.3122751080555621,0.2292998613853338,0.3732487309448551,0.2107384500081938,0.2767919874016604,0.7434698797398036,0.4046556297857701,0.2713087984429643,0.4614440079909793,0.3726925747561159,0.4589505877923217,0.4459564109135767,0.4649846896154153,0.698223159933493,0.4214995763738585,0.2810982293372751,0.4988267135046914,0.3679499665572922,0.4488824214108022
0.3407594844925229,0.3289548566390697,0.2869973568230438,0.603512456975246,0.4296988370122969,0.3411417969918244,0.1778770933795699,0.3688769521976273,0.2996999687705611,0.3667447263722565,0.3451769299824462,0.5019420065074615,0.5436177459649613,0.5368672616158223,0.5770889189733843,0.4466082348685818,0.7277368250064924,0.58371647949494,0.3892869760200054,0.2587209776014888
0.3023910618461178,0.627462923325255,0.3551467707002751,0.3617092977012761,0.3753181040800465,0.1950776022119773,0.4131104433074773,0.3448561978216234,0.4551937445810281,0.379325290030897,0.3858201469277111,0.2867498794339977,0.3831480307375862,0.4147015211130073,0.520940035849534,0.5996562908550853,0.3792433414762123,0.349311698575601,0.2314466330731821,0.486716577748585
0.3055441019002869,0.2231428743936514,0.4262461018502615,0.3744060955516202,0.3632934636111023,0.2618380496162726,0.6382880950448071,0.248066318933424,0.2091779489266188,0.3724031331015807,0.3422487220283413,0.5098569258648735,0.3742217344834055,0.3318506355007517,0.5894431094508381,0.5873463288219785,0.4045428338769579,0.5380974784604997,0.4765714124668645,0.5461037246426834
0.1508633807812378,0.514857444152748,0.3059103987572943,0.3371923050162372,0.3151732978875474,0.2881252180169466,0.2735588580133624,0.2278322841272733,0.2888300738595498,0.3837553092969192,0.4690484954846274,0.5735647961428316,0.4425842586266844,0.2823536805650302,0.3361816793211585,0.3632635198656906,0.3112275778005338,0.3113560795108019,0.3109677265707198,0.5195015994792589
0.3647278055567556,0.2754482001566768,0.3906304962413402,0.3934202927108837,0.4006802546695284,0.446388473878737,0.357753621713318,0.3477241710467761,0.809830259912856,0.4071813377988795,0.3670592177827674,0.4368477453671171,0.5703474408325196,0.2603584675608011,0.5266357899802029,0.3029411112934421,0.3683235893352617,0.5229302928324836,0.2949778735878408,0.5843872389130556
0.2695201964263237,0.3135051027173837,0.3196951785095888,0.7741753050541402,0.2889901696647553,0.3347009902750071,0.1284802101609128,0.2750164497385899,0.2119594652070179,0.5272822691523762,0.754748946835772,0.3468629078919239,0.3762658227674748,0.375771898054781,0.4484186175238053,0.5125513354230588,0.460415822317156,0.4511089390373583,0.3553217122741137,0.4062615443789953
0.4363538148831665,0.3583221994725572,0.2792237738091295,0.4051100047704528,0.3641355169792877,0.2782235084202374,0.3321277143096413,0.4186921603561117,0.7402825604562184,0.3950271976263912,0.5982032640847688,0.25628810915603,0.2690822431233849,0.5288293031356017,0.2704560598843065,0.8337212243224477,0.6120917764798346,0.5832802239369727,0.3789575090891655,0.5907335061765107
0.3576915767627535,0.2731467239114404,0.3549677690339401,0.6996320889994155,0.3496470889262075,0.3274288792687065,0.1537517676047373,0.3643153082147411,0.1903741988326035,0.2212231325508479,0.5366239120671461,0.3381593604927693,0.5016836690458677,0.2881713026108733,0.4797399453709581,0.610060925417097,0.5224420495748021,0.6351407834424515,0.3419212539816475,0.7091376466054268
0.2355216472488285,0.2741126700499233,0.2484433825042737,0.5381298910989432,0.2819654900154125,0.3597803277466576,0.1648075832528343,0.7740489738191506,0.2871517026956093,0.4169807299191383,0.7370700085248945,0.3969336295465425,0.4059203475384588,0.187680666252594,0.5366013901785406,0.6850991976186616,0.3503811350167925,0.5153100289588869,0.2962882228023561,0.3666262083414641
0.2840797996336582,0.2781207967138563,0.4752657344012255,0.4130416288601202,0.7442378825371792,0.2109607368214623,0.2781353285198525,0.2260958552521328,0.2621220568887375,0.317315858256845,0.5104499960863087,0.4934196311567727,0.44657592968925,0.4252289774531291,0.3673865429864107,0.5098455997776328,0.813337243555975,0.3949767572516767,0.4585054787687574,0.3869050278883114
0.7978705529853334,0.3236875339092433,0.1653603328763598,0.4058949649240421,0.3029444655153512,0.1803291232331768,0.3541619287914155,0.4235441355291522,0.4035899789831829,0.4130782774110286,0.4562275063838691,0.6584905525466831,0.3103202965631904,0.3191488510840343,0.2732460190334981,0.6439842488530132,0.4718307369468892,0.4900475162271392,0.5545316378972847,0.4159935627082972
0.2483050007537176,0.3686820864914936,0.8393487030675348,0.2576801506188035,0.3940458860001327,0.2407136715888006,0.2820364563181846,0.2638543987926796,0.2021194862307631,0.3828593148592397,0.446741729823587,0.6177216018046634,0.6626813640453778,0.3627089064337557,0.4810779828805018,0.5175247571416197,0.6725626695835344,0.4977896367364196,0.4842627927827272,0.4905624676972608
0.3072914041500181,0.1792496198503972,0.1971058211732271,0.2086113479910322,0.6701401828433066,0.3451020191017298,0.3265090043061364,0.3151884117245411,0.3500155627626335,0.3172262051030425,0.4480538163500237,0.3655585129102983,0.2399027881581423,0.3669797371877511,0.4844202226440603,0.4749322833289133,0.5956970810706452,0.5521977197471014,0.6953445551522025,0.4410855279086357
0.1590591244375933,0.4582318311991638,0.3532011433616639,0.1515221750232276,0.2866206368604782,0.2367781761582374,0.2007807097168283,0.3254542363506911,0.7588877541522234,0.3532228904777346,0.5852829695491489,0.3972476329738457,0.3500319294167459,0.5405240943527798,0.5381457187889368,0.6475817537746292,0.3491089011367727,0.4253076262519993,0.6007503858932026,0.3354815153931267
0.2171022030947119,0.4144110595148923,0.7429474247726379,0.2599502856924676,0.3816436202203837,0.3978607186407125,0.4164542293890705,0.2455020132172417,0.5042791069782431,0.3724169323849201,0.4645412846847596,0.5851018885264169,0.3520875755379623,0.5718711636752034,0.6047714510594486,0.5820431425168686,0.5156670348278488,0.4808123328594978,0.4175548463456658,0.6674868162078956
0.3922330111906471,0.2737474953496486,0.2805782287994539,0.759313219888051,0.3985212571728278,0.4033981176370034,0.3969928647943244,0.296034002487806,0.2590714468922248,0.3743212482638486,0.4441211453326372,0.3131630373679394,0.5458174512078168,0.423188829188508,0.3184148228244795,0.557230561740207,0.5687942334069132,0.5595828011178654,0.5678925813375422,0.6246294103138134
0.3226596445225275,0.7543460198541747,0.3265686682850371,0.2243219302230039,0.3718302064654072,0.2575545166066442,0.2407276638712193,0.2499504521585801,0.3240895700915782,0.4067873198011426,0.6588816428393042,0.7262472456284221,0.4859580533247394,0.6901028108006374,0.4765551004433744,0.6964257018223283,0.3369434239733546,0.3596163312407164,0.4184592156955685,0.6302273891034024
0.3226881503243026,0.3866288920764336,0.2713934906762145,0.2976475825053832,0.3663028826065491,0.4402395038855718,0.3177744193803037,0.2680362384374103,0.7504875552199927,0.2919483519115652,0.5634417816700193,0.3755336332464925,0.4800481358717062,0.3616881954209345,0.6248680523404122,0.5080899118953037,0.6918988270713344,0.4846307465263735,0.6026084493942272,0.4343408097874144
0.2729285718922366,0.3121769419183666,0.3709498930899291,0.2897269748193688,0.2295107525037126,0.248455546608057,0.1740713967331059,0.3941179098419229,0.3102525143893087,0.6714976213451984,0.5067944230721957,0.6443989671407244,0.4471295665967236,0.651433872164889,0.4430627738676522,0.6170132313837131,0.7411384422105799,0.5678964248093017,0.3523544388320538,0.5103923207313744
0.4051510256530294,0.2965909016257759,0.3923645953557995,0.6092865091249756,0.8086741227560873,0.2414525419466389,0.3115592422064272,0.2242063720207765,0.2319182003437884,0.402981612706069,0.4973195875160095,0.4397201078184494,0.3913349009876105,0.2912678531867199,0.4534523809122824,0.5415849268320083,0.4436785010754525,0.2678053630776758,0.4886391091892149,0.4085601039211652
0.3357389322536452,0.2362212329178699,0.3595933068697884,0.3657700743806918,0.229655634088697,0.2780718756488345,0.729061593780962,0.4208648916833074,0.4217840764529678,0.3568190628670432,0.4506692155377692,0.7054004235099087,0.4696145762612774,0.5227215224104894,0.5474433664601027,0.5655338588765034,0.5728614012157598,0.3829085034819853,0.2410867372281627,0.3921502843708899
0.3155391848474518,0.3220345613335464,0.2920769707684973,0.7050291661098447,0.3100699624627034,0.411432417917709,0.3679608967936514,0.4136624507489488,0.3079930419325011,0.2359708007971165,0.3664286635188191,0.7854447259017897,0.4522258191411819,0.3271563272382302,0.568334552794487,0.5282790617262838,0.5789979676001452,0.6856940865371777,0.5259837081934179,0.3260250188426588
0.3374473453808855,0.2918914136902323,0.3051123700547538,0.3251566539797232,0.3800101427586643,0.3594938249081801,0.2872903743532041,0.3377244150268587,0.2755730961845427,0.7495054210404404,0.5832571670273946,0.480527973105169,0.4250040535943076,0.3637189837131361,0.5955300722507775,0.4950514204610891,0.4697534235893584,0.3461070100245203,0.3475758292965576,0.5159686613733085
0.352175616469188,0.193769228962822,0.3003057508081675,0.4763273234198017,0.3889446105895316,0.2671751000296727,0.4426398025767348,0.2850533566410894,0.3055924529417885,0.6883762854280372,0.577990932237133,0.450667651970482,0.412422605422776,0.3483886266807314,0.4161355385772544,0.589847921159441,0.7706574522764598,0.459253235818731,0.2613629022984093,0.5026711015336183
0.8073110641872775,0.2785171966972498,0.3816099534124621,0.1896619835741128,0.3342189800167626,0.2755230516594792,0.3755450834483939,0.1921044751985412,0.3941983295477039,0.3273938125884558,0.6918120992118482,0.3810232188935162,0.6333932498371068,0.4775572093368392,0.3955291931133204,0.6360940716118347,0.5768323762632996,0.2762558509589402,0.3299761961516146,0.6172939975418104
0.414852477397489,0.3331933926855844,0.2180187954200344,0.2515231606840632,0.668558537737018,0.4284335961994565,0.2730289574860298,0.2839948532331249,0.2530107744633543,0.2751665654247615,0.5186144789180137,0.5671245525301104,0.41896539541404,0.3207252754976273,0.4433642470380772,0.4974468902637817,0.3423019691989051,0.5779980287905877,0.5552335869336325,0.3253632727215216
0.1212139797312427,0.3327115051459081,0.2613710968940032,0.8335501639609784,0.23400379510435,0.2806547004087631,0.398888766916805,0.3021208778744647,0.3019386735675764,0.3204741065977676,0.5046964177805787,0.4366139385285109,0.5692440393319793,0.449581326130981,0.3009461518620041,0.4968590642919844,0.7709423226093104,0.4670713976155782,0.4591670659097075,0.5701741107010074
0.2967861218913019,0.1181703102257449,0.372785705380402,0.4345930601994249,0.2600534748265075,0.7113276364212788,0.0527296901044954,0.3725438578406895,0.2777927107470899,0.3693625883863272,0.3323517971687789,0.4824655202505714,0.4842528395764632,0.5909327524113773,0.4976740141576218,0.480502750837302,0.493837096308266,0.2652598151624381,0.3845898330866839,0.6623733421537734
0.3491264448192656,0.3897305551253654,0.6987436163787002,0.4363440484121081,0.1971934520275457,0.3500527770396336,0.2671292212648042,0.2930749127009556,0.339814499324082,0.3992164289218795,0.6454353599236183,0.4070322187564381,0.3753156745223614,0.5727938247224915,0.3404094165483892,0.6161491246348116,0.4016855449546094,0.2244932977080688,0.4057166085644191,0.3908160441349967
0.3117372750151472,0.2559665173966154,0.4362178518095205,0.2391514531494762,0.707280474314251,0.3104216044717944,0.2985288621548164,0.3293789178715076,0.2084123160301109,0.2834724932023325,0.5898939887784975,0.3456151739739518,0.4425252566338545,0.5225628864183266,0.3114918488624724,0.4434029196817006,0.363753817963621,0.4406902833399315,0.56032172377866,0.3986932794051842
0.23450470781135,0.3097775742133156,0.7726804546752857,0.3091773456123328,0.2213386833802548,0.3306828148160194,0.3769772529638359,0.3362566528472453,0.2872043186676077,0.2429187251852402,0.581670127054066,0.6403372122429742,0.409469431078292,0.4624900489365241,0.6035530318206938,0.5617112521846118,0.4651985445059761,0.338152777094405,0.5454109268217291,0.591112870380985
0.2396654043639061,0.3131454955035256,0.4628907597686511,0.3298783661285925,0.4172947509385298,0.2468860541181858,0.8114139692181187,0.1118876666915996,0.3405065258349778,0.3057935755628067,0.5858696537116013,0.4359899705336957,0.651682806066177,0.5505083009181309,0.5747472578959641,0.8476800359819598,0.3416747279358069,0.4512088475247322,0.592275854890139,0.4592956456842972
0.2222890120640114,0.4515192756792561,0.9274365568125456,0.3022008114907618,0.358121906831888,0.2930054231581595,0.2700170882799891,0.413613205910357,0.4394301548304024,0.4327573034248693,0.3481178316841791,0.5914592346416326,0.4537447124178936,0.2659511055631046,0.5823486969684011,0.4181737976190313,0.2205574375640062,0.5772056805080342,0.4137490661792702,0.4969015864122124
0.2908503350215826,0.2748127481443978,0.7778394443005039,0.3533207009926133,0.3901821163011887,0.3820968052265658,0.270485691881857,0.1832267365019752,0.3463536399666909,0.4293125238963726,0.557948424943136,0.4906679421660432,0.4751374279792111,0.4590284654048852,0.485775964703511,0.5585263303555927,0.2563995899247249,0.5745508961357,0.3530248106378165,0.2458724106556903
0.6389632667233245,0.3484504842215679,0.3735921058433769,0.4475869399232762,0.484671987238487,0.2481397829694484,0.2055161133244939,0.3416698715226698,0.4979697264624672,0.2839343675297469,0.4136480983931712,0.4615309772605964,0.4909597893754519,0.2388641891188073,0.5986352507973647,0.5795554528050324,0.4486898044089621,0.4729754631388226,0.4282877763056801,0.4752687483256636
0.3493116804012389,0.3536213115623258,0.4176933641629734,0.3381559553708661,0.272276133636186,0.3549870512814118,0.7200544431627699,0.3487944129004204,0.2141184757849156,0.4548805449007005,0.7639501984410593,0.2994984069631916,0.7575812959334141,0.6493777538211757,0.2773410501453643,0.2974286781671911,0.6820485489983994,0.3488663966507529,0.6230825629758103,0.2503295772891323
0.3014994943764068,0.7207216653143331,0.3886285580055077,0.2943972115462924,0.2651598128936292,0.4220442985434486,0.3306204078886625,0.3517647937594591,0.2538114524933911,0.351390362234285,0.382362134565483,0.4588186490558362,0.5857446534757738,0.4136090633316808,0.5181967322237444,0.7769003211426567,0.648186595808555,0.4779866021392317,0.6396020736641977,0.48289909784653
0.2933538000096282,0.2143356821658438,0.7426729488268726,0.5490732602915707,0.361836962173482,0.2309144156384003,0.4054304157509076,0.2878083756673791,0.2677716291956077,0.2931421947646116,0.4514176643689228,0.4673691663281034,0.4825852870885341,0.2262688388449699,0.4037328756525286,0.5027949170250277,0.5733728502829467,0.4744115942903334,0.3829310631157485,0.266375330089628
0.8076793628631502,0.3999432857408331,0.3815955985033594,0.4207948633663213,0.2820025569030802,0.3594371839215343,0.2750408989588946,0.1115999454046356,0.3561945370767488,0.3611094322852477,0.6394603414291297,0.681300613191979,0.3685954753137397,0.3896342415196704,0.3987664349925192,0.4705792800243474,0.4374000668904546,0.5191535418674015,0.5095382416709522,0.3995319293933734
0.9254797622952688,0.3773926942265886,0.3093367448802554,0.2886982708600038,0.3774290762636507,0.4985716324573545,0.0924105387761498,0.2653918838857459,0.3442959745955942,0.4115231000391045,0.5327892537381561,0.3989787511502959,0.5363989124188081,0.4607888179573727,0.7383207789656228,0.6641730499085874,0.6828433937446925,0.3260313538479072,0.4070807454626905,0.4042369722590839
0.3574627972028328,0.3482837425049302,0.3477377233620928,0.4454538615719771,0.3590251351864948,0.3552466241551853,0.268757723422991,0.362612935836526,0.4810807821157792,0.8070305935306448,0.3319494697563525,0.5098829615934486,0.4137422297763638,0.7577162274918929,0.3176445021840821,0.5382013395882441,0.3799231759824611,0.5194376882504486,0.5946745198529274,0.3038677708287667
0.408037839257247,0.147882743038681,0.3455860656598845,0.320776546436058,0.449060107887465,0.3294024562779353,0.1871178273518785,0.3387094031790063,0.7037456387598892,0.2104065094418437,0.596866544605535,0.6861016340081404,0.3880505774615465,0.4371471129419819,0.2729129474559687,0.6196936835030347,0.3730265477086236,0.5298472151841597,0.4360750721153959,0.5667064576564361
0.4735627684932559,0.3536373549215724,0.4161486348506757,0.2607842656403424,0.3244973092809382,0.207731459613455,0.4623649500975968,0.1723444054255999,0.6936457420282527,0.3327393039617686,0.4565963933160681,0.5620276904566257,0.3723630271390701,0.2440220699905305,0.6099582814119207,0.6741261437296233,0.4980074960222094,0.4771503639422404,0.4950223799147496,0.61455570799628
0.3066945291455524,0.7325884456575331,0.3203902233214913,0.3639886305481419,0.3039700879968533,0.2569434242996432,0.1945195474423549,0.3954426316464428,0.3344782265129148,0.4735118254216182,0.5318175614982734,0.7242024649994641,0.2455150762608323,0.5626716299619363,0.2732176350762519,0.4411478495334214,0.6128167924275729,0.477806219251943,0.4138555424077776,0.6257626611448102
0.3567514585639902,0.1451158730709917,0.2831939445172097,0.3561967068733304,0.8641846305526348,0.4568700845706996,0.3907306439444154,0.2067743768079709,0.2967882670689275,0.3836063089636864,0.5956247108858468,0.3456391919183843,0.3812310684159388,0.2310013043954875,0.4650455311837934,0.5020962725286409,0.6241892219175151,0.5931383161184589,0.2099967058195964,0.4692809654447943
0.3107660658988535,0.2367979151760285,0.3474113046906872,0.3693295037712036,0.7103097379623806,0.3192203264496139,0.3225714609201489,0.4611359269387692,0.4140375964732842,0.237664881628541,0.8475374848133648,0.3878399307213516,0.4474697553115838,0.2883830618629086,0.4476908066052146,0.4625465676833615,0.6670321527028766,0.3662727074091029,0.5595996676891254,0.4700935713173581
0.1913552993546712,0.4153448968938756,0.292503060091861,0.3339002572832045,0.715110340742144,0.304305539223168,0.3364922230764138,0.3741940714470691,0.1468076046533814,0.3614060187376967,0.4514777782348186,0.1828020168474041,0.2678825685553589,0.3628422383756355,0.7212734416954837,0.8092511599118726,0.4222461644225377,0.3340160472901625,0.544966874331958,0.2967910417890497
0.4129508963415543,0.6578951347064492,0.4570324862222297,0.2401817954564214,0.4466313275500292,0.294547805944876,0.4118965174524639,0.2930361315440881,0.1976164133388002,0.2522554922108998,0.4616353737945563,0.4686576019166117,0.5810930897254698,0.3911632118024264,0.4456429658933198,0.2421934097075066,0.5108601914954739,0.2397314856801048,0.4434724800426438,0.6665141336304656
0.4170659545162076,0.2976915756002272,0.3450083669880092,0.3144388058578435,0.5591925916251927,0.220258319756635,0.4145450850166562,0.3942598290808808,0.1638621769189178,0.4180849275569329,0.58709195420992,0.4071023225169158,0.7364265613445926,0.3066833037524259,0.3623029115159102,0.5478238117840296,0.5253985943922379,0.3853320156657115,0.6073046567388163,0.4194107876306239
0.5126018856978939,0.232846615182006,0.7643432192843991,0.1869229928341591,0.3311614015211584,0.352072872849013,0.2623649930434171,0.2429000302342538,0.3257390701687751,0.3842871801843868,0.4794399731918844,0.4427242312155415,0.5451612076083824,0.4228112259297499,0.2559942268926791,0.6017724089582717,0.5751812251400145,0.2067539045135043,0.289397823588398,0.3720093701005438
0.5241705435916941,0.2615281762045375,0.4135053939737729,0.388491069757362,0.241362617355643,0.2974964665100243,0.291801794660231,0.3170735620717883,0.6976522749625125,0.3348839193691311,0.4467603706392878,0.3406667026473025,0.7010218990871923,0.4124720982296785,0.3760858448708181,0.6362533361097963,0.3928459698888415,0.7470637471384876,0.3122521975079523,0.601951540756901
0.3361779221945077,0.2167565708718832,0.3378685497840382,0.642802703677257,0.384084209249527,0.3913108539801108,0.3487709061241246,0.1965495376334275,0.3970946983929926,0.2144729568557492,0.314157094046271,0.5125613251437957,0.5582835540147396,0.7466319389079694,0.3033304562197038,0.584745571833888,0.2929790841962931,0.5334437172281495,0.3054894627329886,0.3674174225373375
0.2947276876991377,0.1797550628502879,0.3585254429842386,0.7980900958952538,0.1841549077775702,0.4012219849804932,0.2892181926382072,0.4148582719980156,0.1922418029078492,0.4106257161532591,0.4731932288514611,0.5192095480464074,0.5003381039195802,0.5133476183244065,0.4283329365881071,0.5255899610337949,0.2867033898327783,0.3707295147224867,0.2927621438555122,0.7722127973831135
0.2672560144869267,0.2748288066494151,0.3026503728053039,0.3317156301647982,0.368385175461408,0.3887580317110283,0.1847673040588315,0.396398408700425,0.2261177351791323,0.7032566519930913,0.568655286910508,0.4534188554879538,0.2743702670220067,0.7304254829871878,0.4696903947037648,0.4886422730550912,0.5113665191769973,0.3581470049171501,0.3815837704354026,0.1761533406727843
0.4234027121175791,0.2598423098791314,0.3600579700282916,0.1886500581810767,0.2463463621287435,0.3423447365024769,0.3631450577321046,0.3481922110925692,0.5404604810252553,0.2635640905722192,0.7038612446577406,0.4318974564763848,0.6243090973635618,0.3533505083059273,0.6108376181271918,0.5722748842552821,0.3491698881810192,0.5262346295761733,0.384458341324046,0.6251292708294993
0.2223891172936442,0.2248625928694093,0.7317120391004683,0.2507893633308543,0.4063594455197845,0.355323886969622,0.3465793695234728,0.2020228245483155,0.4194985130167658,0.3985455105956627,0.7021440450866419,0.4978893018065642,0.5206737646140132,0.4747413044006594,0.6153517417844672,0.2622458952829163,0.6094720732872096,0.2935817846697895,0.434190146360966,0.4406419446717634
0.7605135892999897,0.3402219540798046,0.1862210898892046,0.2978840180550956,0.474620547892763,0.4116849966626713,0.2995116678335315,0.194405155591386,0.273846818871705,0.4712459372582566,0.689353158133507,0.5289932691640437,0.5334154231411041,0.5115811292636033,0.6106043626596029,0.4999436057821921,0.4439834571453425,0.4056739452464234,0.5851101134901892,0.4222328212415827
0.253442698363072,0.27209642374762,0.2998889320986234,0.3741614489714326,0.9066585364632485,0.4291947841973514,0.2153953946556084,0.2932469842526695,0.4342703928841128,0.2347787454404306,0.5596636075154254,0.4273771446169913,0.4310610275215442,0.5289317217437719,0.5052991883039275,0.4709556230242646,0.5270721604152663,0.4033971737377713,0.5664399444764299,0.4126337651072788
0.3720594450071946,0.3579839300219871,0.3252762474775323,0.6943681314189333,0.1555348336988664,0.4034900466738099,0.4002034561682548,0.3211844854059694,0.3115497300156017,0.1770976828214359,0.4876684744805714,0.4070988420799351,0.5503361466920015,0.5752118988820197,0.62374901759095,0.3746219128221895,0.476227751833372,0.5322535841539239,0.5848832026743738,0.481482359720742
0.3359063940705308,0.2202521344134369,0.3544165789855534,0.4609776492962415,0.3418562406181237,0.1958285822557389,0.7685239339090921,0.3193377164100214,0.2953766432713862,0.343388645581853,0.7359004681558394,0.4877777163938268,0.4600201754624836,0.3271918985156049,0.3990447316710493,0.5815968080256063,0.6335480027160879,0.4078612488999035,0.2761781142442681,0.4643337751891443
0.2132492508379924,0.281270875569526,0.284208722150357,0.3290329610510383,0.2445160675298642,0.3264814450999734,0.1497454200821915,0.2788138610468531,0.7995914531245369,0.3287449226945713,0.5159609637137724,0.6758706351173994,0.5261240488795043,0.4670520407393549,0.4091823456498188,0.5622996700408591,0.5105421018470195,0.3821339579535201,0.360401425980746,0.5186238750076934
0.6794519010029718,0.413766642810432,0.3518219557884288,0.3340261327599724,0.4329523379479207,0.4093158606804381,0.2132683594700089,0.3559015081147528,0.1821780078697394,0.3562121411131821,0.5304255101466344,0.422750315102433,0.2849517527759631,0.5121710841196447,0.5913543513772512,0.4318022845244341,0.4196944196997284,0.553822671413965,0.6906794220233163,0.5859107716921144
0.6960091524427594,0.2214559854736114,0.376067507766014,0.2871027080069022,0.1821106439940119,0.2682625419153369,0.2044104763606625,0.3474342593828546,0.1783332618882951,0.2790814580583292,0.5460550793336937,0.501285753103254,0.4878361341329646,0.7196478071701012,0.579923403101977,0.5569915703087965,0.8278786776374626,0.2477292085697165,0.1307922380468364,0.2946377114770608
0.2568439157668253,0.3518095510128419,0.7860569641038924,0.2560595474895874,0.3210737765775468,0.3300041447214229,0.1178481838016899,0.340988485859648,0.2890343188258227,0.3078934698021152,0.4700628199551566,0.5679772539548203,0.3690725188827237,0.5932140298400617,0.3262465334634697,0.4562986587331705,0.4217799947070039,0.4832259818679293,0.3921873163149648,0.5520658674610442
0.2142473832303988,0.7109204202862398,0.5484745781594698,0.2645348864703267,0.367332504341908,0.3170825646378147,0.2811049782970412,0.4402558581076367,0.417354208840722,0.338451748979522,0.4663217520626032,0.1308179263058546,0.5136677083236834,0.3112439111074199,0.2779807039116557,0.6147492755115169,0.3964794524644468,0.6528221548523567,0.5775080032765368,0.5106833251769405
0.2484822856102092,0.302307043955407,0.2748992976955295,0.4194449035307012,0.3246427047298646,0.7517865740552931,0.4504258174571436,0.3496131837952947,0.2226547814573006,0.265260563099903,0.7005692865778832,0.3676364452576323,0.5000434546813765,0.6051060075838042,0.5368770026288784,0.5409013346922827,0.419779004409839,0.5263085278997576,0.4939393915778323,0.3289647773039289
0.3913223839683651,0.4395263035946096,0.399562985543701,0.3946501222056717,0.2923091825214765,0.4259105710104447,0.4055433893323748,0.7673367674103411,0.3963630478954739,0.3735390138588027,0.434264109610789,0.4815654897502841,0.2445307092773724,0.2387320581340727,0.3371010303057277,0.6240102097697647,0.3012570577091402,0.3889731413498545,0.5634972415016876,0.5707380676005502
0.2701647957306464,0.2582052458367816,0.7588757728256506,0.4656031732175173,0.2838315381311215,0.1842791521109492,0.2746370755000349,0.3601431262399229,0.204746055100525,0.4141476182905896,0.5387692166251014,0.4688712319292845,0.5640465860348991,0.8320594084100319,0.5689533148473139,0.5178043122558442,0.397254845736249,0.1904408656236384,0.4367263426268344,0.4444040554928163
0.2594517580419859,0.28377283604236,0.3809168471077893,0.325357777359306,0.1396448652744943,0.399148375681314,0.413454557046898,0.4483496722418567,0.7433928083413941,0.3384687202940921,0.7864642345342542,0.1980017483425196,0.5473970670617077,0.275211264891932,0.4344530484513229,0.4750252525806218,0.5250940990751661,0.5043356052821244,0.7023564119957739,0.2348147471269603
0.2174183974608199,0.2818632699912584,0.2937039312007842,0.3674830047126488,0.3882726165123615,0.331086489687839,0.7260768016477824,0.3390634175664403,0.311322495464149,0.2957804746116599,0.5332137710198693,0.7116027971957847,0.589273559076785,0.6409896352197877,0.4651321675937099,0.5850596802512454,0.4334657289544741,0.3710535032289563,0.2983116376698251,0.6003119754770114
0.361667269668127,0.3458107156144593,0.1968830933399385,0.3924984075096011,0.164489820758221,0.7568956199685506,0.2848966543955764,0.2630757372511003,0.3996145073975382,0.2578623912527528,0.5376638638752833,0.6940000103783809,0.4439838161218869,0.5372114670400179,0.2010439284639184,0.6423557880725009,0.4641783670884946,0.3329348590223517,0.3803662850194072,0.6049723829000151
0.268572497321438,0.353429059030923,0.3247713038101812,0.4451597792789485,0.4395478204699698,0.43279034576593,0.3054777816745566,0.4726773563098376,0.6865576379083854,0.2664065350408438,0.6260495997314567,0.5578099973516588,0.2975454744678157,0.357970168220711,0.4395275529227324,0.443414865898349,0.4696865558593239,0.5559885203331013,0.7639648882414596,0.3653081066513458
0.262269798447802,0.1953472417418507,0.374517153897675,0.307619577867093,0.3650384169203479,0.2082588810361062,0.4307685176936044,0.8540813706694069,0.3643865843291433,0.3655568332095086,0.6018638590095094,0.4068480703923028,0.496879542278335,0.3958621349261172,0.2672788795604318,0.5286783882137354,0.328976572479952,0.5839526734953221,0.4804326142059039,0.4365141350660119
0.2112772419562041,0.5497911372433222,0.3020642832896041,0.4441150564541732,0.3349461233480589,0.3172232611049654,0.4350423749172812,0.4613321343817006,0.2401498117674043,0.3390996744383413,0.4074210727102225,0.2419063107762346,0.4810214399315518,0.3341601286505469,0.5268375153181585,0.5151255462105185,0.3992394434091962,0.4734233617556904,0.3324265821181505,0.6298043750937309
0.3823365238135418,0.2983174890930363,0.350556522403709,0.3519743861542804,0.3248203708784888,0.2054229691334625,0.673054960260235,0.3226832963228772,0.2748147777278832,0.3281882883369648,0.4770114555044606,0.4442917688795881,0.3982022338250712,0.5640937121003701,0.6869392773554674,0.7655676903522834,0.6167161443319005,0.5668795597882738,0.4729730165065242,0.4918508797987664
0.2063713143694913,0.4470176317977923,0.3429763412200687,0.3375008696681946,0.6374228215640088,0.3024890402841542,0.3152461445762184,0.2559218319648117,0.3852448737533916,0.4020941157886643,0.2064303963211793,0.4544791662704873,0.4210702915207613,0.51559081994042,0.4318378262202336,0.3738522434694783,0.4396435130189267,0.4530556352188397,0.6086353133077839,0.6865584246804759
0.9115795051409769,0.3258048232547346,0.1952700814231568,0.3905367138726344,0.3998979538641401,0.3566484670415381,0.2528228332271796,0.282237555893123,0.2698261828284474,0.3170917840353588,0.6131627705962585,0.6219833957780951,0.5240212993423844,0.4481416707407197,0.6035052960243198,0.7184232149456623,0.3256025241836565,0.4261378895368907,0.5457612729309502,0.62000279224565
0.3301115666627629,0.1989394075041536,0.7548366599505623,0.4415795919895668,0.3358986602982755,0.3422700288469104,0.3169683715670808,0.3487154051003912,0.192407766060226,0.157620834820949,0.5820844396457534,0.5258777846397433,0.3749322982807453,0.3479691751399397,0.5733489647407946,0.6544044381359766,0.528128987953626,0.4032628257151225,0.3119966852871563,0.5294795704452999
0.3160793409434723,0.2327962125095301,0.2783907200075266,0.3360977751600291,0.3141638727467893,0.3136796563696855,0.2321489449109397,0.6804697675527797,0.378750236239442,0.3992038855635109,0.4633774967092528,0.6028035057545693,0.4927140545898283,0.347132221738018,0.5845516414190048,0.5669562284428651,0.4620836988073235,0.4991029832551892,0.5084540902871344,0.3188839499194679
0.4377278004189761,0.7096714010680316,0.2206768880476967,0.4177426596041662,0.3785096198326159,0.3002065033424407,0.2537618574829542,0.2516743095821092,0.3764135200101772,0.3388101450973186,0.5408784041711272,0.5873267352746936,0.3496676194089531,0.4435856856964312,0.4975877516266764,0.3106624086761377,0.5492398033018684,0.460187426712873,0.5177479654049014,0.5746845940956724
0.1926369962881132,0.1897699349742488,0.4589395147636895,0.8945311269113531,0.2890143031018779,0.2734538383414955,0.3493130560479413,0.1858071559241159,0.2321535963949078,0.3022581230376737,0.637676419662208,0.44077550102102,0.501639251360005,0.3467031916662653,0.4587244443190803,0.4001809187875212,0.462213140706001,0.4744455215866761,0.4579513849588045,0.4095751141085829
0.2222699701155658,0.3633527889463197,0.2857949120378965,0.2701417474924493,0.383306413812747,0.6255097642652743,0.4205803342807113,0.3782741835366864,0.4739036216646205,0.2752448796701886,0.5052663890904538,0.4353330050883885,0.5937778498438576,0.225136703257329,0.4807187203310868,0.447654694909705,0.5173320920727281,0.525598192204058,0.3826723374650513,0.4132247062765327
0.3717943199298739,0.2174571534709722,0.1958103227554851,0.4435795920877147,0.2779693680023296,0.3141335936985605,0.2814618943780327,0.6289474455216612,0.3612565428168053,0.1670833107240927,0.4298252904824121,0.508093353987885,0.5920283002193996,0.5654370536806907,0.5318977019486967,0.5555973866750794,0.4980535391267821,0.3859750866925457,0.3986447585618963,0.6546211809703242
0.3168416766749239,0.2627476011168027,0.3898715623044064,0.3956581950051849,0.3548398312282479,0.3672040409032422,0.7678960728635165,0.3741336050368321,0.4116135544059126,0.5059468279208077,0.5893971780949812,0.5624733977995777,0.4157219644103328,0.3720864864090288,0.5130737666966156,0.4906583210932533,0.6871398569999883,0.4677560565322629,0.4691140590057342,0.466570712879529
0.1686152145791434,0.3896542517926394,0.4984566173342479,0.438267876247571,0.3225160830219564,0.2352009629775809,0.7102448424946279,0.2400185085765654,0.2641780711714777,0.2002196785729911,0.6152233086092286,0.4295685522559145,0.4684140612004048,0.3092547969894547,0.6284019320845088,0.3918658829227592,0.5053695403903092,0.3493891495774065,0.4512318559623522,0.5905573395629654
0.2950890452011425,0.2466802921552404,0.3925692475160568,0.8821863401839156,0.3426055473597474,0.3852304485784004,0.2698590122404076,0.2053696628372088,0.2865787786385234,0.3424954255286059,0.6429751995515548,0.4381133919105624,0.5724923477226336,0.4618416548467019,0.8379088432215489,0.492856531026192,0.5037058457036029,0.6331163093480643,0.3159532391154857,0.5801630783618847
0.3420021915062408,0.354723224997876,0.8668168618856689,0.3029086154072302,0.4345434006674082,0.3415133905787313,0.3876541676885189,0.2795651487101437,0.3771315013275653,0.3571553729114027,0.6868168510776305,0.6873210807750517,0.4271381159761352,0.7375352750873765,0.2874371381544084,0.764263098847171,0.4800576003764982,0.4996925235434757,0.2029223318425511,0.4523481134423011
0.2161495793202184,0.3993023453572188,0.3219445667653554,0.3350729435359328,0.6732637619627511,0.4455495583800195,0.3678343950901056,0.2329043781638811,0.3635342486384464,0.2373458663630245,0.6429132960472148,0.6019024347780123,0.3616988110765939,0.3947468075514569,0.5432305269765874,0.6146171827303205,0.6418276845303098,0.2045690798177892,0.4679924387745495,0.4026059410592812
0.4913766361152441,0.2982375446840891,0.1860818668971525,0.4043479082745758,0.8278442186400314,0.3166321510965409,0.4079440080920992,0.4505210475436884,0.3160034022986888,0.4937640674397667,0.6537313313738798,0.3700573271564894,0.446685573361598,0.1759959591293611,0.3266900140102883,0.4860123884388176,0.579795264786814,0.3886911622111664,0.4509732032054052,0.4851477042641395
0.1681030825496837,0.2263763060647503,0.221147555200325,0.275959477031173,0.3178726650408054,0.3360624735839711,0.2440574895132947,0.1774310116510421,0.7017284076477833,0.2174588924645252,0.5046139962407766,0.5201224866396535,0.3961488922877325,0.4669477587624587,0.5527015015223006,0.5155913005424232,0.6736007545882403,0.3019433615666325,0.584273159230448,0.5238308442026111
0.3634872094154096,0.2946131832008467,0.3507138889039713,0.3836859618497759,0.5992095648383455,0.4245463038591358,0.3152787042043788,0.2375501756170336,0.2545927980526879,0.3912226542333428,0.4900966878821214,0.4562938885939538,0.5701723504434475,0.3010491027476285,0.6549048881888428,0.5432881015970555,0.4799145040283833,0.629709748322893,0.3702371657838914,0.2750177485694532
0.3999656231036146,0.3048444164116705,0.8858095552747622,0.4085606189352366,0.3111883592717904,0.3498821319349895,0.3119499686068724,0.4091110633944851,0.3953174700081927,0.2877500976132333,0.2948263839840597,0.5024788073389833,0.3966831067443196,0.3990797484921921,0.6760605939832347,0.3676180296912884,0.3521091281176586,0.6994691997474755,0.3682072779868636,0.4667280885013057
0.8178588058309589,0.2962583420710772,0.1915543155478836,0.3351411779533427,0.2204009771361324,0.4894093161966948,0.3501908329184275,0.321141088345311,0.406917539521093,0.3557334217724407,0.5325794801048529,0.6452740560318415,0.6190582618071431,0.1560490389684702,0.5192219406686751,0.5088009638723378,0.6216422235615455,0.5388726389499714,0.4151242612984406,0.4680902520040412
0.756383438314283,0.2988785726539268,0.4299604668572078,0.3919696719533407,0.2748364382840042,0.5048093612040253,0.3744538805852696,0.2190867071846234,0.5590261631464071,0.395892331524955,0.5172282907597111,0.7912010957608951,0.5900032048674154,0.2664905750401551,0.5220485007514053,0.395340734436722,0.6933023089287467,0.4568076570667511,0.671755572582896,0.456106747090317
0.2826439704081149,0.8095722269492773,0.3239325104744175,0.2724327592381073,0.3069998493949104,0.3122451942512064,0.2321537856303656,0.2035259765868899,0.2527650882412403,0.3940115120503972,0.6654522942554442,0.5506283167933868,0.5783475769589901,0.6391663046844704,0.5106088865942204,0.5503059403208915,0.4637348214624359,0.1867377264156753,0.5537082895330905,0.3886802865940229
0.2892225434712551,0.3125996740451425,0.7633572761285787,0.4147137083672254,0.2878002510112531,0.220087002721376,0.4034131212425106,0.3203469080256567,0.3052445627495393,0.3491781871910664,0.6825776048893165,0.6141136332441253,0.5423835235157258,0.3636321642162052,0.297681510693463,0.4595856637238805,0.229791410262638,0.223476900479039,0.5923272576598975,0.5765173886845274
0.2523527759747999,0.2379596556712435,0.2521786235420166,0.4731112107579768,0.3711346844522667,0.7393553055327412,0.428648527502693,0.2676531492342782,0.4387190553179483,0.4348644758150691,0.7038297258201238,0.4561381182469906,0.4295479584162676,0.3499363067871838,0.5354576992966724,0.6292057464711484,0.491077880939255,0.5053854659465318,0.4633551290042592,0.6509601904847948
0.403304903299035,0.3952403589859211,0.332545538290798,0.2374578451484146,0.6482985027441402,0.3381174549508768,0.3266630238857719,0.3423813967866854,0.2282413876420991,0.314119399771275,0.6444400381333182,0.5380246731926984,0.3349950076346714,0.4136816567089279,0.4783149757706916,0.2962603148508517,0.5644018424114897,0.6098451811805429,0.513960663311619,0.5556882324094152
0.3239143482439782,0.3642366132107898,0.3246388315450815,0.3850552408699811,0.346657383831135,0.2742211368486827,0.3417611143318001,0.3242754984254545,0.3207734157147532,0.7061415345717952,0.732040825344271,0.4158413805087124,0.6180733175866036,0.4880291134863753,0.5319227508954921,0.8364973296920046,0.493086932716298,0.4656401048033455,0.5097327748520383,0.2776020323210494
0.2986583081207204,0.2860869844320344,0.3017249961053863,0.4604783552529257,0.5155152008322205,0.2647694949349056,0.3755263645519691,0.2970234918590035,0.2713255229526808,0.711050287645016,0.5068321727431155,0.4846217705762911,0.4050228237864464,0.3552440281108868,0.3307618133451409,0.5022908283730452,0.4239967837481295,0.3933479273317246,0.2558271249028195,0.4774072507816438
0.3199320725809149,0.1746367022668412,0.3320768037847415,0.2911489470926598,0.2119314844626663,0.1379543449098917,0.4070149347770324,0.3760231013653031,0.291918534450953,0.7556602254155467,0.4889779834104652,0.5477619533916875,0.4483488589083251,0.4051629235970342,0.680450822543089,0.4123057396766504,0.2560075795602212,0.4406710489027612,0.3741878066799942,0.6181653659540305
0.2411727213308716,0.6194805893687543,0.3191142895672295,0.3502272823765283,0.286342581908343,0.4372616956193206,0.2966614706074252,0.387291837403375,0.3676455946325782,0.3195564269963582,0.5122376637670931,0.5507619201869618,0.4613362863996489,0.4192601907533576,0.5492960766320159,0.4750381236512152,0.2471306126331398,0.4072845237546104,0.3371527796988406,0.3710409588172506
0.294223899755596,0.2653779822034128,0.3406516408397764,0.4342535274972007,0.2691699617336816,0.2039285035897742,0.3621307500445736,0.3145943131097219,0.7775629414608443,0.4036413234918687,0.729528311543528,0.5692517758294057,0.36670133924104,0.530651995224679,0.4982972010323614,0.402447178747972,0.3972388660757976,0.4595225828721532,0.4649652189836275,0.4442100642269556
0.3598276786347466,0.224824525662606,0.3568335660642804,0.1964802328462088,0.2912942247306576,0.3668616395577699,0.3593610057732286,0.3419987897167881,0.8990607004536819,0.3375231263245966,0.6290173730669971,0.4787096817596957,0.3341150200015092,0.4900516406819051,0.4343950620058419,0.4875752962288821,0.3987726523379505,0.4393615392103491,0.4670156268421187,0.3082537710703322
0.1853831315717552,0.4713620037723278,0.24713365400044,0.2813634857265208,0.4380130499492637,0.2123174294599277,0.2505950330672511,0.2559512031933668,0.8267180290718608,0.3980826401761441,0.2792444881920035,0.4762078787181841,0.3563867832264121,0.5999340274828511,0.5295328362972986,0.3435953059188849,0.526830530023937,0.5160880627005081,0.3307240030861256,0.5472441974318458
0.3127793843063105,0.1230696597160392,0.7212515707005724,0.3004386057390599,0.1417854071620563,0.3079915261407612,0.4221615674702544,0.4035628651316494,0.4035673275903827,0.3086706769806344,0.6258358586502962,0.3873205926405015,0.4952619928190067,0.7343791667716668,0.4378550729297419,0.6539509848403913,0.5426715235985542,0.4039587163887159,0.4830292608057844,0.4617356021675825
0.7753994316975714,0.3081184544953218,0.353730421624731,0.4037674040612045,0.4026351038451188,0.3016513539128247,0.2639374346465336,0.2969318425343636,0.1906834156207668,0.2863881262417602,0.7924116246162891,0.4427755882026353,0.4737398889594417,0.484224912039179,0.6527759257526212,0.4291069721716902,0.4517350563934044,0.4333507263316796,0.4384412747487061,0.4737713802287724
0.2894837079899475,0.767489991701364,0.2544715427675487,0.4109105391551207,0.5473061945754449,0.3432937112488214,0.206065559140047,0.2209551387399072,0.2223370936283206,0.4670342226830261,0.5452702138366143,0.2121519687540305,0.6609696923568287,0.6779399281665155,0.8143616901052706,0.6345795566105455,0.4978261773360047,0.3529612759843059,0.576507299053393,0.4200839157011973
0.2695224508032797,0.1481760720328621,0.7719670246664263,0.2985262352176253,0.3564022107892057,0.3897742570464731,0.3923925122235648,0.3253136735855766,0.3369663688744737,0.310063331579244,0.3366578339365244,0.5004327123526374,0.7481998549951276,0.1404703188162634,0.4151649828096295,0.47004232936065,0.5255402780392959,0.4681501142251608,0.5512994429488011,0.3284074854278381
0.4317027679249032,0.3716114800393025,0.2401862977563191,0.4320223113369271,0.7676406304202563,0.4943169387748921,0.311711502641134,0.3269466012696849,0.2952143721932602,0.4800908514797778,0.4089915173651804,0.4594754576890904,0.5396703324166287,0.5106739271081704,0.5123769324595521,0.6847904303025363,0.2952857655505535,0.6315285288381044,0.4999466076032685,0.3421660556933292
0.3972176299176572,0.487733754468276,0.1798369351243564,0.412347146166406,0.3501078914733398,0.183363966754943,0.1993350301255255,0.2944386214597831,0.8294061522804834,0.2668522394369703,0.5711324770616069,0.4797206314161162,0.5202893105375331,0.3623067679243265,0.3551182254240765,0.4595267454617704,0.2427173019281061,0.6111690281635799,0.3921959715029292,0.5703483732450508
0.2546275661891484,0.3039454446212217,0.2872020893617499,0.4264991238764606,0.2905840381167166,0.2721775653698668,0.3635734791381602,0.239499005047806,0.765545285704331,0.2526525372554862,0.4282198458802567,0.2534365975382069,0.3291862561918607,0.3099620105688221,0.567778239316955,0.6273709300112857,0.5626937675813823,0.4716651649512049,0.5854121403141956,0.3185210029470722
0.3180751831484061,0.240938913598207,0.4511645847210953,0.2965092634324195,0.345989955634057,0.2631015460159088,0.3197154576825871,0.7153323397967631,0.1606818943194374,0.3015956376814741,0.5197267286791912,0.7437674679570512,0.4318056550780271,0.1971496416657309,0.4375647015554709,0.6169555573455041,0.1953596938175097,0.3968541433297424,0.5737167617136888,0.3443916278777474
0.4240822837327603,0.263695438489102,0.3798170181792358,0.2302859826130275,0.4484825294213225,0.2552400837339315,0.7420243707343217,0.2024003983342479,0.2453788272932144,0.4572320880759397,0.7041792593956264,0.292117927823018,0.4296019646074018,0.330783640822585,0.6005447737328022,0.582302649265217,0.1541581071821941,0.5020876169961416,0.8373614108627822,0.4572748830979182
0.2884083799783007,0.2896857007114709,0.4340946601391642,0.3554152251834381,0.4283149291502214,0.658876669742895,0.3894796214371931,0.3644843549970249,0.2896980720542427,0.4096875910618732,0.422365531926327,0.4804641340448158,0.4531804881129907,0.4241739783356583,0.5496281581818383,0.2869389016966321,0.4817808055464964,0.5624900997554243,0.4467132478252663,0.3913785604847687
0.1268604530270896,0.2700548836055644,0.1956966773835438,0.4016224360510873,0.1905208364460939,0.4519691863041283,0.3671902890500655,0.1055412994900608,0.5812405864335822,0.3326519205509377,0.45094905740877,0.5820093579518164,0.2746180714073259,0.5437465298966876,0.5687046790383308,0.3793442490355189,0.5665543859227398,0.5275811414530929,0.5474639103470955,0.5166768768450571
0.7284481611539395,0.3075812436602705,0.2995027007692036,0.4467805019600028,0.2468191809904051,0.2765307862696209,0.4993513974238028,0.3465804152576113,0.2561083969540406,0.3456256018923241,0.6151636476867347,0.4190543550736465,0.3261085596054108,0.5065912723503004,0.4985395373833199,0.5137433356768242,0.2646860483566804,0.398818306942901,0.4345417258808932,0.5255427362956271
0.4934520118889448,0.3793949556171497,0.3985677287279285,0.2860194179050802,0.1710133368244932,0.3490743164027875,0.319156268143072,0.8630571836292532,0.1289468495498397,0.3778859540746543,0.4496505205564195,0.6124560267837336,0.3466722170010724,0.352217290289144,0.603384368608032,0.8937853922262493,0.4437518722035942,0.4844118783788442,0.5673564000378557,0.3797727782532963
0.2896608644197096,0.2379521464256086,0.2705573487148047,0.3408742499213874,0.5392160975387342,0.2095788143463379,0.196356640422665,0.3807745050021193,0.3604764558014684,0.762969498914781,0.5501971737193886,0.5775778654929562,0.4611969666431886,0.4801380302960979,0.5504544182878445,0.5576199162311668,0.3634240227563603,0.3096610763319946,0.3701692342313236,0.4922367276080488
0.2906292454977905,0.3042789731188356,0.3639931713215114,0.4063124195444111,0.455458617888249,0.2890597076508071,0.2897990717485502,0.2923008916838853,0.7645172029582179,0.3260568087440429,0.5052641447595736,0.4611267235862638,0.5027891955737517,0.2172681685658551,0.525208933097321,0.6616091081244262,0.5067219331808638,0.4975594941215511,0.2186836707503726,0.2390613885092679
0.4011906783960948,0.2155522972256214,0.3527597088180903,0.4644284509991345,0.2980095611030272,0.2591885791398254,0.3782194417937789,0.4280766443792405,0.3405389667636885,0.5775881108493395,0.4084166558990136,0.5177141081575058,0.3947753553481378,0.4769905599893831,0.5434774165594249,0.5057168717134679,0.6105397691942257,0.5524888918360615,0.2602798547836551,0.5786352490834203
0.343241399548581,0.2991915907724554,0.383826800241998,0.2677782941079317,0.2970673611348317,0.3039613185041315,0.3189307249793169,0.3084642987806627,0.6766633620412172,0.5320444880549808,0.3943631619302942,0.6044336543765799,0.5299156597857546,0.3492196274312175,0.2585672582316562,0.3536254969033309,0.515155119013139,0.3264792696480021,0.5469608392031727,0.6072190321111856
0.838572404859442,0.3609201276513085,0.2866107631341273,0.45567150664958,0.4741224741819672,0.3191541653608685,0.3294231630787591,0.1596306637563434,0.3631035494473501,0.319981254789749,0.6242835017020878,0.4685877182018754,0.5746521457307524,0.6193406975299516,0.4904643933659953,0.5885505912541831,0.4148342495493888,0.3243283784134114,0.6985886406042943,0.3258184125545701
0.2053340799892181,0.2023323956102014,0.3901434499853495,0.4574930660797534,0.2395796865345721,0.2869478769924924,0.183857361607679,0.3519313299082823,0.8465806047798392,0.3420451933783304,0.4571331099559631,0.6531835564330546,0.3249962640962122,0.3354361013522317,0.3303917501030132,0.556373837646108,0.4192884420830008,0.4929601604471255,0.6351203962845504,0.5808476879289943
0.380455928950329,0.3234345428301248,0.33121909091643,0.342704896522664,0.2615068878536267,0.3239016257069584,0.3037051912665286,0.4159733047026149,0.1855670601904255,0.7981798590978764,0.7157023143118691,0.5508683088368014,0.5582138812574468,0.1799574487599085,0.3164686100507076,0.4681251209392968,0.4575954407240194,0.3869297360262584,0.5496816151474677,0.3649968735183336
0.7495961891953642,0.2002797431985993,0.3760211268545365,0.5970090502986414,0.1008564550823619,0.3982211507373071,0.2936812300722329,0.3409153969552756,0.2500553245215799,0.2419397395045413,0.4703195333477247,0.6392879913512282,0.6083337756179226,0.591940236855881,0.3206296553921623,0.4563882816411385,0.8233144945972951,0.0730524765987282,0.4464138509409585,0.5968084521874324
0.4688116356008139,0.4048302793020169,0.2554187176107412,0.6075467260172739,0.5607206528849273,0.3884961905522872,0.3611687435619529,0.3612205333041284,0.3009154256699849,0.5131378750281973,0.1735707675983591,0.4893687224278102,0.2840413449317709,0.5408996162933609,0.5026873478714603,0.9246351311508718,0.4455946712105934,0.4685944457665144,0.3126051747868604,0.383465617873336
0.4627962778493193,0.819843801200725,0.2442255422587757,0.2851408501779409,0.3487231576277389,0.2329189248496823,0.1504246731673191,0.356381286676857,0.4782443224743767,0.3658253545156422,0.6423252278449008,0.2068392932247731,0.4246718009372189,0.4605416262204972,0.4008598924186626,0.5047657400935104,0.2898358590036536,0.193207583364273,0.490399224861363,0.5439206925653418
0.8499593661805048,0.3816443281417238,0.4491254515044103,0.3295970438859514,0.4283101285039576,0.3870846398144187,0.4839642379750795,0.3209494886507091,0.286623463964389,0.3753664697428995,0.6192184987359847,0.6044998691976899,0.4583748427326281,0.5538333960330113,0.4625025434512979,0.780890275755857,0.4564236972993573,0.4394277197041841,0.4604011439454066,0.3137567846286023
0.306461389083958,0.4358064035280717,0.2558759914802502,0.398257765198954,0.8397429813730386,0.2527854575528467,0.3362185308942751,0.1670676684470316,0.3973105553202194,0.5017778875994511,0.5841339916816475,0.6611944844633278,0.7371849299903446,0.5816892755845804,0.5326159469463093,0.2249210448165856,0.7493021962797148,0.3769820639497508,0.5513367188027251,0.618039362204171
0.4299199089789035,0.2929609147751205,0.2315604897946888,0.4033987216884956,0.2788339301252325,0.2814828387414479,0.2105713691733004,0.2585464766828668,0.347932182314763,0.6974652419974041,0.4355858295178662,0.5725775619300854,0.6568978083850532,0.5008683115144021,0.4485159977420951,0.4995525190265293,0.3028507245480706,0.6576265898885859,0.654349778148462,0.4618376531666365
0.3119492185173261,0.2679636588528948,0.2102520177290768,0.7802037129150021,0.3120058514036961,0.2769225865989534,0.2106797450375726,0.2535105201991096,0.4584807496250077,0.2558674399679834,0.4993565955648194,0.2200717038012111,0.381012302120399,0.6913316154996688,0.5996616892815831,0.642734000911746,0.3352327967517557,0.5647804394548297,0.1925351035984031,0.5190581356548555
0.1357555310562256,0.2754062085586684,0.2944887101672746,0.4409067281174652,0.3497727620743228,0.3064050801646185,0.6152777920190611,0.4300019923597811,0.3567879262983802,0.4499803145194628,0.3605653746749839,0.4053721243664188,0.606145939373951,0.6965084553023343,0.6228208341838349,0.5273531272870791,0.2230041610416095,0.7813972907161348,0.6207633478618723,0.5781495240664541
0.1758344722281,0.2772143622006039,0.4416507639170478,0.2519607109939864,0.2526453525836539,0.6899838446205682,0.3843632743097277,0.2141088917315926,0.2164708432579515,0.2330783436796069,0.4711915927854015,0.2640956110222576,0.6399927494090837,0.2765068877985612,0.7016005156063475,0.2542933934159518,0.4364409319435489,0.4364204464043134,0.5078753837934095,0.5329922649925765
0.2792906273422858,0.2836869090072132,0.704861199729627,0.3518655336158174,0.4459237533007102,0.3616359139473508,0.2313291493900915,0.3427054281478946,0.3712212830152898,0.4170114032758991,0.4525561239235826,0.3653267640887568,0.4873637467164021,0.5058478820794627,0.5220159254807364,0.667016150764491,0.4230735085730752,0.5382619227438799,0.3301884806906247,0.6693504985572417
0.2058818915044633,0.4131202083457745,0.2463883939100007,0.1186048201257381,0.3996893049593125,0.130638692099024,0.5813410266569745,0.3232992462850103,0.3800532791623238,0.3513553205403633,0.6077589440386943,0.492467094149066,0.7057092100740554,0.49636100751337,0.3872314267595269,0.3169672590639865,0.683829604624328,0.3779326271059668,0.667467845088096,0.5831069241886687
0.2219552479510577,0.3701463110592842,0.4279060261943473,0.2599956791259728,0.2750368148807068,0.7894027009384423,0.4253840856554766,0.4522883350266401,0.196663397236535,0.3827217660340184,0.4183312316291258,0.6007926145993205,0.2892091172021002,0.4062570505936838,0.3580228951497426,0.5197344814716824,0.6249721390416126,0.4135367554016962,0.5145931692184629,0.3848538379429043
0.3109818190463633,0.6331659847199544,0.4200977553944482,0.328108027335014,0.2507549478864098,0.4481538485619624,0.3657974864482597,0.3287758561200051,0.3493307016017201,0.3769869875982079,0.4526345223720856,0.6146326554541093,0.6451494690661089,0.3845140191466507,0.5914237754699347,0.468956287938638,0.4234412901928306,0.4826986439365799,0.3369996764873114,0.4709491064698121
0.249416720213301,0.2278639864296251,0.3276271485557417,0.3079158834248449,0.4036648476933329,0.374151617873532,0.2178772590291403,0.285343757147332,0.6689674371049636,0.240598541428965,0.7037973722242642,0.6239499431930366,0.4795026016890509,0.5292431936845254,0.4750823913655417,0.6284734696446453,0.4150205344909075,0.5067832941567985,0.5158938905458799,0.3633653956493282
0.3166359670222106,0.308622179768205,0.2823725729129325,0.2775682472354967,0.7510272009379213,0.4275665101220182,0.3939247092024203,0.2775029034067581,0.2393636805004521,0.3796069824269555,0.4413919603444226,0.4374307131464447,0.6401108145652397,0.3424637860297453,0.5400762397516128,0.2192446953003526,0.3951617162297143,0.4123931993605449,0.3467830655095485,0.3989681329043366
0.294044904438672,0.4564572417696829,0.3383855177457829,0.379532445289383,0.2596943780028166,0.3215091761318596,0.3432301874862828,0.941676077672156,0.2245943670435091,0.1961107594485708,0.575360265847889,0.3009659543637175,0.4339673657077395,0.4667157436570879,0.1642225757792349,0.5064050223538862,0.2459829360698686,0.3961699238026573,0.5285427800589352,0.4110253491338697
0.3975167397773051,0.2338575313137315,0.5261345581846737,0.7567271711560428,0.358721240435387,0.3047994047105371,0.3768288523636627,0.3573847368747681,0.4434252741013047,0.1864045651674128,0.7606576698157731,0.3908082369961765,0.4067048229799089,0.4136419806185156,0.3935768000144121,0.5114060088395755,0.3638833649664498,0.3100256905310299,0.5109716009610975,0.4245976931115129
0.2078569417652283,0.2131276288886451,0.2906403535104209,0.2340721771311294,0.305101648718269,0.201607876081525,0.6586551591741292,0.2381334870936936,0.4107985054789984,0.312613935958464,0.7316615310032151,0.523568051058571,0.4214217870073196,0.2193221219562831,0.614482571734352,0.130746875673502,0.4855689913982342,0.4713766051422938,0.5169494740807835,0.543025674168635
0.1583342999800416,0.265044024234324,0.3435005743811459,0.3451613404486312,0.3267538673953139,0.3603825025705974,0.2875180003841626,0.4254831903121385,0.571562294779614,0.2467365924812567,0.3962176532937848,0.4493526568957373,0.4995165400801051,0.50630106282222,0.5421925876925808,0.4573662556393217,0.4589954630657581,0.5237827195126121,0.476857290272892,0.3708660096346355
0.5099924922141132,0.3546924862481566,0.3350100890267719,0.3489968233109176,0.2762802677232663,0.6700282615895328,0.2901042959780545,0.3025358692557453,0.4322275778682655,0.1674639898478827,0.5209959420114779,0.4297726841213721,0.1521238765981474,0.4839511761315677,0.7383147684828314,0.4821592382575466,0.5888262480995109,0.3963739441186975,0.5814830679300003,0.6829785262494488
0.3489358472974068,0.2672983202176719,0.319783886296233,0.3596414061769213,0.3266183934702552,0.2835771741388759,0.2759687907903579,0.6918239736397336,0.4072915420235193,0.3077661784443206,0.6437352762659123,0.4047469236499504,0.4087686500847581,0.3949558100197888,0.3426884963968326,0.2654997090623824,0.4929963658109663,0.3369223833609446,0.3891558622864861,0.4753587064060086
0.2573509152079609,0.7342280768442363,0.3842512419093589,0.3203132221072883,0.2267708602761835,0.2270210129591084,0.3146921555565481,0.3182430526738027,0.2237031809283463,0.4845583594147095,0.6019235236075814,0.3383487903843376,0.5454162667210101,0.3723393854045461,0.5480263776745102,0.3488200639716815,0.5901823176874457,0.538303351241504,0.4943187660872318,0.5538234330039995
0.8125366359240931,0.4187498658654675,0.3540489642465457,0.226640873988116,0.3057392311966671,0.3033483759092753,0.2677088476540313,0.2910471322589804,0.3830784882634765,0.231000035997864,0.6576610861201991,0.6786530884015267,0.461594080416517,0.2855671293792291,0.3861466856935249,0.5759054429328467,0.4121977410955264,0.5526593874372415,0.239370024342311,0.6402975804217863
0.4411116602879865,0.2591557075102029,0.6537924191033866,0.4672937697746401,0.3422455687570325,0.257228553019679,0.2957982338595021,0.2943765923162391,0.3122784457860972,0.3013694700342813,0.5613819642087406,0.4503368705938798,0.5144956257892568,0.5087221405138246,0.3689089308594027,0.5120198034427963,0.5840376171497874,0.369971353599814,0.3508946595843001,0.4822701628502667
0.1934668204754431,0.2987888481611337,0.1292132052126474,0.33352635380697,0.850847516866795,0.2868804487473514,0.3410011922949295,0.4217434123425274,0.2720023552883249,0.3474288532911564,0.4471721925639029,0.4387529968955793,0.3778190051602486,0.341648432305056,0.6392280065034575,0.5282953682423364,0.1415910980231909,0.4656739375580543,0.3983979732167224,0.5487531558283495
0.2759869132886864,0.2239930140816585,0.1874364834342438,0.2728045483284786,0.4446191649847766,0.310176914224096,0.3737763969244716,0.30729011627046,0.6586497440316709,0.2581305692844006,0.4964508408689743,0.5452485562105982,0.3558970889045837,0.4807614352132654,0.5076022327646413,0.3629243715661711,0.6007771989483608,0.5814556204160859,0.1848905329865005,0.2873893933872443
0.2874067114452937,0.2721433136911559,0.2995508953301046,0.3242952493512639,0.4267045075304777,0.5991517220592745,0.2508009407328595,0.3025791381860594,0.308873718107395,0.3870369981325174,0.347221098319188,0.2560310661800138,0.5514381897153147,0.5952052279110042,0.5776494092100017,0.6278715084209182,0.4722435348559469,0.5036433256136593,0.3576638347703348,0.327356816359686
0.3019223940603507,0.2630636692783705,0.3133102266076337,0.6082793732329457,0.5220698870845455,0.380410546319661,0.2365524894456674,0.261400747147774,0.1793997253318993,0.1536406823205129,0.6395792609148054,0.4062010097934359,0.5934152857646355,0.3818525056464196,0.6757835501586467,0.6259980693452109,0.3496616171847995,0.3936490991483129,0.6441581906121105,0.3587254450324112
0.2518450367624568,0.3008157250064925,0.3388880295738797,0.3588721009096545,0.3641899501387342,0.2868267908814708,0.2345019015341213,0.3654810638780309,0.380908782824964,0.783898055320744,0.5002742260780156,0.6418667426248229,0.5287262650663488,0.3547349282280531,0.4010069466284488,0.2606419089608776,0.3749754668427055,0.2869739861296794,0.1602725278997956,0.4915583944572687
0.3063992638636684,0.198559220848309,0.3607691423857828,0.3010994490457447,0.8015824240468543,0.2075213457907465,0.3489902420254506,0.2400653410857899,0.3179283586659631,0.1346716613660008,0.5382232651771209,0.613235310059987,0.373321810009573,0.4943100931847688,0.4368469303714328,0.3727602307021215,0.6718128429598722,0.5062654734276247,0.5346907567440086,0.5092329748207226
0.2999419766777307,0.3177657477144709,0.3729036965599955,0.3579216163095349,0.2232884199647642,0.2707300347708807,0.6085302004651447,0.3626433610764176,0.3841341854685546,0.3196481355640201,0.8157391925396835,0.4060772044345937,0.4373783184939706,0.3319229291475257,0.633189238744847,0.4341535376763703,0.5638853822203431,0.6007356440798277,0.4944613833724326,0.599424561282436
0.389150438151916,0.2055554899673614,0.1405683348568429,0.1702939489317911,0.3155566574582509,0.4474271723487166,0.7173162159032207,0.2739455429384691,0.2458624630648677,0.2920334764232516,0.8315245027256687,0.6779153221350391,0.5486429405927628,0.536780355690023,0.1961630259342165,0.3998476804690563,0.4522542989052068,0.3058728461158531,0.4703854167118981,0.5652800322271251
0.5973909144128686,0.1894110828988948,0.4628005637727981,0.282250541176398,0.2935946799850348,0.2933454320429556,0.2945878030048286,0.2679577456942669,0.3708280315366584,0.2736039640910357,0.3703593754749782,0.5194565395462216,0.3980115580380369,0.6189160790881424,0.5223435065936597,0.4279260871300618,0.6059816416989932,0.5575264691724021,0.4213929010126803,0.4155748029720965
0.4863379495079269,0.4001738905241822,0.4032075050021729,0.4536163601167,0.6174953969887758,0.3139767919518868,0.3086075098475944,0.4249796252815236,0.184059431425366,0.3322566024175324,0.2982981793029533,0.5155157908083915,0.5700344130431123,0.5386429762784258,0.3398609462845262,0.5580079428868425,0.469432330467848,0.4799303023981294,0.6125723697730954,0.5784535999510285
0.2705898859825123,0.1903446604686298,0.2932533642925951,0.4231107088433897,0.5587691364276663,0.2638314133362414,0.2121438915502314,0.423152841483955,0.2293309402301698,0.4682835181953529,0.5919099672245863,0.5106351716990024,0.3500793117085454,0.6059944915440176,0.5886682355593217,0.5800183826949887,0.5013129726621017,0.4957383540962526,0.4164281037346278,0.5038229933402932
0.2310902900203801,0.7710879064776012,0.3692222980753184,0.3940463402530437,0.487185813686829,0.2720435362407934,0.5490868020886392,0.236379792492256,0.3102826628323347,0.400640562263094,0.5033345358383345,0.5432135902440741,0.6046850978789103,0.58509567498288,0.503571954576524,0.313815573666606,0.4627720491933058,0.4564729860266164,0.3167069667662254,0.5400672977672705
0.2931749213263792,0.8269874747996329,0.3406995045480846,0.3454878594774588,0.4166621753379601,0.3128518627970387,0.2768025844803845,0.2984274217388225,0.2682490754627752,0.1651759255262871,0.679980546632236,0.7280018242137833,0.4250164854420687,0.489761193824257,0.5162942028529888,0.6797774771224239,0.324345079772147,0.4235500648017833,0.3859768788696551,0.569526148276268
0.2301113420900328,0.3628361805647613,0.396174840789674,0.3729362681162285,0.2746054400198743,0.3094371593848655,0.7023540176747041,0.362307492083779,0.2967436581265975,0.4376849721989817,0.476784897851692,0.6667893006071445,0.5038015927183268,0.3620305977531287,0.4073340936852181,0.5470287447632093,0.3849821760438765,0.5109491158175714,0.2587815019264323,0.4282080114907637
0.1925330578785675,0.3482324377089914,0.2792000502504118,0.3153483753873236,0.3379948800315193,0.2013837300670523,0.7516586826351295,0.3060191864476619,0.1360424407659651,0.3958633180802706,0.481487440199101,0.4964879197753494,0.4731364179383194,0.5204992813852007,0.3770824283291244,0.559085641570564,0.4879833690839815,0.5785795813191582,0.4749106873728669,0.4222455342198897
0.3897786851810311,0.2805970810233217,0.4022760315774406,0.2610907899810278,0.8479075365014066,0.338334669559237,0.2699767774007322,0.3251017304459602,0.2972916380512869,0.3281601602558415,0.4755480254511845,0.393037097849799,0.3924273173200856,0.470745541519149,0.2814420280699212,0.3866753949386133,0.5429098309128761,0.4582989452656149,0.4070428827950328,0.3233590478880802
0.3581095764376516,0.3483160218467702,0.2801871810509313,0.2974298233529157,0.3123394313045541,0.343821484222078,0.3855888688179384,0.3245941529530162,0.5224775370075028,0.953084614438883,0.5213904190103325,0.4275979358774506,0.4884186294784384,0.4945692521603501,0.2943147483102188,0.2448907130155345,0.5303494662524348,0.3932810197491412,0.3812712337269831,0.5526541797611573
0.1676852159040245,0.3490416171475651,0.2119166495986884,0.2773365278741583,0.1488594904420877,0.4994573435402045,0.2512451775337867,0.4462768445492684,0.7590185692598829,0.3154352411378912,0.6286248050786987,0.4986308075106654,0.4066686324839578,0.487871312614301,0.4085648962321874,0.4512237229997022,0.4098571793838331,0.3883444397810291,0.5879974871752425,0.5268010065504959
0.6824467401445978,0.3039123998554522,0.4893564852370017,0.3121113304394553,0.261038671136343,0.2338798200295649,0.1970590251770973,0.377242852813292,0.3460909983439207,0.2847605813846723,0.6396054634385941,0.4600117253168546,0.3552082120631927,0.5625500247084779,0.3829340401119171,0.4274051411367563,0.4659927423578592,0.6097340920633278,0.446027014832947,0.5417032539482267
0.3884118829888555,0.5702624636555598,0.3556724284254753,0.3932308026718916,0.2439010366355757,0.4164255401055809,0.27954713781761,0.4480827359743854,0.3479037075564463,0.278150176864325,0.5790522880630387,0.3833374321184259,0.4296662589510436,0.6000668933651412,0.5854005840454589,0.6459755464931125,0.4092345487695693,0.3084790493897692,0.4159828198522792,0.4553824261013496
0.2962890020791978,0.2129146113557757,0.4446588305339204,0.3475215881129715,0.4009692340819449,0.2837654707035449,0.2708184904348894,0.2612118456420557,0.2419869545054921,0.8180204264567225,0.4126962085495449,0.4433850109651267,0.5284782043425559,0.3205061270521184,0.5115721776116555,0.3632859102641453,0.4348718060588954,0.3185304372360085,0.4399582043658249,0.526938503065246
0.2943222859988041,0.2706176744206799,0.3170820032876547,0.3143771307299636,0.3605607319147589,0.2963890064143503,0.3324195379056416,0.2387155211638101,0.6506905613657356,0.3250899524310617,0.4883656342210237,0.4835600124515244,0.4749338245086832,0.3097491046013345,0.5328603314475492,0.4171029667044511,0.5986702085795403,0.657890641968311,0.5750302333678808,0.3402174097347743
0.3981272411478221,0.2539560690338934,0.2972229144294243,0.7150728085102589,0.4346398684986822,0.2213492535033852,0.381235748983724,0.3242196724345104,0.3188842412322791,0.2094456196698964,0.3549576502234191,0.5822582583114617,0.4085771615954227,0.388770294216192,0.4678050786754449,0.7314324517580066,0.5552903859853915,0.442933276662414,0.3400170876026468,0.4412705539482532
0.3166679606689835,0.4351093864603449,0.4136034993128585,0.3583985165051162,0.4130163360387676,0.3497342066305236,0.3443467801766582,0.3416360932927961,0.7815772959982303,0.2997066418206393,0.6233034690711553,0.592352055108924,0.4630183613542759,0.5633683795751837,0.3564156480725937,0.3792915989538712,0.5157464991868487,0.4472581685334261,0.5805414129454853,0.4088956308578091
0.7838730806884433,0.40669905913113,0.3968743836686952,0.27743711381617,0.3444352879589453,0.3679442282060037,0.254903262114376,0.308400660974845,0.3522294584127355,0.3823368919465861,0.5515886317195815,0.5664595141476289,0.7621747377693998,0.6159101312267867,0.3243514117131362,0.2342118730616615,0.6436185026176608,0.5869013782011561,0.5137132313449573,0.3723111951976206
0.1188453470587282,0.2263274649289717,0.4332922119429844,0.2982699943316161,0.2183907006145965,0.2076616041918105,0.2586964910528868,0.2914718367296173,0.2181758015215604,0.7981336369568559,0.4420010498277732,0.4150856661562324,0.5966673351248055,0.67294378764503,0.7131289481529459,0.4136595065222939,0.4760767059524433,0.1605664040767876,0.4706883190757436,0.5654027688320372
0.3184919059318445,0.1655293555635979,0.7352535543697818,0.2349544224896496,0.1602069150435094,0.2935212245207005,0.4393454791848145,0.2314684534586389,0.2893596533622883,0.3151909948103761,0.4173760544286476,0.3729281047068094,0.4177234574852696,0.6031618946398787,0.4650181973000782,0.6382131630886012,0.3436470083815238,0.3081944213538431,0.6926308088739541,0.531816248004646
0.2797241426705461,0.727646415591113,0.3290272606291211,0.3659095653236653,0.4602953498050666,0.3771152047519834,0.2265457949252613,0.4120910223764896,0.2767833494209178,0.3890280689107171,0.5587161950203383,0.6429115120552176,0.2491280924661948,0.4407088211301505,0.6260219491520952,0.6495551548145324,0.5426030227350873,0.4088867318748712,0.4695699523512093,0.560515519691734
0.3410210278434492,0.5427054016291861,0.4164326868416217,0.1897774607453649,0.3401689779676005,0.2389381685153632,0.1002651971003636,0.381420513758131,0.3078108517802769,0.4475029932585382,0.56003145050063,0.4245036629254949,0.4170841149672187,0.3695182554208536,0.5717359855182171,0.6628858006676177,0.3608364907653836,0.5150028670281975,0.5181260805766466,0.2905069065154275
0.2665762319379798,0.3608909827844981,0.465060534362916,0.3173632944124762,0.4152399829232795,0.153980762730467,0.312812634312783,0.3969163883222828,0.8724522479290318,0.3557783834136771,0.3762455428303475,0.4613552220221593,0.5827405150400712,0.3591509194334354,0.7050941466070988,0.5542758142361598,0.3985972000261668,0.5704961231325736,0.4805415398240111,0.4399899968747341
0.4160320980482747,0.2241040683117624,0.2816444996600745,0.4276011027050984,0.8872020039726503,0.3106944327178425,0.3667653921360521,0.4633225098503287,0.2815282586143278,0.2577729884124707,0.3609793083746222,0.5012259061993403,0.5442769112857312,0.5194365084617234,0.6145602322317858,0.4113373561605956,0.7685389874183015,0.5388097128377669,0.4795468323493664,0.3662288892827579
0.3303244644298892,0.2857116048875031,0.3838027283582505,0.4229436632874589,0.2677159231473688,0.6930106146413803,0.0791575088556961,0.2254506469144405,0.2974461852381513,0.3576386079067928,0.508169642988278,0.6347273971080465,0.5378082913873703,0.4777568284795341,0.4948909103519227,0.6232741510929799,0.4893996915425943,0.6265035012025644,0.532360354392134,0.4728038886108013
0.2417128362076828,0.6803552988083617,0.2255304901975334,0.5485801424105066,0.3596229370235718,0.2983414086186061,0.3397391785918592,0.2521521989199642,0.206353592429877,0.2839527753075589,0.5281652321079447,0.4468449968396964,0.3582039059630939,0.4993166448722038,0.5494613804993687,0.4061840160008531,0.5467936087737773,0.4267222707556231,0.417604170251351,0.3268170343916611
0.3631349264814316,0.2938305335015947,0.4167910425155642,0.3944165469764186,0.7657622682457057,0.2757570289744402,0.1992073628101556,0.3812076947497845,0.3123962567257487,0.2763210799705001,0.5303588315829845,0.4450326758087572,0.7089052220660012,0.3075883840730833,0.4445067610748702,0.5604878674763732,0.304797615217572,0.3217117667201067,0.4204784383384727,0.3108999890426623
0.196187813843259,0.2138140437489531,0.3629527296624271,0.3893169020838812,0.5513051022801458,0.259516321660262,0.7295860026049688,0.2478546511216484,0.2056707309719965,0.274079320111515,0.5583184116407868,0.5740449288532351,0.4626657809705239,0.2940474002047085,0.6031294133239996,0.9241456109622944,0.6772967941688197,0.5356153097894899,0.5720393395598379,0.3408942515949212
0.3588619322760142,0.2185874728460591,0.4643139488390553,0.3356095519310244,0.2982365014034679,0.3478016035683186,0.3100719593247809,0.4311618322065829,0.6645215494101901,0.3795815963371362,0.7225478268961925,0.4437341697631586,0.7757636528575296,0.5879474849554245,0.4448863687779558,0.5856865282210036,0.3888852282313981,0.3886155416155653,0.5262586042889602,0.5401437288126258
0.271590376202353,0.182499032949449,0.1447658552883036,0.4280158558310021,0.3583512765007083,0.3101779579811278,0.0212930185756266,0.4858760307713866,0.6852431279022233,0.2559833805967832,0.4495441215517657,0.359842487880411,0.6371218932821185,0.3754196142749294,0.2258679945254379,0.3035206162852085,0.6211034229642409,0.5188172056758684,0.4705434796351416,0.4128232859353362
0.3849147231524025,0.1757082268236333,0.7096358791812873,0.3760340987417528,0.2767627419839857,0.172904357846884,0.371619592526641,0.1708735434224676,0.2549500963453365,0.2569518857797747,0.5672425334410042,0.7531279011749086,0.4477744952702495,0.458027794573338,0.2814431728491584,0.4063381926870015,0.6301914362868138,0.4443869231699953,0.4528550838699544,0.6454154177917191
0.1961327324424398,0.3442482266728626,0.5333946122954101,0.4237324085532322,0.3588221557665873,0.2890960516430096,0.2952669319376975,0.3290840949111115,0.317551003727536,0.7015116868537004,0.989441739881042,0.6759941890172948,0.5442417377148626,0.3645265471524606,0.6014861332153614,0.5452743542894309,0.6251375041241046,0.6666704738229409,0.4810278676411943,0.343482605253419
0.7544070947195409,0.3552454688898612,0.3684486230389548,0.2695256686364474,0.2986524905130778,0.3698063771507873,0.1729547113212586,0.4240550694237815,0.3574645891485818,0.2962977316229204,0.6007655709259847,0.4860100321713142,0.5000383136154618,0.5312164668179977,0.4356249171397849,0.3983473636685509,0.4164157437778701,0.3413189772466158,0.4730343086212922,0.5089787646450966
0.498186708976124,0.4945449111373385,0.2674323558810291,0.5906275381699513,0.3282905205513098,0.1634980966203989,0.5552297461911162,0.2718032042214683,0.3358560215537308,0.3255011466206617,0.5459359463821315,0.4415711690888344,0.5074103031767024,0.4662158958396201,0.2900322766505944,0.2934914703821523,0.3813465803399758,0.398838822305244,0.3588087199884718,0.5933903203540608
0.2300967185923309,0.3486323474589434,0.2939421457497055,0.438540708928844,0.7259182093855228,0.2969889452998348,0.3584742296757483,0.4729259870840613,0.2813621362939237,0.3917993005418486,0.4177176566516298,0.316037231116457,0.5911642981371565,0.4163907792597345,0.4246899318154038,0.3383611094848706,0.3173655012003725,0.485367744866001,0.2802744255163349,0.6391804289633675
0.4457080898889941,0.1764119527618025,0.3976467699662472,0.3672257851282156,0.3068747328815612,0.6728343831467916,0.2456046755357782,0.1394550968289814,0.1372644457559138,0.464326962752826,0.4934599140318797,0.6668683214774421,0.4748093954076697,0.5119511884985586,0.3401646113863927,0.6791774731476964,0.692488338392903,0.6431704320097876,0.4019212964072737,0.7044756141204642
0.3895583505267547,0.4276024457204941,0.3026623583799277,0.4699769466649999,0.3811752147820726,0.6968618339800363,0.370872457684346,0.410267199921788,0.1960980891977379,0.2333780104652777,0.7559595589129653,0.4477369434858434,0.4611113969743094,0.1702807276792742,0.5460310643655305,0.4524101044264974,0.4257771630735583,0.5481515907294091,0.6402324044913862,0.5810409384904733
0.2394329789630601,0.3925565010696457,0.3390144002316117,0.8702545205813695,0.5128834524182906,0.2377398782272951,0.2672060066419846,0.3773204061373055,0.1889729038070466,0.3701527958505709,0.5775723003213971,0.0958078131087386,0.4342758748330761,0.2927176728390549,0.5361592648636417,0.368160413812118,0.6101560369196944,0.5888488218656414,0.3718048918436051,0.6620627526846156
0.7061309746665041,0.3305130096745193,0.4866168514562201,0.3327599655547103,0.3880840066309164,0.2852258562022801,0.233806220085837,0.2422483886970337,0.2214972087471982,0.3491137840423398,0.5894039810535904,0.4601297682233171,0.3515853236058074,0.4404893808209289,0.5860807045830663,0.5916566764709209,0.4309970376950116,0.4453026129558687,0.5029929386644064,0.5224732653823398
0.7841309091946717,0.4007046063324458,0.3714228960899234,0.2795127860868405,0.2903757307622875,0.2697582481688011,0.2531063996368862,0.4203090395104018,0.2414859164498795,0.3770739689349155,0.7116678607588639,0.6444275137112981,0.5423245453601175,0.3377780550794984,0.6295132024152839,0.5545145229850942,0.5767852097131796,0.7399693675006196,0.3721724559776979,0.5520041923227197
0.2938846568405594,0.3695289873002903,0.4378571476622637,0.4462503561797737,0.2575616582162107,0.1828052062204159,0.7272024419137567,0.3545645767019446,0.3581931429275424,0.3457552475375487,0.5353900828137048,0.2756964626291981,0.3254244909716081,0.4043298994027475,0.565849306487404,0.5793719316917821,0.5633304311149622,0.3064383353626668,0.5093476866464511,0.462867428967152
0.7340950759348019,0.1577857352824718,0.3957008858585872,0.3297570687631725,0.2747341972422892,0.1120357332560859,0.2234152417914412,0.4235597103000315,0.3576510743830084,0.2848949306720864,0.6571992882013316,0.5235974938058986,0.5332765475151008,0.537083790247568,0.6876146275701607,0.3914844934040006,0.547233544132967,0.7120651941494047,0.4223584472721147,0.3922531553220574
0.2701780623833764,0.3150210848586148,0.306851303702416,0.8548671008579857,0.3796198176524277,0.326682427229752,0.3126652109598035,0.3443118797598928,0.3558138000503228,0.24457153973313,0.6235420614836367,0.5222203667708543,0.294405820917772,0.1243966177422,0.6849229067172198,0.4004176210508068,0.4060413494208166,0.2840335512168401,0.3828623437886592,0.4475870599132261
0.2012456279052832,0.2538153455309241,0.3290635413567607,0.2658555795756614,0.421034901272977,0.7635035171186924,0.4702923308675964,0.2841730798294951,0.2116363063342702,0.3088513292778455,0.6275165859185279,0.3702468670674677,0.7127149728423678,0.2625715244757352,0.494298271325734,0.6717607699114359,0.2035949914420899,0.5163251075001177,0.5330595039117308,0.3613443669824526
