ft_1,ft_2,ft_3,ft_4,ft_5,ft_6,ft_7,ft_8,ft_9,ft_10,ft_11,ft_12,ft_13,ft_14,ft_15,ft_16,target
0.2876244774024692,0.2361104788738759,0.2791059264654221,0.2098361993691007,0.3456862694079711,0.2897487333200971,0.7513592986159855,0.31736492334084876,0.42454327020563465,0.4002556698017968,0.17738757989079773,0.41855227983158794,0.5709235370626419,0.6905688163951945,0.6983595473958377,0.2917617377622722,1.0
0.4069244357672743,0.38292809020212565,0.4406427748117831,0.2962377400388815,0.48348721367814695,0.7184886278251037,0.19937180479987787,0.3677070980229312,0.20939758761847785,0.28095026444428794,0.46952309909362744,0.6224409348970931,0.7098612693852591,0.5288562788153987,0.5657567160701727,0.4656284474179766,0.0
0.36761975327960694,0.4376577904947846,0.3045011836035918,0.21176332254488278,0.33788197883298143,0.28451289244642936,0.7280747509109058,0.2897543037120342,0.25410074389497883,0.35203964842848956,0.4889540385536949,0.23091484074493246,0.500652954219573,0.3266673057149563,0.5136641417672311,0.7078114073586736,1.0
0.37551992783354426,0.2981931653611509,0.3221159902124776,0.2948984984453078,0.4882419521775628,0.35526975303269737,0.2671921525593946,0.9800930243075643,0.38487247471699015,0.2784271986645675,0.6942166808306269,0.47271976525415094,0.685549195939486,0.3533044604962131,0.5754078620382058,0.6657246717053017,1.0
0.3220565021136124,0.37740236373569536,0.266874215812819,0.2860250494935253,0.37927969529368144,0.34818124663697053,0.32768299470323226,0.23435673439470575,0.33220136232987907,0.544645244897112,0.6686944487743914,0.7249734349498227,0.5652550242151346,0.6106769488058781,0.34588603839467796,0.6492029089688189,0.0
0.3213818141484345,0.7579886471556785,0.39314482666535266,0.3065304514257872,0.3192278937805014,0.29497156981763323,0.23705022184700775,0.27883987061904103,0.39169196900895636,0.28564430043673966,0.44862925382193714,0.614015752460834,0.403623318005475,0.40762923486977826,0.7662577935582319,0.37973981718647115,1.0
0.2418092716901388,0.20744213859424787,0.3552908768686277,0.4628671765647341,0.5130362811787733,0.28928488586809153,0.3393804450412271,0.2457208624493804,0.7301948815833614,0.3000911132912163,0.3799843737680369,0.44136731296461745,0.41069764954234533,0.46603453202228523,0.4235141383184759,0.6981631456393901,0.0
0.30670888601553276,0.15648027303587603,0.5524434475010167,0.3452352707117013,0.37092306068966086,0.23393758427830558,0.3750955805927433,0.772375065067764,0.23795388883307902,0.32881269904121496,0.49484433666021155,0.3258162468845427,0.6771582213858605,0.45736429674249635,0.3313637451606395,0.548827985776038,1.0
0.24453248904537417,0.36476431668773057,0.19975390365773404,0.7092699865743397,0.2694623744029808,0.2412788877436883,0.3342506805368952,0.28683997068869915,0.24993051374265762,0.25955473519901606,0.494629674192332,0.5974839742380733,0.5614605929221244,0.44157050469857323,0.48559783821027525,0.41799243148691995,1.0
0.4149065632662365,0.30239739602318516,0.3380172858060436,0.32795729719374744,0.7094192307042666,0.3799163274120726,0.36610943272224766,0.1617147206843625,0.2431242926801669,0.09584219594688578,0.43915593718559165,0.4523881514205574,0.4753353962995074,0.36384478358331307,0.3831123948403953,0.5484051263344335,0.0
0.2867670432230803,0.47715888536102746,0.6693476503302412,0.42003131724714626,0.26113325039430274,0.25187066500650085,0.1768073599518432,0.35187502039123064,0.12619243734465094,0.22503304405990146,0.562636257799996,0.4223480350599027,0.5253087226702596,0.5427100189945923,0.4524901614978384,0.5412554646345464,0.0
0.3526383172831517,0.18286615942240877,0.26436857536222147,0.34229511269424084,0.32128577741190845,0.7478819072724392,0.4187404284061645,0.3890884816894823,0.232384746870616,0.2284431321479341,0.5046386693792851,0.3753463761187198,0.5654268492824076,0.5492423360604882,0.22988961230021165,0.6080899861484598,1.0
0.7178316252971032,0.3089797461370802,0.3484920072603416,0.35169330322142783,0.298281142655101,0.2994545353536725,0.3605366102055699,0.37675480000631456,0.299648786912603,0.18824367388050628,0.554676841346493,0.47458312048726686,0.7047514188326424,0.5374408782437615,0.37252788482646926,0.49550802722272413,1.0
0.3081176344625871,0.18076866361799931,0.3739989167223003,0.24057592404949507,0.40387731034104624,0.3530186076672339,0.24243652657492382,0.2652712855718185,0.2877625727397221,0.5895877361159532,0.49742082231391765,0.6702431057348304,0.5381499542486877,0.5268497812118079,0.2272730660176873,0.33963964102781596,0.0
0.32665204139330517,0.3115207102545498,0.1805514363497512,0.4078296040670732,0.44427596198859187,0.28263702503652033,0.30822325865070827,0.328238965322759,0.20880383068951308,0.672515672046479,0.7433110835410603,0.5637906987322142,0.6143916114190958,0.543783677192453,0.5058427466458945,0.5068092380847448,0.0
0.2261139138766582,0.30070052917132595,0.3869713984680631,0.4087844508250388,0.14236975839324487,0.7643816518161477,0.2774164941744463,0.3659133043571995,0.31006978082227343,0.23595523144354213,0.5283650919318715,0.24438321217124265,0.7608942373279322,0.7344947847998982,0.581547110356584,0.554260689319866,1.0
0.5495560275603947,0.7754133429240264,0.23394637212791908,0.34578564655376165,0.5276509937607822,0.3538795676227894,0.37525413690373804,0.2591584547015306,0.32253363885902514,0.27352744126525586,0.3553695600800496,0.6473952173024345,0.38629400601461666,0.38794741066198923,0.23714417806842786,0.5164727574075916,1.0
0.4559263931844231,0.3993956333080292,0.1699176105038289,0.36104863048377,0.6664393122646151,0.28417818116223104,0.2941387931397235,0.3130768523478268,0.15064139065879478,0.3320289306281312,0.46894017080415185,0.5358799693206556,0.5532973947780331,0.40514927062999107,0.3771441075499966,0.7044197106790189,1.0
0.2275652227824183,0.7950873288781899,0.28158640018842557,0.22002734061325366,0.28402665255498505,0.39677121188949604,0.2856295726631541,0.3336896458057103,0.3034787259031815,0.30997631143413357,0.5747959550323622,0.5626185154004915,0.37416636201100495,0.5259045982494233,0.5942274826467633,0.5311910595066262,1.0
0.3281849764030133,0.3721199054860048,0.7828202146688363,0.29533754820656927,0.33704505704902277,0.124963646728465,0.3211471669268938,0.4862730565000925,0.21538115108554168,0.380977121101593,0.6168226393826881,0.516238567752257,0.5075932743735236,0.551122947175455,0.40463100096671334,0.5852617613659722,0.0
0.2814091774618608,0.2540952216522341,0.23947695501376615,0.6861962683951789,0.3090058268066065,0.2534463564588804,0.39297019562778235,0.35347400251070704,0.17202763421936443,0.45047635455782065,0.6910841065075312,0.5514941135661953,0.6316106102425942,0.5983267539644074,0.41103452467331675,0.6272348235863491,1.0
0.30280717286399933,0.31194758458152777,0.30133790831019613,0.31740612207344926,0.2621070821778252,0.3863443940377544,0.2623986075167044,0.4204208617428516,0.3329283687870897,0.7512898967815222,0.36511923962014303,0.35228286539118203,0.7296210770777043,0.4163052638435626,0.560283030112524,0.5326604455044945,0.0
0.24853246036167193,0.23719999178177265,0.8318869201752848,0.035496114287211944,0.25144960107410963,0.20091164384816898,0.29134428108498406,0.3606744445453032,0.16417722930006892,0.08448218729347542,0.594884915321146,0.44831091363841635,0.34535497777891055,0.5938157144965671,0.4773787569722348,0.6436935279778412,0.0
0.27763215295230725,0.25352249020098894,0.4037124227058012,0.3940623190684121,0.24596407933261705,0.7457210751630742,0.29316019996287856,0.4204673589685506,0.3961588094006695,0.17227293922824993,0.4158204340566288,0.42151463291351265,0.4956721312186496,0.5217549538388162,0.47718392523288894,0.46521366998186514,1.0
0.7124352323798901,0.30533531981826767,0.3279911963230724,0.3404638221459502,0.4372249741816655,0.26566707683276347,0.18533787977933444,0.4279448882300444,0.3694516000527983,0.2468951773318441,0.4793779472593638,0.3222338105022061,0.46707211289876205,0.6209937426759643,0.3480982526152412,0.49789579735421474,0.0
0.24284686927575289,0.19654554701565674,0.41722985088232334,0.3721797594776961,0.35744826966876503,0.27583269739583677,0.30267454843444347,0.3716007870961904,0.36300488698050626,0.6519719621316797,0.45681072994075095,0.608037342924276,0.3484698295431682,0.6358390089219907,0.4808373608707974,0.38529949752120857,0.0
0.33824611687025297,0.12016006288907513,0.3144368538524787,0.32839473822690113,0.2830702592782196,0.290186008966437,0.32408894061460225,0.26540478909401755,0.4040078157707889,0.6357597682804412,0.4267340428616273,0.6049862721425654,0.33965612865916806,0.4633135787134535,0.2913099778476356,0.5338572389464771,0.0
0.6198032963080167,0.16414133660998131,0.42855965565281345,0.33096571573259176,0.37368086574692877,0.31275625673284874,0.2199744091795622,0.41355429274471023,0.4187612525732325,0.21243000355166097,0.5115494694275721,0.7404625992143593,0.6474177019872046,0.5330053882695189,0.4945760123391682,0.5613212990775143,0.0
0.33236351179681617,0.43573411251237804,0.4084752679092717,0.7732311321882916,0.23918240443399508,0.2288008357870836,0.2924955816850106,0.22725680662250258,0.25781874204063365,0.21073930126299179,0.43734879273734706,0.426259218398198,0.5178755273212237,0.5506735516022411,0.4730464314777086,0.4100052617972901,1.0
0.6778143385934852,0.3102024054936508,0.3432147708284697,0.3000795402581854,0.29542125779471345,0.19735006579138928,0.2898180496425315,0.3340429070853911,0.21975318324214702,0.412483430040676,0.5025743497064896,0.6655362542914417,0.5140628062409032,0.4471116318431704,0.5159156256452961,0.661981044656289,0.0
0.6718104013391866,0.2931907787451506,0.08449554745216262,0.2347389274868008,0.3251953679384699,0.2689957951935198,0.2843701807974409,0.3160546779554185,0.4097775952342066,0.3775257939149695,0.5086209762753635,0.41239686659296815,0.7972762986688064,0.5052190740623075,0.6339798351790007,0.44177595340253906,0.0
0.18970364900919567,0.2752299897312633,0.39931038283972026,0.3542425163040267,0.822641680402692,0.39386807137589597,0.1521201622499886,0.19950476245836346,0.4221470603933142,0.31614345752447376,0.5413127198746691,0.3529007080543607,0.705392684235741,0.4737571904389838,0.3273775503126441,0.7096688140361485,0.0
0.4378735651728485,0.2927272443290646,0.3458841322415,0.3114039433185239,0.4411613851688379,0.2846901919469886,0.36226478732571793,0.5917499457090927,0.40793314755915977,0.20336800228943416,0.45770447072524917,0.6140006034068568,0.4268930357410098,0.21390938991112812,0.48074262232646886,0.579318355416453,1.0
0.46572247763790325,0.2946088407817347,0.392799713099834,0.7510121563332104,0.24798030852964453,0.3192505532736267,0.3661187159035997,0.3319204866492765,0.35612356537318973,0.3311725522443423,0.5399785267286467,0.525270698361327,0.6113989311549733,0.40577767585709534,0.6254538262230781,0.5409621853641006,1.0
0.22164798939328023,0.23507908810063502,0.3684301208854146,0.42023528941130256,0.40774336142957673,0.4364949339148625,0.7286769855123199,0.32395318003025986,0.5152069496592834,0.2511006430605184,0.41893231373905837,0.32053884705358004,0.3654860797605412,0.5215533895928506,0.38546963306750603,0.6707900408596441,1.0
0.26877957902889693,0.3488094756711261,0.28548540698627933,0.4717174155552315,0.19345053690150432,0.38009313422887225,0.4037003722970964,0.30729308397180044,0.7014638353668672,0.3000054284270264,0.3378725532043678,0.8880253783562874,0.47748567893555927,0.8150928554721788,0.6012677963916487,0.7214646132872096,0.0
0.36604315240953267,0.6495895991061189,0.41095080618019453,0.1800628285908533,0.3339673936316131,0.2993830300553548,0.3459027865429581,0.32567704147189297,0.46262963276284613,0.18597714799063145,0.5791286798308742,0.2718468742759133,0.3801701204558259,0.559752717406494,0.47891346776920246,0.6487326110325942,1.0
0.34044751880164725,0.3145495849322312,0.30343371231261157,0.4294143671196804,0.3583839892692734,0.26518386952748935,0.2920001229985669,0.21497507437579544,0.6496207136319407,0.33699680911860747,0.40867066069600216,0.24396909066057842,0.36063602164293646,0.3656060877551398,0.5873685716294048,0.40197209808862,0.0
0.25892180685078797,0.2912794569205539,0.84411675657199,0.37338836809777226,0.359131517520522,0.43135589277764685,0.22868519591767866,0.3011710356948862,0.3446046663076556,0.38100577066277397,0.3211626404328365,0.48474906079122554,0.44381637655345074,0.5652338631421959,0.44258301287337404,0.37324898290201525,0.0
0.4487683125677269,0.6569353676339942,0.32471529655110165,0.48909873147215044,0.3619399759719288,0.33926374469278153,0.11052654721860847,0.4186731105562148,0.3972104708990552,0.3148989881503472,0.45673437047585297,0.5023941918443005,0.3513635062986534,0.5607546428336176,0.36177125572872304,0.46346829194552924,1.0
0.307880359196243,0.2951278979081162,0.30668811292660175,0.24573745695250904,0.19018650350547497,0.2891491794674799,0.3151820101551033,0.2829928863644671,0.38087793711351686,0.5930720048926845,0.28610958196802666,0.6808311925634535,0.4316247422127303,0.5020794709620268,0.41771877207995345,0.32558727164046997,0.0
0.4467594634887979,0.7401560800918502,0.2614418706781314,0.4333533034261961,0.4054770474566555,0.441553222180595,0.41168832442841646,0.3573990379860045,0.37414941325744827,0.331183540016899,0.4475135184204208,0.5728650280774132,0.33690610457557557,0.6092303196999848,0.5498944344888648,0.45419503666062483,0.0
0.4492201305870038,0.7301700588092146,0.3973755389659712,0.38823397455717235,0.3486204001035127,0.3112603842919932,0.2849936379118999,0.45248112687678455,0.35448530226312974,0.20869998725096303,0.565430380646252,0.2703021542900814,0.5160007167583305,0.24260840287490348,0.46230003718278023,0.6861307897949781,1.0
0.24785478495965438,0.3430603417793976,0.36868904995809093,0.2694639667241053,0.3209328124608071,0.25273221646147,0.3385606477577262,0.5117763530940227,0.30297776338952465,0.5733128580236827,0.7613561712138692,0.3231832422803297,0.317605500651578,0.59141133700913,0.5951207348327291,0.4224542383216212,0.0
0.2170474223117097,0.2369641605125479,0.27375453212156886,0.234097113276855,0.3929264724419109,0.31737866103207485,0.27261715315165136,0.33058741992624563,0.7275485482710085,0.29206218465391826,0.5602884223413139,0.7498807310265869,0.39626656951701766,0.43706058284288496,0.3453905557047333,0.4567487460521733,1.0
0.33710972565909025,0.2068737889108312,0.8114011473410643,0.3701760904315561,0.3979448566162815,0.21698350399400906,0.13752947957806028,0.2787951724388914,0.33621191377420645,0.2880687978783192,0.32406242463472607,0.6085109386087769,0.3918594755958401,0.539947530907284,0.3961259183780229,0.537001786792231,0.0
0.4085260698936872,0.28375406353840965,0.28767870351449865,0.12486506734372707,0.7272495171981672,0.2612771462921917,0.2588466404104813,0.28669239077969655,0.3708738629506205,0.234026599249251,0.4138520956450101,0.5191386950410238,0.5416720467058748,0.5384218084098913,0.29575373905396685,0.6980927069282596,0.0
0.24877527269915126,0.3296278330453138,0.23911180846491292,0.3074456421858023,0.43568580504689636,0.7726812347523571,0.42947426153442636,0.30072579544662037,0.4101665765205542,0.14900845620255235,0.44779709163957787,0.6349295640461583,0.6962381331571739,0.41365162600593974,0.41726072781565327,0.44774510090489095,1.0
0.33903925512923205,0.27729815348871995,0.2662636979092824,0.17778796787012885,0.3681604105999906,0.3418608794142861,0.7282724142939234,0.3744681687702289,0.35572714267257377,0.2583155491523864,0.4740502502330116,0.48905266260647795,0.44810220199784934,0.5493612031276743,0.40694568821230503,0.6199767380985577,1.0
0.39501318075958164,0.2547715261081091,0.3769883374340556,0.31188239066060597,0.29350560773289475,0.6225877438052827,0.4354205113966979,0.3463705437789354,0.39391024494250115,0.31716061702165554,0.37232102312149895,0.5632929817736051,0.6291927719936126,0.37983176851735534,0.2924637941007783,0.38574001203477637,1.0
0.5265971715002469,0.2839866780608513,0.30174227089368705,0.29709172017449814,0.29980681611737675,0.3765966483010901,0.2793710038537494,0.8133853647343137,0.33626485380440985,0.138515941293734,0.5141963783298571,0.8106994319111811,0.37157738720354344,0.7429518300571392,0.7421463415296236,0.47268294227413715,0.0
0.4084793375603857,0.22077033084895412,0.4100195363817525,0.37881515296629575,0.5597993722641571,0.2876696431014197,0.5723429384491497,0.2895262076062298,0.39633841923626234,0.2806404324776586,0.2730724777239997,0.8037990127582111,0.44698726052489735,0.5923652251692906,0.48885558613066116,0.6561728820818619,1.0
0.35062918946425636,0.7195333007549813,0.31393032986993874,0.24929826412024048,0.37095872546911923,0.3072280488154126,0.29687866676303915,0.2941251256264628,0.3608030177412721,0.16906852252737492,0.5929126092038706,0.5341585350036372,0.5080556495857997,0.5046414701237107,0.5422554565994687,0.6196871502707312,1.0
0.32183678397168264,0.2866669936823287,0.7743157505569486,0.35212969374516345,0.3183313833335828,0.34318786339462,0.45862810775181817,0.18506048917357992,0.31926635672327963,0.2700048804710285,0.4676354778572137,0.4578002347095057,0.45494908488657987,0.3675551281521123,0.4654695562397734,0.5086585382534864,0.0
0.38829385570279173,0.30059433614110287,0.19960593747278974,0.28782018614432614,0.25200258904134104,0.3093551309591751,0.4262603240088407,0.8965056754091014,0.4055978822954915,0.30287172805759704,0.7481140725942903,0.46051155607185185,0.5955064456745488,0.647986021620633,0.49608580802712315,0.617414304192082,1.0
0.4163185035447164,0.3755748013536848,0.32832809342174324,0.3222858156617351,0.8871380129240249,0.28656895591445014,0.37692864994214764,0.2874428406672276,0.27197838500452937,0.2767843629827718,0.6019254538198507,0.42874416752816336,0.5709826433489498,0.3946908434009084,0.4078132400557453,0.5724563473662783,1.0
0.29522459521986605,0.5094750680967481,0.28433348636109856,0.8101683986452213,0.19066651447569363,0.25325303705437685,0.35370549009569024,0.3359708133590708,0.23766257928643644,0.28572914135173705,0.601015975175137,0.6334325554359372,0.6398704812311331,0.6137611730429492,0.3860681669729816,0.5439622294323383,1.0
0.2825990170826628,0.26986152156525217,0.7941783714289999,0.2151737305516513,0.41243245832929465,0.29154041623385896,0.22945314079856421,0.28107597037484316,0.3685823485760922,0.2680593580168954,0.48705569190822817,0.47913194400782705,0.7256800786240487,0.590638896362751,0.46359712706916856,0.4448604067053715,0.0
0.6963214025219353,0.20621076215232512,0.21806522190802952,0.45778262358412514,0.43478346943824125,0.3308339841214658,0.2310488127192378,0.388705608973474,0.3110450714657599,0.2372955522042825,0.4992303102077759,0.5429628962204893,0.3390396884099618,0.44767353272919724,0.5515609181539836,0.5431424984176482,0.0
0.7119409292762364,0.2719149837340146,0.15445662739965207,0.26051447346405643,0.3975267097343036,0.39337207885146136,0.19699859413882254,0.2722126201867149,0.3682767180951572,0.26548188806669826,0.48667405998281543,0.8244479190055078,0.3911471260710803,0.4269972467445052,0.5223315272129075,0.1998601476758451,0.0
0.40556349065401487,0.3201662130158809,0.5572586861056076,0.26419412567710443,0.2502714737469157,0.2851541769304752,0.31752622959889504,0.29967114706455117,0.2879030947206864,0.6788269914240479,0.6260041977404831,0.4293958776661341,0.48104558695469435,0.41643518547829816,0.4478760872750045,0.5869021255760385,1.0
0.17459003067092466,0.6571708278725472,0.44877117815630096,0.17599504712434857,0.44448496231989826,0.31638742608792686,0.39489738656351264,0.4459983232090492,0.2557243212628212,0.35366692069396904,0.6140044536530688,0.6352205446528981,0.5442471315583303,0.4255176413709447,0.47748729052440264,0.5904205542662089,0.0
0.3361329525272787,0.41712532683132675,0.2808182710391433,0.1553720557735346,0.3050990439191206,0.4110341080236414,0.6849436835442364,0.5038813900923674,0.1902223320945558,0.36824614451783144,0.5123688609349517,0.5222179360060496,0.4142502589910375,0.42608856179198346,0.531285891750732,0.4995661416418393,1.0
0.2765397494554024,0.30612688225715057,0.2118344152287075,0.5501618504721839,0.43514484458694713,0.37045605961690514,0.6411961230282098,0.4165864936152537,0.36073908574632363,0.47347296482053114,0.5058075175205866,0.5324889362896849,0.4615400263807232,0.7141373406941387,0.33036613151310046,0.47484287300095607,1.0
0.29506113140058843,0.3209444804632666,0.27151697115319573,0.3510846204350174,0.3096866925361839,0.30169284758152576,0.27094537168828314,0.3297417354396099,1.0,0.3117499096231543,0.4155735888995479,0.40938122752856565,0.2781916344747427,0.5790502672534383,0.6501180323328826,0.281400902870193,1.0
0.43379830605966985,0.39413175795931876,0.2749476030532661,0.32563786072359063,0.2582784387764162,0.6369745121932455,0.19132527211097328,0.2970875217850191,0.3961343955150872,0.2871837809342302,0.4289792446745633,0.5122634845905113,0.4824027602893227,0.7863089587092975,0.625657282631193,0.5065062847930395,0.0
0.4674904853583943,0.5624054936203877,0.3017407659045535,0.3677052824507161,0.27171077207223343,0.21025499355700078,0.250577148531426,0.39229687331421736,0.3513506407349605,0.310363852867493,0.43154235635109883,0.5735195884698097,0.6452744754080579,0.5362561363860259,0.17165338444212946,0.5300660175840771,1.0
0.2688886723735291,0.1969162726707624,0.1989289945771508,0.5581563304281094,0.4562443135450676,0.2334003410374814,0.3238768588925272,0.37683636981984314,0.2915990133341759,0.1425576170506827,0.6312266378581195,0.47433137939358144,0.386969221385226,0.5830207061272317,0.3846816782265132,0.6381152848329197,1.0
0.18486942012352564,0.24087515604769516,0.3498905733525382,0.4321407659734979,0.393085920541335,0.8373038889163921,0.32868931889972025,0.30256845091917567,0.29808407953968585,0.4104643828828656,0.4730087904387647,0.6808664541612595,0.4628286247868653,0.5036973361897487,0.23850162793098156,0.7676756852342105,0.0
0.23800519338618709,0.46827398889032745,0.39120704038390863,0.7181471027427566,0.4607290836156067,0.33128607760985107,0.22858543035132534,0.19407116647550104,0.23743013972002797,0.24861165281360065,0.4738934567806949,0.5083384524216153,0.39489215359578533,0.5821842559274449,0.28925499930757015,0.6813295367334279,1.0
0.2653325935483386,0.24961819738725713,0.2301399824160067,0.2540043945175897,0.3459094300830268,0.213877939125536,0.17049948964107753,0.2975184207425328,0.7266643087012958,0.30525645217999886,0.3930567484414232,0.5173954046057923,0.47029013309898104,0.6575847623346155,0.47430460149039877,0.7360677424884281,1.0
0.2764189658014645,0.3692652950185018,0.43205457743071757,0.3544860599170459,0.40940948209701383,0.25826650629657255,0.322873811179759,0.6405829770240906,0.21225105851582146,0.2527787332153746,0.4353844184997514,0.6304493092048221,0.6231249173436215,0.49161971390100806,0.2890117495243338,0.6287267083301438,1.0
0.41669355271749975,0.6805223857589004,0.25438650788675793,0.28568832639939923,0.37089789843912213,0.2730193682059236,0.2140270357911717,0.36573973541056465,0.29394532584197897,0.41671347132757863,0.41367031635482426,0.5025564013047268,0.5247607385466403,0.5668856075585663,0.3973982723242687,0.4742543007569632,0.0
0.4493415676163679,0.3905233416301745,0.4567957303427578,0.3313131886440751,0.4021735350064605,0.25109261069505673,0.2352793055445472,0.34739974940996293,0.7448697874744615,0.24368692335244224,0.4632835834714491,0.46086994196336317,0.37565768970060626,0.4675942742002929,0.3978802022133951,0.5575739290505659,0.0
0.33873113811224026,0.3324754709960397,0.34356050665014626,0.26065463528576155,0.3310737102729203,0.693402528535779,0.3353781976377592,0.39563516037417756,0.46149873548819653,0.3768325807700912,0.6236437230737056,0.5207904725306678,0.5257358619848096,0.6234031766881506,0.30716976204589064,0.5989055479106509,0.0
0.43326055423160126,0.30208102460281994,0.19228969835204435,0.2721503215707633,0.41732680526175303,0.3251765524417852,0.38783955723680646,0.6528080111555553,0.4206972220174842,0.3509122608526474,0.7363285562459492,0.5212924413625406,0.5429009752683673,0.4210834276974955,0.2737684314819614,0.4146752075824782,1.0
0.27054686600043104,0.42218676456597176,0.3631354334068364,0.259458403182253,0.3399006764201161,0.2563612446672106,0.2807609736998452,0.3019381177843772,0.7318008109211454,0.23030483105887473,0.4966120687393246,0.28481990542423125,0.5078041805423135,0.5083021780284117,0.26252760844564715,0.539979303710413,0.0
0.25303509389081624,0.30806176369609467,0.8060238427932137,0.2742681954441524,0.3295918915380738,0.30976441836189533,0.32474164735646405,0.3688061211994372,0.40742370727106164,0.3706646357167802,0.3781724783107956,0.46168857980603817,0.35230694253940914,0.6376166811177575,0.438419852313641,0.37010489542439184,0.0
0.2081554265652315,0.39228231843020434,0.2645573795940489,0.29140582684964855,0.28788796919929843,0.3292474057548097,0.22314148147366708,0.29369082489843473,0.5047791012124289,0.2679272595118274,0.7346884506451082,0.39272868146923756,0.713136103972313,0.7219561603696043,0.25077951526992237,0.4579209353021208,1.0
0.3006954881996708,0.7284482707844855,0.49754032270586046,0.28539884101168694,0.2981393183261029,0.26939694982287654,0.33650162109931575,0.05676022919533236,0.3064700133394025,0.17453141592992594,0.4370755413832086,0.461193416851456,0.23711798599135425,0.4541664946084202,0.3685803275628003,0.28984688450197804,1.0
0.15480848967344793,0.2302962615080103,0.45350774962930285,0.301707404500164,0.29664175569749884,0.6803474463555813,0.24962444313213591,0.2630577920129754,0.3795073912395112,0.3671207286932758,0.31367534856153956,0.4381194581837651,0.35977400621050937,0.4131732373447258,0.39424339175969836,0.5677724871961244,0.0
0.3008100446971671,0.5182206755504137,0.29738499257966805,0.26679482368276064,0.43176960587378643,0.21313102362422245,0.2872877938162302,0.32412219594406577,0.33368993947710085,0.27437829288990795,0.5567301352437563,0.6431195266199499,0.2867806005852007,0.5771072670026125,0.34431795713164515,0.5712240271958862,1.0
0.6912280445360086,0.1368414178701339,0.4415969576950369,0.3023443782984202,0.34356205730813866,0.1654963078024551,0.2778548326920162,0.3753135382227215,0.313554680407713,0.23196784172958423,0.6025006535364218,0.4626643481504419,0.3447842482889707,0.31015228149750085,0.32968802203212655,0.7294429406571432,1.0
0.695807853173471,0.35742571656927724,0.3112378647131483,0.43637611757040173,0.3308923613997443,0.12514125563503398,0.2792439569842597,0.3093069458636854,0.3473171242708406,0.41242184020328126,0.4115328963068236,0.5073023419877937,0.5770543412987459,0.570190558386485,0.5537829476259373,0.7794141011086484,0.0
0.31618600501530836,0.23159862219772964,0.4330278433555092,0.3037459840710598,0.7307315177562119,0.37998160549050886,0.46355611863758067,0.33289842254201296,0.3384386846835787,0.3139578566812361,0.49467999493999576,0.4496047902926439,0.2964950393849818,0.5086209612378344,0.5722625836553196,0.4459603988138917,1.0
0.30054295850539536,0.8398263262064631,0.3504187205715712,0.330582724017403,0.17634438174280595,0.18831549343417336,0.28510209679384213,0.3791091356365608,0.3161024539853132,0.32693495789534155,0.4229662901373931,0.6718875079194646,0.3831712868396994,0.4536290847618377,0.4434694843360035,0.49798092615052464,1.0
0.2966013166761545,0.3079572856272582,0.35384962362809247,0.22505308678757877,0.2849062244139832,0.2594853364426769,0.4185091048551297,0.20768406225830582,0.3628307958538942,0.6290730108615653,0.5676958235407275,0.3496054029132203,0.5601553968911945,0.46013967767532815,0.22591178610350346,0.45768941641831123,0.0
0.4357565757775273,0.6701415654468406,0.39471746912393546,0.2505427604494714,0.42420539530008394,0.30790639392646413,0.2917224611266549,0.3217892439598656,0.3967374435689337,0.25724001299754135,0.47329106859050274,0.430363517821126,0.5121291283123324,0.42234731781978474,0.4400869520971188,0.6583029062773225,1.0
0.310533089950133,0.45537646990577274,0.7155887643195067,0.19970611925725035,0.15828763667155676,0.3563143522134029,0.5474582273022881,0.43113198993982416,0.41945701666419843,0.2911905447075864,0.33943408167849176,0.2301260894730855,0.5731683916290734,0.3761006529984869,0.2759707711524688,0.4345675712507566,0.0
0.2963574292010682,0.25626386044625776,0.43374435008154677,0.39268510171213306,0.46507614229922156,0.7182911443281979,0.37610971129455584,0.3309241785577345,0.4239954963583222,0.31862015321797504,0.46158366094470726,0.36180054287769015,0.6193154647998454,0.6320507343978525,0.5736140418697708,0.43599228915110805,1.0
0.22483976704416891,0.335144720389646,0.22822046210036886,0.2399605395882238,0.2903493157565412,0.25810890971152095,0.3369459104998985,0.43414945927797516,0.2594118246323599,0.6032411163286715,0.4976684211252593,0.3721007984842507,0.6846596194111334,0.3978446458178097,0.4360696382737454,0.08342089040004286,0.0
0.1439572127348328,0.35299333834885127,0.3605538486852243,0.7149620500122962,0.32435095879398224,0.40372015907638953,0.4757726846098496,0.30760055809691866,0.32748020482926654,0.23712640115494496,0.37061138804187893,0.4762653710936387,0.46642861753898945,0.2671820231932547,0.4187046538603335,0.6859501506519479,1.0
0.3758063630871975,0.3439756467622971,0.16549489167937717,0.3575200808275344,0.18839320067688212,0.27629000751527527,0.696061585784505,0.2968063319312105,0.37847072831174544,0.18786855818963255,0.49055969894173396,0.5498158131529752,0.4833419162292098,0.6045974433299757,0.38389932438038266,0.7136268264447216,1.0
0.3551424036745124,0.3407445522550697,0.24630802298302903,0.2433681791781649,0.21528996178545273,0.14798211733852462,0.6677964813789261,0.35958623115213156,0.31745941853150594,0.3199069814950491,0.5740617927116267,0.6362022843470571,0.3407815930585521,0.4326534217775179,0.35073862266001227,0.29255787018992524,1.0
0.2267132376145428,0.35021434867611884,0.339549521363652,0.26265121250814016,0.7686123611082021,0.23052683610296543,0.24122495920241366,0.1974740698537779,0.4076884769416955,0.31070030636341167,0.5524243933745633,0.5812916927193592,0.45264521187302664,0.5241278401044115,0.35638180179435197,0.295555322026028,0.0
0.2976848373934658,0.33652326745308425,0.1882875776993229,0.2569022367683647,0.6605137941011965,0.34608064833990126,0.3306356491053106,0.30584975107708195,0.22977181002044078,0.24008851545267612,0.32313076547877784,0.5179544063468938,0.5064178766659504,0.5263081019820575,0.4953516916305971,0.6175263588558879,0.0
0.3160671926116783,0.27989986469526335,0.10327449837549973,0.2160768915997405,0.23909697895945364,0.36682515100707214,0.8071145900357359,0.3485955684210083,0.46362008809432675,0.11416895117206283,0.6080777810214977,0.5590654288505632,0.5370931128351745,0.5909324053602026,0.4219046211359287,0.5447198525316389,1.0
0.3157876163249919,0.37667890050266867,0.21073487507198382,0.7872723098781403,0.3170725396834459,0.2067202354494685,0.24465278904879884,0.27555124808719006,0.3882783400996333,0.4533141785665703,0.4000129115023334,0.4245085045811748,0.7094232494267764,0.4244743223099643,0.6043193526455474,0.5601735427885712,1.0
0.2792510820456777,0.6947873014899053,0.4447379517231601,0.3376310461166385,0.19998066607219803,0.3671649726829866,0.376710549005369,0.3163033843613015,0.27566332940716637,0.2365351374318697,0.5916260680785321,0.5276635822646877,0.4953734798021837,0.5925089777172968,0.3279879927682846,0.4968099342414951,1.0
0.43876996323149187,0.35125543842314705,0.22756720462284885,0.22747391452461602,0.32285142896493735,0.3028167927354174,0.7776153961895049,0.28381990055127215,0.40759100820976624,0.26225987101434645,0.5788412095516693,0.43380262575701867,0.291619425326998,0.33821554585155533,0.5516977635868372,0.48361987583023897,1.0
0.2898110938463365,0.24754415254697124,0.10156698566218436,0.2976678908172601,0.3574096006332216,0.6821260983761124,0.18129583354240156,0.4053945614101241,0.319486754932282,0.4022111592425192,0.4492719584035573,0.49404226313452504,0.5430907888856602,0.5777050923981766,0.31459642812838867,0.5237410671238321,0.0
0.3515225946210369,0.7208749514759187,0.42248638782968356,0.41378145920293136,0.2684199737700044,0.2385293892040729,0.4549037914950877,0.32057182368902387,0.5114381004037043,0.2666154842802049,0.4631361307320129,0.4548400937673273,0.48153413782303517,0.372972269990594,0.3762109107807692,0.5818369383345016,1.0
0.8099801063228054,0.32985961902834204,0.42025091965868516,0.2558684859067871,0.3044247621827704,0.2976097030313967,0.35171968181491886,0.40457440212050466,0.4033405204566066,0.30567991949310996,0.5521133451342743,0.24519816907577602,0.5287982427697475,0.5174942772312536,0.7254870536122106,0.5595257349703094,1.0
0.37736216034614456,0.14425653367406796,0.41577335256482845,0.14450678232589623,0.1550302061780649,0.3362514556098467,0.28380845007430283,0.3085021063039693,0.5419384014847388,0.4127254047982334,0.39889388024018446,0.27753865767819497,0.41789347903497404,0.5021787828889399,0.5986766352069439,0.3188112761166256,0.0
0.2505821796608104,0.40233418066403837,0.2620430275914953,0.2021820359648015,0.311388214124626,0.35080969541067014,0.24684873813698288,0.14080374396053352,0.214600330946206,0.6089678108716452,0.6000426781937452,0.5818416796168928,0.21895547550845323,0.5883614102555357,0.4609567135056511,0.551531173649316,0.0
0.4068243817787644,0.7896475943036556,0.23292499053885526,0.37788855769138446,0.30628039572949345,0.310798716364504,0.3470181467424249,0.28999990766491707,0.29341408036198346,0.23706394156142618,0.24231399664904152,0.22902068371178552,0.4840673430125274,0.6274648352179761,0.2780850975814336,0.4873656193361931,1.0
0.3328886463924016,0.377773921733787,0.7484242681292026,0.3174824355560112,0.3063028271073437,0.3262942556654822,0.34914924909944084,0.3894794242717533,0.3004664911184565,0.15805248261272167,0.4771240221646581,0.49060145315612397,0.716911628375698,0.6308016892093936,0.4917375646285378,0.3879655769250129,0.0
0.7509099030295556,0.40024279640399496,0.2211850260915208,0.35919326768640264,0.26086191343851844,0.261430526080003,0.338522391814433,0.21036317981463426,0.16727119462996642,0.4082745098611912,0.41440633721058834,0.2742014563111631,0.42068697866619365,0.4462546539935498,0.33884865833425726,0.5590661270864689,0.0
0.28761214659599366,0.49286975680828077,0.3605749752809161,0.3889942971849023,0.2085366501425,0.6970582396913938,0.42159265587366956,0.40256092108621117,0.2828095961702752,0.2150408713633804,0.48401963244933544,0.5153470354360702,0.5816287459525313,0.5626242145513884,0.4578340407221358,0.5620200517032896,1.0
0.7205290753632777,0.41045806724958733,0.2965849140640361,0.38570450413514956,0.35753502730382547,0.3118784864116985,0.22433589513327573,0.408455341041456,0.27755903621560835,0.25491869850853627,0.5102431734525625,0.6080943234413457,0.38707134814864813,0.4822030895731311,0.4509187678219494,0.4499542715775333,0.0
0.27314757485465885,0.32928352903950686,0.415866720829263,0.24811461183258932,0.2450531361828719,0.43945882881055115,0.4196681243346472,0.8174995852412095,0.4273660237424062,0.30885735431947975,0.6248232087534583,0.5796688346982917,0.443414550353295,0.6277320440849428,0.1866412633172312,0.4494598098195522,0.0
0.3748519379139633,0.7620872951901703,0.3567014434912958,0.4987478777039553,0.19706073248946576,0.24867295090326255,0.29640227046449474,0.23103980909234498,0.4081587109629105,0.24492946472549154,0.42155956309052617,0.7431102893374772,0.6899048229474471,0.4194615291508492,0.558384532841686,0.5059755569528155,1.0
0.3735447082520844,0.32637601527837584,0.31392852758919026,0.19286949403443926,0.4026305846114553,0.2790212756598963,0.8750281406729377,0.25103905275826577,0.31444323886383635,0.39088010807731227,0.5968663900058716,0.8800404695553802,0.35367005820330366,0.5092363212474766,0.6063312198641203,0.45573719011141783,1.0
0.3039568715388756,0.34594011356710724,0.3713320922309056,0.29049974450079935,0.38164671682106927,0.3236411920963628,0.4895953857886086,0.06355891541667857,0.835903684404077,0.42640155775200844,0.27277991072896257,0.35555268087291503,0.4478181653130807,0.44109266845060136,0.37172369035282904,0.3244822183979811,0.0
0.6618332638950833,0.270816481742122,0.2919897414103717,0.3485853191709624,0.3510125286105881,0.28048914703510897,0.32244233357512425,0.34943897892962117,0.2728489789582309,0.2050994278331028,0.6045412711411423,0.5689841768231154,0.48758249500329237,0.4145238357927072,0.6412673981448704,0.7453590674728561,1.0
0.1635043278893879,0.13210355408899846,0.6563624891723727,0.31640519125956973,0.36658576949472155,0.32006412551125146,0.224472966267806,0.1638598894320018,0.3782676640539069,0.16714737919878378,0.494260299701074,0.6665683937760152,0.3082679107677317,0.4727295709885161,0.3046869101440334,0.64593934405676,0.0
0.330785062452929,0.3977790366637422,0.1796990800172851,0.3848636426451661,0.3712092472778136,0.3544169496552244,0.3384528225068282,0.3088176060222,0.7157237993289949,0.27090251926415976,0.6110825212098558,0.6497350826550998,0.39176783853417124,0.4375265381918594,0.6169926319416881,0.5054759753014028,1.0
0.3981010704684006,0.15174686866179984,0.37558380000116387,0.3039026887225846,0.5095825724564036,0.39224042149127114,0.2550781483821532,0.40011877634604565,0.24939137037420508,0.4135818685982339,0.34335315337093864,0.40507066089409083,0.6139125127320274,0.6167767682743206,0.44016706340903394,0.6451339529831316,1.0
0.43125439145369904,0.30543204544248787,0.21929083384115594,0.31762307859812106,0.3480185364193613,0.25512144472079057,0.26815762162655066,0.3227657403329771,0.7180886219861767,0.2849696756398765,0.32939017186334074,0.715953611663726,0.5371639324320109,0.3867620347548601,0.32583723982196733,0.45957184131577994,1.0
0.3616914204667271,0.19108809571412805,0.3027118739637963,0.32336056366195953,0.7812403949541843,0.3079223574414796,0.3678912299196151,0.19918117263866533,0.30255721789776746,0.25330682353282624,0.26134183051785775,0.20930905999389504,0.28436685387537697,0.6248786086775626,0.48375672276066545,0.20879970092265915,0.0
0.25494767346139807,0.6157986410614948,0.11117014295403446,0.20919537509911196,0.209340545239864,0.2524408650106384,0.15940421535179358,0.27167735009446803,0.43185693323094676,0.22336871325903812,0.6038427198470466,0.7248798645919093,0.6305391176180795,0.717041034360988,0.3773544633332179,0.521357236026694,1.0
0.04952443751483543,0.20449259420971583,0.3549680299221131,0.3425261251225331,0.30010164447045307,0.31956114999331536,0.469407724042359,0.24429574500235704,0.2859635644031095,0.46513535752295243,0.6563684818688561,0.6307498715617507,0.3602995870349847,0.5892011000398676,0.4146607757756374,0.5002930274076338,0.0
0.22339874707481572,0.29460913090117147,0.29833075266222836,0.2749926862943368,0.3191114037854709,0.2674240001380981,0.4430396878919599,0.24150281123978384,0.3945127980570484,0.621614838702706,0.38230915736553195,0.4943114609491813,0.5876934123393383,0.46068828636364423,0.4777211538852466,0.6552802981880418,0.0
0.23199296269941988,0.319019597427938,0.3310165322467442,0.27040845239461103,0.27047265673633486,0.44490670836596813,0.3096139576062375,0.9144273338854931,0.3155882671870594,0.4481737441345425,0.3815468162461957,0.6338687860671687,0.34161947607779586,0.5845054766376634,0.43143859275927005,0.3127383159424616,0.0
0.3476771184141353,0.16632024372420962,0.309161448315046,0.25580973509304716,0.2879151630412565,0.30065686345090314,0.6065895484808621,0.284073424322838,0.41866743772682513,0.3384339725314774,0.551727846439735,0.3625628721618091,0.45114618154763164,0.46468667441054007,0.44026050360417707,0.4002927772737046,1.0
0.19980222618739116,0.2579633829060437,0.2956584043009252,0.30711371235570695,0.29870965135214766,0.2986570598016147,0.2957869741661008,0.6811147466136409,0.5126282215444009,0.17069133771940886,0.6668285944857334,0.4661105930084104,0.6080971888088627,0.4275265043229749,0.44233348027807284,0.5114521428113115,0.0
0.3730551086598631,0.2910565798664423,0.6718190668234614,0.37862645150444385,0.2979450190624708,0.2630815601193124,0.3302828544404985,0.21611119023614586,0.5498996159899198,0.3565194877539767,0.5206031754073968,0.31402199359164196,0.3841886881062629,0.4006301691151174,0.4267758123740039,0.35304619295329026,0.0
0.27931366948105063,0.3056318919545028,0.30640369406931733,0.23213620948924252,0.37492642077477367,0.3934105516520932,0.3342369922849754,0.8906065807294226,0.4154412937612753,0.12046679284036216,0.393810809253779,0.5130467451888155,0.5619065017392738,0.6773471632754441,0.4461745077243466,0.4118256698367272,1.0
0.3613110801740494,0.13806875205686284,0.35313297657009585,0.3262968077925513,0.5989664959945566,0.40853424003122596,0.39184632700334066,0.5080164942267344,0.3620759510266869,0.35366543665994166,0.560483318853126,0.32154320698738925,0.4509401208092074,0.56355295326865,0.5163887449418412,0.433201700790452,1.0
0.43503648040518345,0.14820856167043628,0.29691407723300356,0.18752818860452777,0.3172946032692474,0.18299876855912917,0.33191272201600874,0.2568105444118076,0.2538607973280527,0.6263258427445075,0.5326503559322795,0.6275399789583855,0.35865968026789563,0.385945447965788,0.5216519406345578,0.47456701270426743,1.0
0.09417674236499554,0.7715288431728613,0.47497367237110916,0.3765897652816688,0.3587983323161363,0.24265099032179563,0.45787246259831665,0.31240231867932833,0.3125211348395814,0.2711463545958407,0.3007291730416387,0.5929096462467119,0.6263012499055444,0.4135113748736067,0.6207967859707623,0.5737228741396863,1.0
0.40632603132304174,0.28065022175478294,0.43280384576568554,0.7506921157857065,0.30479302163294303,0.32145231012918724,0.2636674632759911,0.38220551233327893,0.27952544239873983,0.21944733081995654,0.6106467377084345,0.2804140759891035,0.24327215023750223,0.4616943324392751,0.4897224161116876,0.5846110105320923,1.0
0.307889032723956,0.2748272492616985,0.3221133133651258,0.27316683649854256,0.3196107523009006,0.33567715714245777,0.5267485415871153,0.3624987588449334,0.32737267474307424,0.6290197346436048,0.7484705085214831,0.4397052086354061,0.33223700153349656,0.42356346771137077,0.5601937492196722,0.5196565171078957,0.0
0.4152916036559975,0.2724441415700158,0.3889815890683359,0.4327033791196099,0.2779424494177786,0.18173541144395838,0.2983201619267115,0.33844330810738316,0.4526996731550996,0.6237869077306277,0.6823287344058261,0.4526925200427893,0.4736656037577293,0.29877510903542326,0.40769831850160104,0.6475128332673987,1.0
0.3196721847352518,0.20729106095681926,0.39481664757024776,0.48097291499010647,0.23861648154930276,0.33445530357675624,0.46978133123890325,0.3523226325605332,0.2302344126469763,0.6049447073696939,0.6762015978345406,0.5182103679924922,0.6106429011926535,0.6374610648796201,0.5122541693398973,0.8092899337769559,0.0
0.3617846857181538,0.7445323384243501,0.3813074103704246,0.4035374044464044,0.2547072326680859,0.3387564816562131,0.26577861810163783,0.24495982553846674,0.48878510517590795,0.38812262084463145,0.47066856599813106,0.5495547575022854,0.502367740613188,0.5183393037190195,0.4219057294507958,0.4081075287709294,0.0
0.24568753530726387,0.3489111009788548,0.34884503301327385,0.8763159808841787,0.38704668282069854,0.2726026659300542,0.42770597875345107,0.3054297607646034,0.37362328893786817,0.29198383363139885,0.6106257720217702,0.4492592164894229,0.6840394247825948,0.3282174671500021,0.5634642855022172,0.28749074615623593,1.0
0.3411248685946513,0.29536135149598636,0.27644031305201994,0.2460023169407013,0.8796958200912095,0.2586544223294728,0.33281426960884375,0.21047973061410516,0.3846673567902122,0.28648279794772513,0.5468392590043408,0.3932504601444734,0.5187741905510406,0.4949874199176666,0.4925849991104112,0.45202586687497726,0.0
0.3293860381331536,0.30302503870118813,0.6651539768302567,0.31027606202261965,0.28420058614645083,0.299473267497107,0.20961885226966542,0.36452944787989133,0.33532793685591616,0.3688117192414346,0.5391612044658916,0.49381879587380795,0.5050284724730888,0.577859952461029,0.5354084454421915,0.4309734786242632,0.0
0.2294346917206928,0.2321076061364184,0.21822346836709872,0.38246318436335347,0.35067228449524324,0.44524679398267075,0.3474483108609107,0.36361345763241726,0.554065759819743,0.6945015696073316,0.27985893875159573,0.44576872825135605,0.46484439481536166,0.376466331474256,0.536932024307781,0.5414594659348676,0.0
0.27619068204621555,0.22663685257394967,0.85528211446248,0.17966779306443856,0.2802395531124475,0.15225202850192784,0.39278216037882235,0.41582295672280645,0.3874816015564781,0.4074404740379701,0.6541433393747985,0.2851350727187556,0.5893958878741462,0.6799671278750234,0.5412405425871166,0.6052357949499461,0.0
0.3015733609781063,0.2282199105555165,0.5289501357627875,0.37379593198424277,0.32246905081877375,0.7851855623438049,0.2666139605950526,0.3609134433181445,0.32889766508460777,0.22195464638921686,0.7365475722382839,0.5587124243450879,0.6798750590640135,0.49235301849664775,0.2626812835792127,0.7026531903896155,1.0
0.5992754707813899,0.30923788890066184,0.20638356289267162,0.3967497567013286,0.33174207371962705,0.3795444115540205,0.29299991540979414,0.34991623614754774,0.3057472346168125,0.3068109011599376,0.5509159546705268,0.6208921080974485,0.4234529107230556,0.6579290806189396,0.326423021077319,0.3133096032882755,0.0
0.19080884952628924,0.17953669397583447,0.3744485316697562,0.40882357524444324,0.27685671497043135,0.19422669023223393,0.7284113390853081,0.23090320095358813,0.25892960243304125,0.20403685544004035,0.46027717300059834,0.5072150007252257,0.6392933608796075,0.507857900502196,0.6108110253992222,0.44587145185420896,1.0
0.33571406349197097,0.47118916428103375,0.26913367706329333,0.33597465267349885,0.3047838471328542,0.06952373458861924,0.3525527147608041,0.29723413447092656,0.3746490963529587,0.6203342224950033,0.4197939290930408,0.4452763228258414,0.48285986666290087,0.4656209400761846,0.3663467199452455,0.5360083058788103,0.0
0.41393253697273524,0.22290546173800588,0.3468510635629368,0.18243748370140717,0.3997725091814411,0.8505397189546005,0.34763387362775205,0.44067816025232,0.4916717961455912,0.369053636434477,0.5382914853107902,0.2284018863190349,0.7424149965402438,0.40359808639183753,0.545182984289617,0.6650358614055595,0.0
0.327179948929292,0.277684276256882,0.29918110238898626,0.7386664246763996,0.303542126978309,0.3217792942265157,0.3491053388913051,0.2629728359104587,0.3823351914317587,0.39095295976880423,0.5380104139474464,0.5666669683833618,0.2750300327659245,0.2984549280176424,0.3933538804004022,0.536409099765842,1.0
0.36174597338385917,0.3126741481809835,0.29830140386015336,0.4193416422686772,0.23900378858134563,0.33369342628788023,0.24014439151354755,0.8015547410610804,0.26244789492191967,0.42347337275461866,0.480164860612699,0.38014353729079503,0.45812944208869744,0.434944101883153,0.602432861221328,0.4559643314161639,0.0
0.24109423732676416,0.34849251831908123,0.28134308689729626,0.2871185343895888,0.3241849670992452,0.46131272731225037,0.3253626941045733,0.7810817097746339,0.382006707527438,0.4345705606404783,0.5398239942366795,0.4186355989697868,0.2713420053356206,0.4264228591013692,0.3444725489486217,0.413381757174931,0.0
0.6458477394438843,0.3760352377264165,0.3276601127314427,0.398574153703246,0.285864365927363,0.310847121897174,0.3118996274559498,0.43507690022372497,0.440180782308596,0.23578683280111906,0.6753939714102412,0.560309715954678,0.6362830799409409,0.39737436602266896,0.27940746545479356,0.668245118364995,1.0
0.3123062830477857,0.34478466616813036,0.7872427743400559,0.385627106940439,0.2374155012206755,0.2504806393425167,0.26337374371521094,0.3805083915980661,0.40031437257818736,0.2412147860842958,0.18084538434760428,0.45811568022810084,0.3946028274887112,0.23080439289657073,0.3644087753306256,0.5300051715218855,0.0
0.25540418834311657,0.32318450423774586,0.30884408187946805,0.636313864919617,0.34395012163541616,0.21189479754729074,0.3446848178889038,0.4458125443575942,0.33555562728551275,0.2772651523067484,0.3966774391186336,0.6815198633606978,0.5537792921900798,0.2240152291224064,0.40962907746144595,0.43628745729011653,1.0
0.3539501058669584,0.3541243243689938,0.25817223851689,0.1966776916369907,0.4872955037769241,0.3301676043103604,0.9228853988613697,0.3958398551429927,0.1818244260899711,0.1402182190934558,0.5899347491909981,0.5657434771251038,0.29776713990256687,0.304361875600379,0.39264286636859896,0.5861674242055644,1.0
0.15870728983664018,0.11414315626900495,0.31641306097139565,0.24120301264494123,0.29885967047819295,0.7430200037485566,0.3829671055946542,0.17769771159074832,0.31263838758211815,0.22874761413515127,0.4644531931324663,0.5503923139022178,0.48246435838139134,0.5815943740114644,0.4180553424171661,0.4483082757216617,0.0
0.32374219713169483,0.8570054256450479,0.1354610543758798,0.32041961238439043,0.3323914606698767,0.3345959959097959,0.2531515747920773,0.3100452402514962,0.3148767592830704,0.11121976617161489,0.8627083828288664,0.6467318980570604,0.5746507237769344,0.3247650220642795,0.49092597535758425,0.47412771461477776,1.0
0.36393522313247695,0.4164108798948206,0.3313527332614206,0.78797362969516,0.21389599871072887,0.4333881982456045,0.23482634861109652,0.27700904023650996,0.363085100933968,0.32605021843486326,0.5088706852917487,0.3482703923245698,0.5127246828711062,0.5863029300490573,0.45061152174032465,0.4500839277279472,1.0
0.7923178578164355,0.41993502800263793,0.27873491110396054,0.25031317876968795,0.464341816873754,0.2602245557877464,0.3422738259920378,0.23539916595967497,0.2804666089934084,0.19440543156830076,0.31565389252369436,0.48996050794004004,0.6601403283584125,0.38704775282356035,0.5103674199024101,0.6197760637812385,0.0
0.04796545163695448,0.2702716738894307,0.29195498756081273,0.33917032834288646,0.2625190153502899,0.36953379991734964,0.19174572541921264,0.8038577184090396,0.2712903688013174,0.26462796288071877,0.5277392805475271,0.33128335295263517,0.5148069538136543,0.4761928883740175,0.19256040633785138,0.5937459708950982,0.0
0.3421906084469377,0.28071109994368065,0.276763651864422,0.3620022807083018,0.3623315332405871,0.2847520714368116,0.9103912725981522,0.3652601830785583,0.3081669185955809,0.26652214341800406,0.5670904847211431,0.8031046584908373,0.32164490947761315,0.2964487239725567,0.6814894675742971,0.3621528580511008,1.0
0.15369423027609022,0.34282884853913664,0.383430393755208,0.2943739778931075,0.31948878037429124,0.2802057624455045,0.7940772041818557,0.3884727097926551,0.260884487918565,0.3177829706217335,0.660542922729863,0.5590260659338361,0.608293069458908,0.34420738572844634,0.627664074393251,0.6547107759653553,1.0
0.7603909324056922,0.2608991882209681,0.3719522964249941,0.2821084960706472,0.3178080307015053,0.17953191793886417,0.16117046459114182,0.30174801039660665,0.29746092496823656,0.22911917417733374,0.3829865575443513,0.511011461077486,0.5223374108523734,0.5203354191523298,0.26311854187167616,0.6354079074175534,0.0
0.34906392723115875,0.3585571563574947,0.3302064843194555,0.43117268500522776,0.7997649079527144,0.2819323314572045,0.3002836690156521,0.26645403376066545,0.26876740716367165,0.21685810308079023,0.3687676072507233,0.5370700530442922,0.44003462184553016,0.46321701655412195,0.3606757394452407,0.018189418696877346,0.0
0.3446150834336741,0.23718534463804788,0.273221760086944,0.25139751120105847,0.49095675708723396,0.10156428067099138,0.6733212333700458,0.3083900178887422,0.313136392007151,0.19006863969716775,0.4547829306480708,0.5163148634382435,0.5776224093714825,0.6475452735808536,0.3637782841398326,0.34198154775352074,1.0
0.170041560139665,0.25003589755629985,0.43837142483343283,0.23392881672832627,0.1504461228132872,0.7526949183342262,0.3487731400883389,0.34809684944948316,0.2923594764200029,0.26762721509550175,0.42517660506568283,0.45397833004175436,0.6160321994870606,0.4790696551372427,0.5418312825761823,0.5525433794147486,0.0
0.2683151465447694,0.2610144403757271,0.336259790700098,0.4412379678930882,0.16124509155631617,0.27793395580328983,0.3210534155663036,0.4440686687593338,0.2572823387436821,0.6361038146448107,0.6611838798536378,0.44968126625426286,0.46878302782329595,0.5368890543958386,0.5136848197022214,0.3555820506568562,0.0
0.3840127118088767,0.22596539797252635,0.41077032015067705,0.8861744474017916,0.24068800628504466,0.3774893238370076,0.207000644272079,0.23631568130538583,0.38914799565812763,0.3232818633368039,0.4061531273423226,0.3806451074157277,0.4067066972995338,0.43051718117620447,0.518967472994105,0.6448929818198145,1.0
0.26103372245843626,0.30077533501721065,0.37555546232759546,0.37567352648104707,0.24177374129796098,0.13506068762398124,0.7664811047377273,0.36845693258935625,0.32239447295481727,0.3377698279300335,0.5413141851403377,0.2508986272922287,0.7901540002721988,0.5388492171389957,0.47888103745288363,0.32710802449196785,1.0
0.3507087276254277,0.32382052565288044,0.33986227092492033,0.2801038121350264,0.28125566956819037,0.44784395469660043,0.3708274303493363,0.35210837704999287,0.6025944321175534,0.22282177267470565,0.44816194253552644,0.5354327134276875,0.6849946376957656,0.4908052911913114,0.5340633888759037,0.4118939427190317,1.0
0.25376025981758843,0.3309738712854297,0.3009248033444878,0.2804371901441771,0.24780977940985688,0.3141570256087113,0.2813271283204311,0.7714311385633394,0.4477219389150358,0.25933910402516386,0.4293066720625461,0.4925840565689417,0.6693976342023065,0.3595254780524201,0.4877188974745938,0.6247206541565732,0.0
0.769696424632337,0.3377594612964824,0.34043984909005065,0.38234103253713164,0.46147231461455085,0.25700823668498496,0.39308838562238624,0.5139901568159659,0.041854908833661664,0.2705255573220033,0.6143312338635253,0.5037015131128613,0.48647357100225463,0.4895231477085103,0.4484512405233123,0.5046606784520821,1.0
0.4016845696146988,0.21099023452075175,0.19502369186158902,0.7612828148274127,0.31438605352358634,0.4691591458201,0.3688313363956077,0.20779986190270322,0.3731971460670136,0.28059602885395757,0.5353226258880867,0.24931913802317718,0.5511684712568229,0.6044860275677714,0.7789099345772303,0.37485605199996525,1.0
0.43629655718308025,0.23704155054136217,0.28172072633372824,0.31041016658524706,0.3604977352843022,0.36194176471471484,0.19845027822566239,0.6780822763435698,0.28950374367462794,0.34581077642010005,0.3391940336683184,0.809258722638438,0.5414766043439457,0.42994627096918936,0.38482168415657436,0.5067996601545495,0.0
0.186476579189633,0.220236418579866,0.42447117223201525,0.23924208656624413,0.4638991108882938,0.31961941175200326,0.21130039702488745,0.21894654318887805,0.720172794676903,0.27455248160647,0.39982598823191035,0.43423863359850534,0.49430179570770755,0.5473488405842384,0.3260696081581297,0.16737943289939555,0.0
0.24183186397553685,0.5839324025523542,0.2977841819386067,0.3455598953298647,0.21225236215856144,0.28909553371266283,0.31669821252238445,0.16729687328248125,0.34560349221961795,0.40405071400969544,0.6381292442149016,0.5615881478925782,0.5560780819673844,0.3477231465193149,0.43722557694081965,0.5282281478730625,0.0
0.3539836383033035,0.24114308710499222,0.3514387980627815,0.20811729962138775,0.36023559010003775,0.19883036749011868,0.808607372798816,0.43945089610080385,0.3932787122622945,0.361887729802433,0.47163980540383976,0.5973116647583884,0.4376352352019213,0.39860067354262796,0.32367065295935216,0.4268355350899032,1.0
0.2939748073369746,0.6187662768125273,0.12927848548892343,0.27494734878744403,0.42985925205062064,0.28547173646637564,0.29983019063812427,0.25970804812527803,0.28170738222451475,0.2976559888022634,0.3569842449717535,0.58620624121438,0.2994710001125003,0.5244976227858349,0.1898855429790629,0.42880092829751487,1.0
0.24905647676973788,0.2527214657384289,0.31586943528550615,0.36424837767227775,0.5118011003020457,0.3228053357996585,0.5142105592868523,0.24289291339695873,0.6200873812811414,0.2408963998838217,0.40238849365541135,0.6761851456158147,0.4204616944441838,0.5817545418185812,0.4763510045233025,0.500387551196339,0.0
0.3090108988524003,0.43034927256547895,0.24369895683352605,0.3659708654104594,0.40014860873052016,0.16599797142233338,0.37994252107635,0.2492380686636534,0.35238833874734465,0.7234054355198256,0.6405425311033374,0.4061301161585789,0.6158550844170384,0.4206844358350094,0.41226096976951987,0.5264672115820616,0.0
0.16690562820980254,0.18862747201287774,0.3535731309039178,0.41080387470092816,0.35223519547877524,0.458731696633859,0.46909104331516893,0.37857120881440376,0.16553078718293598,0.6742838702102858,0.4481503852986384,0.7675023012119857,0.4383268482200075,0.5769089735916764,0.4318696838850061,0.4513158379030709,0.0
0.34011663808937065,0.22527926328573253,0.3762295243263575,0.5186628301258736,0.35573625173831885,0.06371358997411028,0.5321627680689146,0.7060091116311418,0.36019381138410295,0.16396129040790466,0.6428136390329927,0.821710963762321,0.2862994770674492,0.4831808948770886,0.3520635383138128,0.2566978547375535,1.0
0.7463434088118827,0.2868604578124234,0.2894353007513399,0.2739346893391222,0.25436334069285954,0.28308547342535145,0.35454800946649506,0.25342757273241506,0.2642317378001897,0.2529802772904141,0.4649122145647324,0.6978397120415087,0.49303259141420674,0.3283235580541459,0.5052157689243457,0.5490572913950812,1.0
0.23926463075562474,0.8201369900807276,0.27259201285858237,0.3483917308042414,0.30598974293389697,0.31146502022801725,0.3972303470233326,0.33806702117375176,0.4118826835630191,0.3916248917578862,0.14429931373847116,0.6211068964109036,0.6567264605705398,0.319817022581414,0.5040867903997218,0.31608789425060957,0.0
0.6620771564062006,0.2839280945564635,0.1279100670459838,0.35098241367596617,0.19630834835890554,0.31873121449114405,0.26057863638894496,0.22103288555583417,0.47025407073773684,0.21614156432233597,0.5398440510368727,0.4083374697691517,0.4613906587799365,0.45729727502932,0.4774818697498984,0.563363732654427,1.0
0.293120416912779,0.40373466964644233,0.1046807673239381,0.6972800171775178,0.16991712568041548,0.2543252316169333,0.31157554665148934,0.3876389499352276,0.4553971094585732,0.33038992502184866,0.6840791658347191,0.6579708051084301,0.5374175388117821,0.2521907417886007,0.4782695517623311,0.5675847217532966,1.0
0.28261029416408107,0.2049576219552079,0.3385763329997717,0.7689146489351631,0.29222733504185405,0.3917108740651602,0.22039253286634133,0.334764488289312,0.36411496206506233,0.3905077710057626,0.395139101672637,0.6879005172392693,0.41636046835124335,0.6046864368174507,0.5094840324810495,0.5210311574031602,1.0
0.39886992327363474,0.27918520790192813,0.3776267940224588,0.24743904234950653,0.3173866801575758,0.26590448741842754,0.269271454014208,0.7145947735314531,0.3900257986631776,0.20678405414096201,0.6538382716775937,0.3881676349558625,0.5725599943195244,0.6261189112979658,0.34309196912925227,0.45712231591938646,1.0
0.3200396929021362,0.2912915909877004,0.34254581496315684,0.32399704917885763,0.34999350284403646,0.2434337232177527,0.4119538103068294,0.4071362091438587,0.4800876761830879,0.7006402153086095,0.7046183703543295,0.4149419542563348,0.40507708182546226,0.28156890619967934,0.46541297859037983,0.5159152639249416,0.0
0.3388328543492847,0.6882376772960247,0.41155186089433093,0.31129391748541463,0.15588292103283385,0.23962336342238694,0.37572027050893125,0.3143565691371776,0.41639205920899397,0.3010333495266836,0.48753467952600643,0.5390162463890288,0.4678885955460664,0.3694091785056472,0.4200345027745192,0.4588094688670265,1.0
0.24087121725282537,0.182575289644129,0.4429416891076001,0.23346575466569275,0.3548157170868712,0.4177826798676043,0.23314659583628394,0.7055966330630464,0.2541229588342234,0.23766844229613115,0.5973200494450996,0.4834487581612477,0.4336077785865225,0.5722136239370564,0.274087898902195,0.47758754242361023,0.0
0.33767696771333233,0.25766591647385684,0.33078387859745917,0.7708628959198884,0.24278916874299655,0.2363006354749708,0.3996914790356578,0.31245032861204025,0.37590389860140205,0.27739814662066864,0.5017873513890269,0.35959940648993016,0.49983534006468583,0.6214352117279365,0.35503964355399165,0.477001092311606,1.0
0.2270524825070797,0.28148932048405334,0.30158155361434963,0.31592076845857003,0.32413647536912626,0.2728276723158214,0.27090975676122364,0.37423520423002493,0.30573509631815243,0.819367508476037,0.48500047310693356,0.553864443030885,0.49768034969791475,0.5912338616763829,0.3513647220536558,0.29226649599925525,0.0
0.389341230638537,0.26152937149888145,0.8196523307053966,0.46521030079736153,0.3767980449893944,0.30513903884013815,0.31300314778537336,0.3188118205810359,0.18496034474049997,0.2757487388901873,0.7034504275275276,0.5159013672780176,0.5017583068780881,0.5067011866830726,0.2491629310441715,0.5013363249289828,0.0
0.2906517379213897,0.32600338728501205,0.32175184767524134,0.32115758099557273,0.7923109213808854,0.26261898005694717,0.32052502659392684,0.13601882310231786,0.3660911560036458,0.2956036878244691,0.7572141502064738,0.24276975725799627,0.605411462005778,0.5521644988827282,0.44740176262802345,0.6157980418050101,0.0
0.693773297872151,0.36252447456943643,0.36022848729544216,0.37070442421096594,0.4133606374574822,0.20096150261704412,0.2965582561644805,0.3996725948860228,0.2137433701593921,0.3472083610164607,0.3935112821196328,0.6536305113734467,0.3185268667027307,0.6439634257252045,0.48168435833975726,0.40988851729659187,0.0
0.20087215357902766,0.2696183791136383,0.3711086641405098,0.6942930816654607,0.4520881570243378,0.3069381394253667,0.45561298071861567,0.4323991077207108,0.3402221003507861,0.39163428255615945,0.5545059452243459,0.5405636400238967,0.444445580423174,0.4744313085068469,0.5283458717618568,0.6588347782700765,1.0
0.7147149593041606,0.3153191647554919,0.36752007310550067,0.30632052729030135,0.38964803144999033,0.36300973287413246,0.3592811442769325,0.2769295687793923,0.29056602659006664,0.31690967359511774,0.8223877110023288,0.4977824153052288,0.6102930369267665,0.5764210075950714,0.2753962665980521,0.42594920808305786,1.0
0.11851638643549334,0.423269936067271,0.18165048375607992,0.35637571371790167,0.2737544949794421,0.22558623833972702,0.3312055959531347,0.46087797293070876,0.7300545279329587,0.34581473238490357,0.44840558802134545,0.5994349872988561,0.5511165348320552,0.5507861630858715,0.385540307647593,0.4029362458113122,1.0
0.15795106469007195,0.35428029689515733,0.43950554509779527,0.33523979748742755,0.16959875203139627,0.7372187193130924,0.3323134382293541,0.364189515035025,0.3668522383335348,0.11042711590073953,0.5959933079920012,0.8390449225102466,0.5032977360444868,0.5852807530034154,0.3254435326015497,0.5516683640946041,1.0
0.39008986727371286,0.2667899385567355,0.39481254945709854,0.32861659830209494,0.47588656827988673,0.26844127355573727,0.9152428404018711,0.3814924079408849,0.40320114912174715,0.3231277061951801,0.516226681620114,0.4224483284806158,0.4749195221278751,0.2609285325250931,0.37074302787523783,0.6980444628270117,1.0
0.30021555425654484,0.25859198240471676,0.1955886915568752,0.30312637746016746,0.32065924811842245,0.344103713924936,0.3393568388834644,0.24686326583532955,0.6980603402718474,0.24275679704968542,0.7264385906747834,0.3258483721774299,0.4238124187021071,0.3057781017252587,0.45743012786601417,0.4874805156112274,1.0
0.36038430582116987,0.2984426704863972,0.15381066066576177,0.44167458571334894,0.21096169413721227,0.3186421900193231,0.7860995147729175,0.20337254794144338,0.23204998266387378,0.3332798404999212,0.48165580679486725,0.5927879119814036,0.5625178365186613,0.4542184741002011,0.47558098317668945,0.4044079315742413,1.0
0.30005704702856184,0.1956930559701811,0.36406699658814967,0.2857299724490859,0.3020745581456283,0.23495254561271656,0.9886829680748723,0.3447370552783754,0.1603991118194775,0.3259331066856256,0.5293238831465261,0.49832519126233643,0.6762402519332529,0.508086125328854,0.38700929010866003,0.6375503875008469,1.0
0.3308611131139995,0.27655142401652594,0.39757849979407683,0.33972978507186086,0.7611833561440549,0.4069978674507785,0.30852156620325827,0.29827612002886067,0.285306222881105,0.31281937567244694,0.38444874789392114,0.4576235228654264,0.30086584104369074,0.6639282832990127,0.4395266606059658,0.6179979220062018,0.0
0.30247640207296594,0.3473832179655317,0.19298056377590445,0.424276199213521,0.23947243519529693,0.34721718109980526,0.7386247842991807,0.38932406634866057,0.26219777623872453,0.3212365569167355,0.3669427926729236,0.5230403150780609,0.6753448252223275,0.3831959781075801,0.5247588316600874,0.6966385518286492,1.0
0.2821789429486422,0.3069422151364161,0.3605451975560668,0.3876866319143514,0.4831345047823832,0.2746609516061356,0.2707125641649717,0.721158682544317,0.3437543665680158,0.19760064456241522,0.6202087225627145,0.4700096043410994,0.3983643261788352,0.510718470906933,0.42552742477314254,0.506978555967527,1.0
0.35107929617892936,0.12285800175222861,0.4061174868873378,0.5940587803103623,0.23735063473899726,0.282400149933696,0.2781816426807039,0.28408741956498945,0.32362876664635665,0.3287843992599001,0.42267366656744876,0.27672017590676823,0.5304206483208389,0.5710566346044269,0.4049608840675984,0.4707586965663181,1.0
0.29504394324456507,0.29249350185451667,0.3271406016295017,0.4095730124217406,0.7932932777903785,0.26798713288499443,0.24513133029948872,0.4141101186078444,0.46050364266979993,0.36435375897968747,0.7223784763748572,0.5894436793616284,0.5337132950550544,0.5157879198307036,0.283118730972992,0.412378973871218,0.0
0.6629364036772908,0.3314992156067389,0.3743870807706212,0.42584559362589136,0.40887855165717896,0.1687943448728523,0.38836662390761745,0.20611290174049487,0.23784359432175473,0.2976959367542882,0.5662484890982259,0.583699062570806,0.5593313794806491,0.648741911454876,0.5425379573743295,0.4375489844103014,1.0
0.2779557500346147,0.2789128070463416,0.2896430207455467,0.2857949553174317,0.13383860099505382,0.2570344215237257,0.7621466938244603,0.39984118601397967,0.2890465543719238,0.16755870256860264,0.4567690329243489,0.4047142748131675,0.6271429736092218,0.2344543475069369,0.357472069244959,0.5645389523811686,1.0
0.3358237880167791,0.1833135395182703,0.4397519882443644,0.42920311739326716,0.34320028268386066,0.18752398078865518,0.3829719167359688,0.3992351614791667,0.30609332887911406,0.8144326358524461,0.505066942142934,0.5738875736483885,0.4048553172711392,0.5142432355241405,0.5034418731955583,0.7751917097741263,0.0
0.42045688101725576,0.33631265733019594,0.3117331457704827,0.3800227869703702,0.35066019532035025,0.769533401573119,0.4094038519295451,0.18280612416821193,0.2483030132250051,0.31325858073754453,0.30650658917205187,0.38141261547546923,0.592671341705114,0.5680562237429752,0.1983039974850469,0.49879105542989216,1.0
0.40156383038202464,0.2617761563691502,0.33937624699610947,0.20665980869179706,0.48858555427466543,0.2649261457181231,0.41147397514904316,0.25550508606725486,0.6855766179882354,0.3320733473199101,0.6390179419682297,0.3603842852948044,0.5040744417681785,0.3928666712457417,0.30589079831242383,0.4258102585006151,0.0
0.3958911000386882,0.26304856950565414,0.276203608825251,0.4544441032809836,0.3414858643370571,0.7703295526331256,0.25080761419059283,0.189818048302099,0.1929726603457782,0.3574052794720164,0.4268004272866427,0.44848251332344213,0.7091283413975574,0.34133344184898745,0.5778279156833995,0.604519730186617,0.0
0.2947824715724899,0.6733869930244547,0.36143060677640904,0.4549073994274526,0.3075227650269584,0.3222409210554734,0.46299858516814735,0.2732678831707418,0.4368700285718612,0.31669967682696104,0.3482296662111492,0.5646512215817905,0.37845197394474156,0.5803483594074653,0.5559368163757663,0.42929683207539576,1.0
0.23218617908300962,0.22577398999239257,0.3433415031563002,0.36313594164881174,0.20618501243695259,0.27533660807134747,0.28998522153831663,0.3646840144710559,0.39842824630736945,0.5579351792103492,0.729545370370263,0.4616931678798098,0.4733771332661913,0.6219798853925071,0.21121948161648407,0.33422257593938265,0.0
0.2545647018265169,0.35789090955729985,0.27451458581691357,0.7829009295644225,0.5249690698592596,0.17904276637443062,0.3354216603740761,0.43139123958073655,0.44834883716724383,0.3694912332912369,0.4229649286063659,0.6609112854362135,0.5049655896018962,0.6248063167273471,0.40963465977149033,0.5984673279725409,1.0
0.8417142999569629,0.37487806780535704,0.21648344571782116,0.35834587586052175,0.3093403388638793,0.3133550755147637,0.38857406808532147,0.35353946798267,0.3891082401272751,0.17854127129289082,0.27427958432507366,0.40793504135453984,0.4367893047285026,0.5538592442858566,0.2634730682436083,0.5503115496861707,0.0
0.31675164122548277,0.2751613823138854,0.36331624022760534,0.3868204264945352,0.1454492493361076,0.23820764246691295,0.3367609364220026,0.8740487070785163,0.34690144390496985,0.21432903868286488,0.219789671127694,0.4348765297295788,0.6424960589425361,0.3301355918651997,0.3510804947456794,0.4495875772373454,0.0
0.23111567173231093,0.31591189611766507,0.6859033217738832,0.3462375104043245,0.37926510338138053,0.43776475139717486,0.45146707320628443,0.2459027431021886,0.3255701870611339,0.27905538127623786,0.4799734837837657,0.5648905429719646,0.639212017568399,0.31169884462089764,0.456435497580177,0.35000259970304315,0.0
0.2823892761654323,0.2375699126766761,0.8225772604776963,0.186324531019198,0.3407881054281119,0.252602911633038,0.3698702644410913,0.24879907724371556,0.4393307136040231,0.3580083151201191,0.5358608234175762,0.6657260560358234,0.537077492336878,0.4852619468744122,0.3085413715043327,0.4977876239586133,0.0
0.32946039356908047,0.21781750193791116,0.5353725280870332,0.7338638799721241,0.3701139514945583,0.3491724443371948,0.26166977800685004,0.31241631954591326,0.2438509812946589,0.3614606942494651,0.6591892276524152,0.4970702819847145,0.5752928906189892,0.37837983780499035,0.4780454921437442,0.6082071762392145,1.0
0.15518160461400332,0.7154760373283884,0.2589538042750757,0.29193251671800147,0.3493060819699486,0.24427809867033246,0.2182804955765481,0.2979941826417544,0.24476864347599608,0.3407589689362941,0.4385363911270527,0.3974037108452312,0.5401878526178227,0.48738090485525487,0.4496412123180386,0.36253548767641286,1.0
0.7888481512226948,0.2322148207480385,0.4912010793393675,0.3501034912799748,0.3876038982265579,0.2005736046558571,0.29888485930178826,0.3558066649259202,0.3274507298903499,0.3144861282621178,0.5580169489570073,0.37341878635605374,0.4485110348605734,0.6557558373300361,0.3740879951180752,0.3334806389648423,0.0
0.3275083520576043,0.3577219489988566,0.27327422858930117,0.33696535397225647,0.32771549935419075,0.3580440520678627,0.19148649262301803,0.3318292490219766,0.7469511938156299,0.25445972461754357,0.28155061111215157,0.41586937945403185,0.6404420762793472,0.7887910599139445,0.5178914980385918,0.5163759981222416,1.0
0.3737241750230559,0.16234195908126953,0.806724893292574,0.2612230946934859,0.27038364764665795,0.24140329433679397,0.3454909557440901,0.49786986927014465,0.130724342837043,0.16632312941378194,0.7194700926103067,0.5270808469420216,0.37931411947843946,0.5493908506227096,0.49936929892059384,0.5221195653430748,0.0
0.48575470331482073,0.8245623320510451,0.3495422556457141,0.3783639977469869,0.34289875978656853,0.34169118744722354,0.21675668399069442,0.46103767395215095,0.3108155502035814,0.27796075096963574,0.48536309806003597,0.5249877773603898,0.4712587811394552,0.6160646537336611,0.518491881871692,0.4264925743341146,1.0
0.05796058643418134,0.20000906879122746,0.36213281150132404,0.2164275606344932,0.33213190875337517,0.28064315466677014,0.7308339026295259,0.17631232513299047,0.21452261688969612,0.3419706257333568,0.3447903622316155,0.6436341315691122,0.20324424493135435,0.6962804529558366,0.44087544400704776,0.5418677101612823,1.0
0.36745550089301626,0.7521923977161631,0.28862553947003533,0.288917382658224,0.3842735526883687,0.33887005769143186,0.5479015941894899,0.32143646031100914,0.22870908550994076,0.18210216625454287,0.30482376805474076,0.5405272259267919,0.4269429323272331,0.2871251417421755,0.5073344439566942,0.4431744802696983,1.0
0.33043998838588456,0.7346115937227251,0.25222482774227967,0.33094436026829005,0.4392982432831817,0.19480550418795856,0.3976916085978822,0.4905178630720428,0.2811958582782884,0.2817659287581426,0.5375546130390882,0.28203633687524954,0.14308347901087787,0.4324304896616699,0.40781594866086474,0.5681034647919218,1.0
0.4190520730004222,0.16720496390504325,0.748303039291881,0.4612415495150898,0.46447737307532483,0.2351256512124726,0.3390061701329405,0.29865296048718604,0.34488078069224176,0.26776389033644804,0.42864723246585296,0.4700131658988033,0.5175858003428011,0.6203115914812973,0.30616446458504115,0.47065023991306143,0.0
0.2918158455595523,0.3305685027084826,0.3726419060067699,0.2843442370254729,0.7554560553158531,0.3080772231421839,0.31407917980540984,0.3966067875594661,0.3319653455649119,0.3436770929510144,0.6462449567075909,0.5305906789918642,0.4384762611352781,0.3846591496367991,0.44745924082359173,0.46847142218764515,1.0
0.2941025742523957,0.26931694914381915,0.3739871432065243,0.38782781517501674,0.34577274278869535,0.3111872650968474,0.31360810972685504,0.3404427730125742,0.27886158635527963,0.5932200871732901,0.41880403634864133,0.26540768531104614,0.6069254839562881,0.5219924094584432,0.5274275032480423,0.33447731181736656,0.0
0.7846084741640402,0.23602475752794283,0.2660853615397537,0.4170203036053771,0.2331751481097968,0.31560121802491464,0.5048518684220138,0.29376107364832027,0.08614529526198259,0.358977466659711,0.5715923720666204,0.5379751015737435,0.40134995119839556,0.4225302674377697,0.4915233202692786,0.6287369011223395,1.0
0.3013216249297998,0.14834459832639088,0.738154875410935,0.39105222771903414,0.38513502911142966,0.133102393410162,0.2602174371107732,0.4986861007262888,0.16348246002254838,0.16987319394585015,0.7029807135311664,0.23003383234837194,0.3223670625263394,0.5205812459220361,0.4817058563516421,0.44495845586568245,0.0
0.6984072673185874,0.3162508854842796,0.2743538760365516,0.4982228317869508,0.3422006703373065,0.3054271002088059,0.27562977489348156,0.4357888446060763,0.3966069339541932,0.24251478362876527,0.6151819962324897,0.5557671701189333,0.3084107386560066,0.6419115542789111,0.49937948879245736,0.22034726585977715,1.0
0.4066702480001775,0.24834687111658582,0.21793089824790246,0.8441099771626126,0.182855173339309,0.40178985104790627,0.41549990450716934,0.23837816413455384,0.36525470071312194,0.2652858807542652,0.5231196612118787,0.35632170267282004,0.595528658870482,0.5141063222766904,0.43462112070783276,0.46317169188355234,1.0
0.1632238251987138,0.4147387599618303,0.26394911719396535,0.4382784516512236,0.6830584264622875,0.3723904123158206,0.24980353000101546,0.32271324000712415,0.3228606790758,0.22795074140174948,0.31200678701671647,0.6718397748393501,0.44549177986987976,0.4902599732803745,0.37090030539535046,0.4422672457864459,0.0
0.3188619057351035,0.28088416158416885,0.7624158194633,0.25679908454175526,0.17581787705767424,0.3499288486313497,0.3548297681901994,0.2747325660010365,0.2794575623345317,0.30453607992782644,0.6379456204448202,0.3488947748177217,0.5446894602749922,0.6305399962781018,0.5848790466334586,0.41523641810030903,0.0
0.2377517184420823,0.3178123634263701,0.3586082951085016,0.6847943904590603,0.23837338330512642,0.37567524832804916,0.3561080121434793,0.15556782181214898,0.36889108065171644,0.38407648624029966,0.43837726604159244,0.630953124597583,0.3979732850978643,0.6696022640914046,0.48987945938321015,0.5329637433990514,1.0
0.2425874051675544,0.2923900655642353,0.6850411885558194,0.3816382501287896,0.35474873525143213,0.3174461794453817,0.2637550447899197,0.19028707835726164,0.19164877787405024,0.27581811227447683,0.5142555594840257,0.5393034436694447,0.533201836583317,0.40768024302623274,0.6869549561541568,0.43389859290344995,0.0
0.30956317534922567,0.23749487442373335,0.34113751042393153,0.3263796872927056,0.7651092518460036,0.39768465574822226,0.26322960637551795,0.2349931615779593,0.5587258510814269,0.2813878717443135,0.3251563435456466,0.6480685744115011,0.34359775354413347,0.7305348381165446,0.5897233463118869,0.14157278351164154,0.0
0.37020466489502657,0.36255804010624354,0.3515580235918143,0.43163689839637287,0.3267534170794963,0.27095892894923296,0.3916259972437822,0.7696044535120726,0.38038173232124467,0.2894371605228444,0.5796581293965726,0.5873262709904624,0.5626812780030689,0.5590773385590782,0.5928398866855551,0.4662266549318794,1.0
0.32654814014537475,0.13695614242495185,0.7021717848190987,0.3703638561527206,0.2765605368606724,0.447733192770944,0.2996056694482696,0.5277174469498633,0.34254733904353935,0.313421883705229,0.3125683877650918,0.5812783685573957,0.4298674692896442,0.5522775414437765,0.568845945225289,0.7371906825348092,0.0
0.4181583973190297,0.25977895026506775,0.6646620242862747,0.36524636587827436,0.1591829345018697,0.3186136858692089,0.4202654983407036,0.23419632856506573,0.32199467744684995,0.2606900888005514,0.6893923545699161,0.7197551820424324,0.5700543753895421,0.4810427393580517,0.3599058259152369,0.38803388714316034,0.0
0.30596514704013694,0.3966118403541072,0.4271281074280592,0.4143567535477744,0.2918364967055712,0.3075923847653871,0.33254444626842516,0.347588804264983,0.7114276580028719,0.333690549428443,0.7346957394971367,0.6332164318538297,0.4573343568040533,0.46791123916841426,0.3635534191025485,0.6273881805412775,0.0
0.5770225727763372,0.3242040052911429,0.2713461706979982,0.32813205809442014,0.29971766877751194,0.31637751385987534,0.43536620963055267,0.4480928864449436,0.40785668516781387,0.3825339988608471,0.5582658317078532,0.5706230518751434,0.5182134926385349,0.6664162452902479,0.226723049563202,0.594741748480025,1.0
0.31809992925436015,0.30178041114793724,0.40053031646479037,0.4838953793830971,0.3152956673087111,0.2781855527825028,0.5369768422196013,0.4982586580620247,0.2577124462956429,0.25318480887299466,0.7097973969184721,0.4678276832231979,0.7650589443621325,0.7505001804642009,0.42918018016452253,0.5839828677798102,0.0
0.29902968682238096,0.244238930783858,0.33813802883140465,0.31093619915000337,0.2574876829580531,0.29264440290824584,0.8353015586731956,0.17247846907412367,0.32585063397576886,0.21602331811719694,0.5514841239480146,0.5771999719847223,0.5897928762767399,0.5851989878433949,0.512301302368478,0.531256108943352,1.0
0.7177666532639699,0.19669551278657665,0.3278088905894877,0.24081009608134862,0.39502957634006164,0.20523961412968622,0.33076870842306805,0.4284630441327926,0.38064541458757495,0.33580834029302103,0.41895448902368804,0.60627332936754,0.44213734734707755,0.5378211807956818,0.5779463559798057,0.6626087162047943,0.0
0.32136267779601946,0.45841532908996485,0.2324227945113262,0.3364554339716856,0.24268905018333353,0.6446220488762266,0.2660505624993216,0.3875298329297201,0.3456515730395299,0.16980920864203147,0.7053498724679661,0.5525676620033644,0.5664019855788359,0.4305534401348642,0.5073111117656162,0.5365317863243401,1.0
0.27723965898760355,0.2320249239477962,0.32539780986767136,0.40470851429563687,0.42929646691934764,0.6442701979347686,0.46384207707305136,0.3208271884415326,0.14814786201307492,0.38970601958184636,0.6343829620557284,0.46838118891257596,0.3882692610705024,0.6856258668053329,0.3263429836749112,0.6558220792221019,1.0
0.16474560181691578,0.215534685205036,0.7411782931423532,0.4124664719584027,0.22812200474285382,0.3972018745718922,0.5009046865348681,0.24214762754821967,0.19693165410409375,0.3301849953055952,0.5273020596050713,0.6734032245836991,0.4426967524891108,0.5402169001753345,0.5061626573043313,0.6151994688714238,0.0
0.6212853906075948,0.19042312176503517,0.4189011966193775,0.4044422022621191,0.38324210374951007,0.20565038080388393,0.404009132260985,0.19625418068166212,0.39725483139500145,0.32902477370696814,0.25130551530693157,0.5022555670909895,0.4332562897634543,0.5827009379165933,0.3952374352797897,0.612984931647436,0.0
0.35446400341783224,0.33249136031749527,0.8457923273368849,0.18768587834959585,0.18057125645121844,0.4607256785027921,0.2812339679313501,0.3711344537560609,0.11427562056679458,0.25390478214005646,0.46109929627612806,0.43425891213691215,0.5269790053030678,0.6384743875729962,0.5577765795584989,0.5852319137279255,0.0
0.30123579418198243,0.22724085470065208,0.7153981807849595,0.3168673119365169,0.3308444541184838,0.231059525142582,0.3111010507332672,0.2855716277336416,0.4031730335777568,0.3578350338855453,0.41456201652674773,0.35754600166454475,0.4739805251501814,0.42185861782650874,0.5153275460398437,0.600648534681606,0.0
0.35577851686630413,0.2836216300687658,0.27023545074456096,0.10652450386538412,0.3939769672942079,0.6880141164117743,0.29132612698892396,0.35313988587007084,0.3418273487278965,0.2821997158113071,0.41391712299915384,0.5158593861600409,0.6726821000332117,0.5941138238742292,0.4861275897483483,0.6187747773198682,0.0
0.6911749097076529,0.2515919571059202,0.24125888735850606,0.3566769425863755,0.1843859283758799,0.4086482796874669,0.258830939560124,0.3442975611857959,0.28973228783008764,0.4585225330806733,0.6036882301464054,0.6049191039745027,0.4063590318213476,0.4776304767130181,0.3741764981781376,0.34533832114883567,0.0
0.4238677260308692,0.34338188816930326,0.16016109663431308,0.8237137011729468,0.34622539168354965,0.3554274264593231,0.13617836145170045,0.2489158219589943,0.3621917022026295,0.22135875286556136,0.3617011300504457,0.45489474382802086,0.3179038951040493,0.49146266768854985,0.3828542229189875,0.5195775381540884,1.0
0.2653643336656294,0.3749928226669115,0.3794529162411661,0.857290225943403,0.32897113790389,0.29205353992800825,0.3147018483872891,0.4905942424664798,0.24931200719154692,0.32976568740307155,0.7476374297912489,0.5122448285682034,0.4918034697527312,0.5690672330539571,0.37555946853231764,0.4186338691968518,1.0
0.15843793469448914,0.3601444079077948,0.7605299074052165,0.2580125791936403,0.44518196380790165,0.3637616228180646,0.3415365593099525,0.40014649181589335,0.3092340217290285,0.26632802456835636,0.5291732592250351,0.5088261312451466,0.4183165383922643,0.43724520838444925,0.2633495330437733,0.4969204565984849,0.0
0.6203438948493447,0.14705043456613995,0.3158676476873204,0.2478851660618087,0.27700080536372157,0.34005158693357845,0.2257888379368131,0.20821429740635644,0.1970494088320953,0.2618142167883718,0.5132512576426276,0.3589287989236448,0.39494996899669654,0.6334941599482433,0.4999378515057007,0.5598742624012748,0.0
0.2533191216578593,0.3100393361959141,0.69098574064445,0.36746002730169114,0.558295007769492,0.34838914732916076,0.35413497366898916,0.3007844854734407,0.23887480791475052,0.2721986309954985,0.5703996828679712,0.2859807890633575,0.5935683347261941,0.44755851681291525,0.6823315351583898,0.6865517898914059,0.0
0.2473505889918658,0.3575756649808713,0.33126660210911085,0.27252202922256236,0.2931482540023397,0.24557052112753575,0.7742236065051499,0.4020334561502309,0.33701927434382567,0.34915770804907853,0.5657345037256838,0.6037101658625921,0.5799918282738482,0.7421667123063432,0.4962489538933829,0.43872166723717426,1.0
0.19978042752272362,0.3412867642656482,0.7130656721809701,0.42468860263513064,0.2850467821122311,0.31728212201534456,0.3873797110203594,0.38253475463521575,0.43326745708940073,0.3699980646094153,0.5386553817348388,0.48498644607932845,0.6314997406854692,0.43249920778822304,0.5440424674560881,0.6355316376671083,0.0
0.4484942155669299,0.1578445481001237,0.4139912646966522,0.4007127951923576,0.19849246838544055,0.6169266413865787,0.2382177601664942,0.22218750888679548,0.4171552733645404,0.3024977048279846,0.5000517991946786,0.46602914941405515,0.4441000565777863,0.5152946943547901,0.6098962669979421,0.2043559660638391,0.0
0.38118327310285277,0.325573608535877,0.6198046687251542,0.34530547081938134,0.1803869697440051,0.22729723431468096,0.29506464785890507,0.33036138298841067,0.4023017381771601,0.2018843470409889,0.5002311285767262,0.649294339609426,0.5027155937524529,0.4405422830494449,0.3282938046861509,0.5266412549887991,0.0
0.4394082599475284,0.3788596048738908,0.3050920562039322,0.35858214774340486,0.3029163007249681,0.7330235647597707,0.435544038177675,0.477419548385672,0.4175518830502411,0.23230980705692025,0.5939516308822262,0.3163078612517074,0.5539923916351334,0.4346122629318356,0.22833473632094972,0.3555610206841987,1.0
0.1543020559937575,0.324631244696099,0.29961658154307147,0.3680490152563956,0.34829860493637416,0.2632413310774675,0.2871068828138582,0.2777569356406088,0.31188403603778236,0.6517407942520079,0.5779735182621808,0.516168953455462,0.4145442513579845,0.4983409214406817,0.293876352838236,0.45974557677606875,0.0
0.2951417745431587,0.2806222036801794,0.1898017865072474,0.23916433537114284,0.6947886364147623,0.33495975498593067,0.38761400938985713,0.3223357631514499,0.26814726371397624,0.3540110737876657,0.5351558609139299,0.42390564108716544,0.4983387045513373,0.3811345946391278,0.35107800985107707,0.6694262860622597,0.0
0.26727131429705847,0.21570166326020768,0.32919495160122125,0.35639467098636896,0.20350940443191612,0.34575264070496625,0.34255484844479195,0.23019690315385688,0.33403187302954024,0.7276114272169616,0.48811660515419986,0.5925029918030548,0.3876170363611777,0.32723384213840057,0.5233203812709221,0.41229110117337553,0.0
0.37682665267105087,0.4190904526934325,0.3371738936967788,0.3007027051605369,0.3302225620791438,0.6156723538760813,0.47800657535296964,0.25687764504967125,0.3701887855352394,0.2583506319414472,0.498854744455542,0.30133958092198054,0.2619247951712551,0.6361270670815615,0.14215737262571487,0.6329394804111614,1.0
0.29854743360070396,0.3208016515139437,0.3101477250844825,0.3019382240075423,0.7465079022663155,0.2723117264299349,0.39975698004430504,0.2599356507208906,0.42268204603583626,0.33216141066286753,0.37352762358002567,0.61847461015276,0.50573012243492,0.41690769460245536,0.5563594310837459,0.6133436091988682,0.0
0.34622095166269184,0.3301765412555102,0.3005495483857431,0.5173399265867296,0.3955089692482901,0.2568784183635026,0.24843738498168855,0.32392009854775816,0.7874802578363641,0.2993923059537486,0.5190174514829025,0.5709144045792727,0.3645285965831254,0.4102696788678523,0.6849669269641379,0.39480473803375005,0.0
0.32269658564561077,0.24939059282046108,0.2305235075779081,0.725716893074577,0.43205494049951576,0.2922253419402139,0.46602263713740744,0.4669486043933919,0.27227293142173575,0.24772286733022014,0.5469434928503919,0.6512432947469806,0.5021114800483605,0.40753867479269035,0.2732549361489135,0.13752538060140213,1.0
0.3214679299783836,0.3136829058682194,0.39821290824201333,0.40546799817251417,0.19289548944816098,0.25590179616116404,0.5999031171626625,0.34628525594892484,0.4137041490565254,0.39220966325686846,0.3297031164158239,0.1560019779473097,0.38587173709890055,0.4019892918333985,0.3165130305244779,0.08301316794087782,1.0
0.37031228649427095,0.7047805645459952,0.28966299309065785,0.3746184882759365,0.28943442820338156,0.32631235468005365,0.3752352503418606,0.3611973499293721,0.2985797948040123,0.20025698957256394,0.38948631929050737,0.6421431495204124,0.5222895904162335,0.6705972782915347,0.22086283036834337,0.7072979324278724,1.0
0.6727160252270696,0.323037510498025,0.28769745852023576,0.5064658686619692,0.36992973846565946,0.401092340341324,0.46723563296265613,0.28135199133988353,0.4958482897595919,0.28112125660353326,0.6181935120126903,0.586835166193639,0.4489870480724809,0.615146375959929,0.3864882871779157,0.6694280135148188,1.0
0.37779203214166734,0.6700329687422009,0.20659778296747044,0.3340016122766692,0.42019678887431544,0.2672072157269585,0.4194547405322066,0.24230711357294732,0.40302824497164874,0.24986369596265628,0.47670284358060394,0.48398722323905674,0.4083529872504498,0.40839242803020703,0.48792837313995996,0.42693192240807826,1.0
0.2821213766008455,0.7456071390446355,0.35626048678072275,0.26036703375588793,0.20091863027090545,0.17104786042326553,0.2918234026455794,0.30523826098914486,0.38304069267524193,0.298055269864812,0.3894044343376117,0.3802058744587787,0.479218697949618,0.5995044125697716,0.5500425814632097,0.49335282818465165,1.0
0.27857733214992825,0.3420681661571986,0.19272651372993832,0.28922959425998224,0.2921421445451443,0.27659873334281865,0.594929224658606,0.3370824156301302,0.3773286068242355,0.3536571053877162,0.5854231320388734,0.4568337373865788,0.37628184112298774,0.32800016817459154,0.2374255377200869,0.4823562948013977,1.0
0.36845586311057965,0.26707652638072865,0.24409924133220007,0.4155557716729954,0.30730247619645623,0.25171592870794934,0.21442335784580374,0.33799937957082044,0.7303702818519019,0.32823856897820874,0.5657478509871476,0.427875611324238,0.5864431242934457,0.5990455756358186,0.4120930124855176,0.2939121499574656,1.0
0.26655821503323984,0.3009256333665254,0.3335432391598293,0.19956110532088292,0.3351741464791647,0.34988523403183613,0.25485509451856914,0.4038856297076747,0.7918789394524337,0.31144363130059843,0.47872754021416347,0.5570927599399501,0.700262678755631,0.3167017780257382,0.5572955170112196,0.3631452595180328,0.0
0.24366544210670452,0.12477689222833113,0.6758208497770668,0.34323435032499,0.38463383124926886,0.39414577577037113,0.12967071021737525,0.2692432163161972,0.2559882843239997,0.2386698613898183,0.37101423441526926,0.40625249351359694,0.44172253073298956,0.6226565286731556,0.6166719725105454,0.6130344378058028,0.0
0.4107707892494711,0.3421410360727831,0.4457407682645689,0.2478605895119186,0.44257757645556345,0.5449503293837741,0.2485408007450403,0.35320636754218804,0.2497849305593398,0.3953163743792797,0.6226545936672387,0.426875484261514,0.4669553063678405,0.6494113874092428,0.42498044075161384,0.33267982355880676,0.0
0.4377532792327205,0.3983576782095046,0.6595834808537728,0.43902786765018365,0.3837234420854558,0.31755234428219076,0.28419032595332466,0.2280539905363783,0.30612600563159614,0.28629206811789215,0.45932680897915595,0.5385487219838122,0.1598222626172961,0.44871094756556024,0.6224949903972538,0.447142648073336,0.0
0.3566679420692202,0.678013014696053,0.42619878771747355,0.31417460790020485,0.25267018276844044,0.0893431356527149,0.20596810285729855,0.39360935252729756,0.3351659114589019,0.39204193537220244,0.6857918943971204,0.6882696219570136,0.41718385993302765,0.6187694281733673,0.4810991865625288,0.2557160067175356,0.0
0.2981005720637432,0.28466825082959724,0.3570282511340035,0.8557243188726704,0.3473683297708535,0.4125117468300061,0.2530990086502018,0.3485983746209101,0.16618940494526394,0.36437745837224833,0.4328383953821058,0.5200564935670345,0.6265010719433778,0.6134217693818977,0.4408039456004562,0.7208059189222679,1.0
0.20770300714031548,0.7571311562903815,0.37101032806705464,0.2192567005162248,0.2556513315803519,0.2603028410630798,0.2977750310036263,0.3100918354114118,0.3856888481773806,0.3424134004846894,0.7387969727077031,0.5950889945423593,0.51278672516637,0.33420576694166,0.4554243277676506,0.5546493116048938,1.0
0.25315409744199735,0.2772965049345161,0.27559348224159064,0.1761360421153889,0.30701188420860204,0.23629877612260805,0.3967205219180414,0.398307456885241,0.30903465393114005,0.7150190182506633,0.5888915283478069,0.699028149577775,0.5716091730108384,0.39558108307881246,0.5416112316724278,0.3679124734198832,0.0
0.3209161817932467,0.3827378994149716,0.27417648553333,0.34453717255371197,0.27912529021768934,0.44397534792162296,0.8301368532662081,0.41988242179456425,0.3128498219412848,0.27492758503976605,0.5865860292340773,0.340702068556495,0.5357857520610655,0.6951866779564561,0.6098187969615504,0.5325823986215703,1.0
0.35426519130552003,0.11611522970252064,0.39745349972212446,0.39993686238505394,0.24989912055296795,0.3740088105825335,0.34923507793314423,0.7824395059107088,0.21343632698061454,0.2541737129992872,0.546821218535017,0.5262042487469278,0.3226998402290987,0.15294525551902632,0.5091264828064347,0.6640862810430788,0.0
0.35339446000857555,0.2488347589341511,0.34006943860023503,0.6523576920308751,0.3905627362535828,0.23205105457644087,0.31107508699592523,0.40186308104207885,0.4036928043473218,0.28928331831109483,0.3973448358980828,0.6431433280821871,0.675728041674558,0.4907004833797263,0.6849810679545917,0.4226798802115313,1.0
0.7160756013627396,0.10568824822147588,0.28244355474282834,0.36166576633189906,0.4657609510648987,0.37114235699790243,0.2889907631589712,0.3476922382475651,0.18370992241015718,0.20240473928540875,0.15946818993176748,0.4720628538083168,0.4182284718416291,0.36953708527405055,0.7582431040992784,0.602118242884619,0.0
0.5264576137229067,0.7108867199007549,0.2765953768766317,0.3549063757647628,0.432497913425569,0.27761058642128694,0.24690168876862487,0.31634324547225073,0.3716931933456226,0.15965897756765796,0.6798209939705685,0.22685388726659117,0.4258637828385837,0.6151829749077171,0.278645883332106,0.5063763345596048,1.0
0.23874302913583756,0.4330116705569921,0.19774420455534278,0.4386022279675744,0.7875543970617391,0.30975375855148324,0.38024901784805337,0.45978384173337183,0.2440273823930872,0.31632438122683265,0.8102631925194956,0.2758177546163331,0.45650546447996954,0.5194118495052278,0.3769264317408192,0.5675861962092694,1.0
0.3754817438159053,0.1397726991486351,0.1978737854500915,0.9321298439435239,0.3871513387459383,0.23692907662646645,0.27537509252894055,0.3741503267923443,0.42828931032733475,0.3845192446430231,0.433748927578834,0.7649867677525408,0.5212310662946331,0.5950435826150353,0.29110450093266443,0.6373726530278829,1.0
0.3202623891473165,0.33835396844885357,0.17956171129535145,0.2835562474640954,0.25849529701828844,0.32114687024995237,0.3394094585057955,0.21713553057628787,0.7044524050286439,0.4323260705869236,0.5282812269678749,0.5161553346696711,0.4917443950372797,0.39205673532092417,0.5925577233110422,0.6035432319041986,0.0
0.26700798810224163,0.16169199004093332,0.21142094906625952,0.5282032528631639,0.8250819343108606,0.2564303445856914,0.3889751991894385,0.3259365922282481,0.15106269029956032,0.3009418190603558,0.531358391591466,0.729407064657098,0.30200435161993616,0.47494750127913016,0.5971910387834891,0.5099077048204049,0.0
0.729734223155377,0.15620602853150942,0.3338809874168859,0.19259600279469352,0.32438392558235696,0.37321667341909537,0.28961519019048654,0.5194218977310897,0.2509066016545252,0.12853311003634973,0.47223891756128716,0.44650186391173635,0.4487128934219382,0.4872576815138089,0.2698870612065951,0.7269791124846066,1.0
0.3765234209662306,0.3102251429642976,0.16648402137538668,0.24070745358989865,0.3432875553436565,0.8025419294184721,0.27133281758199995,0.23376038536769123,0.3619791415113476,0.2687428107078758,0.39126402905565666,0.8617684884099724,0.3585680370090196,0.5051231779512346,0.4705724311281211,0.36918284597225737,0.0
0.13208419820413486,0.2983066897844967,0.2852042762863967,0.28937745079778526,0.7168311605992174,0.23282787909191582,0.41759722280884115,0.20167117392116363,0.2830085885591273,0.3248334799908234,0.5525782979158398,0.5535302415491294,0.5153309304558659,0.4469848419830199,0.6653040980924724,0.577724145327795,0.0
0.32447864284446726,0.2344706907603748,0.1579111882385388,0.26936839088377323,0.3844365360606036,0.4795727662768764,0.351480195471895,0.31171495500491736,0.7999324212172769,0.3916497021971231,0.4519730465157602,0.18364185259435994,0.6053208895981101,0.4054114695768812,0.5328522210952906,0.5439665477462027,1.0
0.31401966364044254,0.3161254052535458,0.25319342109702175,0.15174228842510415,0.3592772352434741,0.5530819594048758,0.39776867516077563,0.3095531609492425,0.1244621947711434,0.25946133051247683,0.4190054654145457,0.775442773125149,0.4612738189806225,0.36384456839640866,0.5337794724333974,0.5841829882420844,0.0
0.3416854611374866,0.28036255433920676,0.371278650584836,0.32127207446258005,0.17380671507066334,0.3177519352992057,0.38005183000291076,0.17110113398457213,0.43633201378516995,0.7470829564651682,0.6759496748470275,0.5225466898268514,0.29366217054535626,0.6201678258351665,0.6988291137420856,0.516051248743502,1.0
0.35217204126502094,0.32575453173922847,0.22592495759675058,0.3764117861457323,0.3032563236683466,0.4072800287853993,0.7585530148478814,0.24498754527287092,0.28039485404113007,0.2578734498207153,0.6163936206513493,0.7656202803022764,0.5348105479790112,0.5611054551391174,0.29576306753126164,0.7864300792893558,1.0
0.4004312445812208,0.19340779319872986,0.3222602467785857,0.9403815489533485,0.20008966821515584,0.33583412660775674,0.3692854051334763,0.30471566181936705,0.2683534420768342,0.3506043889576543,0.4320275849301303,0.540908427538674,0.5313717060618592,0.6233036757927417,0.7399179753404281,0.6676400589999056,1.0
0.35551903708303445,0.26605539534222417,0.24537438988619326,0.3081720794901523,0.30582890827802506,0.7967373379865093,0.14055282753991497,0.47852129930980863,0.3688175947325351,0.24036980540760164,0.5189450188730127,0.3107738956609244,0.4720262453652713,0.43443016050652256,0.2754372683311711,0.47891923418954224,0.0
0.16600891909596352,0.5960040351276381,0.30450050574457505,0.3956282912147959,0.4819993954328618,0.3573206888457777,0.4336754039946869,0.44129618635661383,0.33503999207230883,0.37529645561360103,0.4390894130362527,0.4992658211363807,0.6312627444529846,0.44653858668167523,0.16375976317246765,0.45108220590860354,0.0
0.40347407878062896,0.3301563292518349,0.2227403712105926,0.19937328391373815,0.26067928814573615,0.33105231394133067,0.29266147472868137,0.3708090362955729,0.6498454216190495,0.2708820207180581,0.651684300671474,0.7143995260250402,0.6293975714070652,0.49448163602048173,0.539640564276406,0.393187593478556,1.0
0.4000713120401431,0.3073130861494011,0.28933100638551273,0.25632202690180195,0.44455803191171595,0.42627202275857845,0.23022260546746443,0.7475116478034622,0.3100989964840071,0.29391420776742794,0.39265594621532973,0.6651017930826885,0.5326537588128613,0.5441469552498954,0.3489704932788355,0.5235851970317896,0.0
0.24951298142367836,0.7028064812855729,0.39110627068253023,0.47742230628794435,0.19332783455537825,0.12493897748235855,0.4493985728684157,0.27975367034097026,0.3116069055900092,0.3014852489882255,0.3946897054317159,0.5527954114141864,0.5200522094813904,0.522460823102266,0.31827554193048163,0.5093703876752285,1.0
0.4097883484390116,0.5803458165880657,0.3369999644875578,0.3536495887858329,0.4598288503245398,0.3669664962532256,0.410993510057799,0.34613888975948115,0.2407208736910601,0.3084944376711705,0.807492885242709,0.4515666894389214,0.3890638125067799,0.4323241351481738,0.4898849708607844,0.4197630152767844,1.0
0.19282515198890124,0.418461543256746,0.2433694171547448,0.4966804602490452,0.6080944757626683,0.21986528520866466,0.1966642584279844,0.16936520393847881,0.19431363302493362,0.45285163174131016,0.4751769947639625,0.5725369467726598,0.543409503798693,0.4035142899300551,0.4003449677348819,0.5861092944903733,0.0
0.38436976903606657,0.21860899657783325,0.4421368706209698,0.3041364789811069,0.6829426950213475,0.2932169383816171,0.2749649192564178,0.1897188768541689,0.30294859175086686,0.32666685178431193,0.8505476806975303,0.6470776453022296,0.4500127663863443,0.1848825630693665,0.5428386224758851,0.45866111080679656,0.0
0.624750620659703,0.1263624107494745,0.3290190405000977,0.1908227375913239,0.5283005434963907,0.323628056388082,0.3698622699764797,0.17572263067132843,0.23132480072116368,0.30949516426286533,0.44746314770402074,0.40670608461766167,0.41566704687946093,0.379418838660819,0.33744954583763787,0.30919227039441555,0.0
0.38422086555123963,0.49625877569736965,0.4739501940215539,0.3528477340719682,0.3868619035413128,0.293713529157027,0.34228330450530436,0.4300109119789604,0.35184665133771464,0.32828292629011313,0.5329751039558711,0.401489913668464,0.7288544462655601,0.38762056660970434,0.41550742321288403,0.37981431346589967,1.0
0.6470876528427537,0.36990504577752914,0.39598004004480114,0.3850063634063061,0.4313432377503291,0.3518649269398755,0.46323630986508557,0.28487549452699407,0.20649735752089549,0.37342201234378203,0.3184224332581146,0.5975892179825553,0.6175700339633388,0.5397176209469328,0.4426480006174737,0.4878444135779328,0.0
0.35416689995831585,0.3914753168476662,0.773725256012989,0.28931422089284686,0.32927899844685526,0.4107265495742415,0.48988426585840705,0.30732825229059363,0.326906676069589,0.27613226772024774,0.5067363417831638,0.35889560938379006,0.6534486470785338,0.4096317746514835,0.35504624513635324,0.6166389832074867,0.0
0.3121102620464419,0.7779573667989033,0.22788841983369995,0.4841636843439415,0.20859807791175838,0.32121746304334814,0.3303420213810102,0.223017898580612,0.3952732829747438,0.21288502529052478,0.6825009528548108,0.458393871393733,0.4119523685735176,0.5165686242484148,0.5783574767413404,0.35780756249970236,1.0
0.7673612798791818,0.21748060672418365,0.2708668091454822,0.31646315736163977,0.31075281735835775,0.32495283727408275,0.31594761601450494,0.44601893305926055,0.3491327033544414,0.3168856846746465,0.6091233763101027,0.7573299780177133,0.5664244792029871,0.4870229131864392,0.36718893171856354,0.5370936297668161,1.0
0.24002133144333093,0.18735097654533023,0.7957419214824002,0.21489109526978456,0.3915843819675692,0.2620047283586167,0.1158165108185899,0.3887061794912652,0.39108401172172247,0.15303262592283381,0.5731338571627327,0.7834692838133002,0.38267255611595785,0.4499406573212883,0.4424886172815633,0.5836268582359619,0.0
0.3298538509597036,0.2985855384287228,0.13202933320207857,0.4166333940825945,0.3835629120271324,0.33174425365702914,0.4436225735778693,0.3269723213494745,0.6687562494804372,0.2652184944309387,0.6363249385260754,0.3102238533732953,0.2943692575915561,0.6410324004874737,0.3030427392370355,0.6684288312342639,1.0
0.18193806757210346,0.223956519131205,0.3451872707600218,0.3237958890935176,0.14619194742434993,0.6201694925005041,0.38489499816377615,0.3492337846754302,0.2136497652603365,0.28850742238137334,0.49250116940141514,0.3336473687024125,0.28644127256497565,0.3712649114612655,0.3275215560246031,0.6259363806439749,1.0
0.3078000316159666,0.25942529111112156,0.37963824340433316,0.6032067111176298,0.30935201147768265,0.32658103108434006,0.282024850729999,0.40658606845262235,0.34540411077276334,0.3426804047889643,0.3464525866296158,0.25239122813502723,0.3926129236532331,0.2824874564853549,0.7294070707234239,0.1580103700606612,1.0
0.36985339316300087,0.28488349976049776,0.3770952089287425,0.8201120174968994,0.35148927988766115,0.2580117398105663,0.3397179272068036,0.3220787512202761,0.3196141654601568,0.17296552981636254,0.671337465148491,0.5330892234281152,0.5828004502847052,0.4354225704148579,0.5531919747815089,0.44378323785578133,1.0
0.19939013543936046,0.30812436935386817,0.36482110786459765,0.36085642053582323,0.24955739838279067,0.25954752382348534,0.39600754815363287,0.37899260316635486,0.2709367484811649,0.6583154642202085,0.6672195571948282,0.12310447618804848,0.5259433369269025,0.5114385177145343,0.4332623074010007,0.4205413824181665,0.0
0.34853823929816696,0.256769396832077,0.3045030125748672,0.2304105802356394,0.3464884046054219,0.45628877826187786,0.4472708507253896,0.5962943088434889,0.2504011902233913,0.248471223423118,0.4119655749995221,0.4537426200741447,0.5520087525150527,0.6373300377298253,0.38993119964268264,0.5693312196812123,1.0
0.13575712501927129,0.26257951156901016,0.6693356648879285,0.3558689460281363,0.35413574443426515,0.30870147738221765,0.3443249296416467,0.2944364693958875,0.26888060352595705,0.2870780065187647,0.4335795963694442,0.35323336867113153,0.4041986295719721,0.35887294725630203,0.42559695031061334,0.27998792239376646,0.0
0.37750025602452,0.20887903849952177,0.7545666700252924,0.31882383404810455,0.23449759855280078,0.17572884614630546,0.5151692697654247,0.34905109618892266,0.41020563703387236,0.2068741593759852,0.5283615527550833,0.5224186138413096,0.7152204903685239,0.6337707390283295,0.3661606351884942,0.4893956868316483,0.0
0.28823024617200443,0.5823745991330493,0.32225482258356797,0.40089772038059485,0.282984902462894,0.330648108178563,0.9696435759617146,0.3953926276383293,0.1813826793999395,0.2860677318569825,0.4347679302925338,0.6647833732661261,0.65081823961335,0.5489098302986879,0.33904022508309817,0.3229931304913207,1.0
0.399297503021798,0.2725783205322328,0.3799426195192633,0.7930426064019591,0.19879370905608446,0.17442690092974067,0.430203023288013,0.3793969424401087,0.22856346839493807,0.5691375434453503,0.34463539408872557,0.4121641109050542,0.3556919412192201,0.620917394541328,0.49348241706914486,0.3871539543302003,1.0
0.2188630047587598,0.6941273034692641,0.3182025561573983,0.1358668903066524,0.4887227612743966,0.4059750351433723,0.2404405459234516,0.476916611380798,0.35261634601051417,0.17624025959141743,0.39452917058900816,0.4984768370938539,0.4066664979316228,0.5097349247758977,0.42373698248068364,0.3817925047266917,1.0
0.5187322316759669,0.6636959982126918,0.26881144781682215,0.2980937903940057,0.34445391022027994,0.3512865273863811,0.20162625738083412,0.2724507787905681,0.21434822278885013,0.44783039968159527,0.6140930922289491,0.5265122535815688,0.4533959465771542,0.3745937612102903,0.4833135378551987,0.5394211537646121,0.0
0.2812275574209515,0.2628518828936655,0.3976926629830668,0.37864201313157503,0.8325636772210557,0.2869209203600297,0.287651227412754,0.3317289246308161,0.37455880425309585,0.2023383363016669,0.5882113866087171,0.4580704121865355,0.6528313860650291,0.5277764921846958,0.4400122038237267,0.609427997672984,0.0
0.382684307984315,0.3931221882806366,0.3208403056101249,0.638191205570348,0.24528571426751775,0.37587455772607054,0.2995372736968798,0.3856201343566349,0.25424979848613916,0.3098580411225344,0.4627326384371153,0.4586062187504656,0.7643762216519141,0.6437718870458466,0.4638649142112177,0.5306029355473152,1.0
0.23407014183306937,0.27119456577051915,0.3105281536984699,0.4801328537054645,0.7222134277835726,0.35062895376055014,0.3342775009285332,0.29256738872273463,0.3740985678187797,0.37240796975292056,0.3970772933941079,0.5005886490693919,0.5277749851147063,0.6378478502883138,0.46987678648800474,0.7778006780677971,0.0
0.30549516465755017,0.2490924173335053,0.776551328360017,0.2950771854109082,0.37249842636759056,0.31358967487250183,0.370864661723718,0.3931863023594404,0.14918868619636846,0.2729071811171524,0.3449806221916219,0.6501764456108946,0.7996311919232423,0.23787378617003124,0.473993387701929,0.556585427992687,0.0
0.2579336102736659,0.3204115900333077,0.25485695163158245,0.36191796773173096,0.2591703530127083,0.2955201524557324,0.9499753147051229,0.3831490687039178,0.4153002996905035,0.2662161864730132,0.29411134038805864,0.5333255060182605,0.5551156369508604,0.5212045501795436,0.34188259018285017,0.5566254708866171,1.0
0.12884136864545845,0.25823079664036713,0.3065948587593744,0.2850732162359655,0.2912512495020864,0.3860266225536565,0.30800926129573203,0.7685038523736336,0.23297440558793647,0.2649553948723443,0.39095486707401644,0.49374445229073605,0.5968071441676344,0.5149430881577446,0.36166110202586327,0.44541019552588756,0.0
0.20152973652387007,0.15065518825205604,0.6440807052539608,0.3058292783632835,0.3970583678644399,0.27034026890141283,0.2378601051117839,0.2900804517667517,0.45108381768896666,0.3109535501701641,0.5471907355693071,0.5525739118075497,0.6193473005148169,0.6524755354713798,0.4407777901582032,0.5723511366622802,0.0
0.3481225106826982,0.3135158048308007,0.294033387309887,0.2767187878593835,0.3336671040838668,0.7324451967228147,0.33692540940969584,0.3228954439764769,0.31870016379904537,0.2917322661157884,0.4660365595846058,0.5863261904388232,0.4146374997415878,0.29494405669005525,0.422308506662858,0.3575456367604627,0.0
0.30879668930661863,0.18402056312877604,0.3634975065127378,0.539552452553221,0.2789376596390044,0.23918599221923134,0.3191463348139302,0.3065503494183766,0.2043006812203794,0.6985351197224299,0.4107987378439418,0.498212351069341,0.37062656085788337,0.4397499700201406,0.5745178219744392,0.5988186398264362,0.0
0.6344531909890923,0.26056299755519097,0.2711437624683035,0.233576439997281,0.3026040407870207,0.38150139214161954,0.2892181136456121,0.41637090067388194,0.322802734833899,0.28262220108625735,0.5513439260164144,0.4854772648333972,0.5297209993755033,0.38522808710546574,0.38678616575972347,0.4088092810744428,0.0
0.3510009407695063,0.26279934877516675,0.28937462423618937,0.3364775015928198,0.3229851030188027,0.31674633544582087,0.35847091748309295,0.39792481202977087,0.4182525778727557,0.7216452166526562,0.3402375949467597,0.437346583193303,0.1847591683999808,0.35273743003196245,0.26222508805785494,0.21402170111461938,0.0
0.2922473074364078,0.27131668293319555,0.29821239239896574,0.33927275615782954,0.8630205456959643,0.3018366642773069,0.23572320371308828,0.3236563626183865,0.256912093348451,0.35534116996059106,0.5143272809512417,0.440365555001085,0.44494926799343165,0.41441936577227295,0.34968640138486234,0.41361515121546993,0.0
0.3526662602456482,0.3794977203069802,0.2739779955275462,0.17869796642816654,0.2490533829926476,0.5460353703457792,0.4036291850468192,0.3366620826001415,0.22613894843738847,0.21820321099786538,0.5414817415606332,0.4323390900297073,0.3816416465747522,0.5456314947282421,0.4310480294230272,0.4868809326576729,0.0
0.411476410547967,0.35164418241763434,0.34236329927102793,0.3343208183915323,0.3611606027081874,0.40835532021231913,0.2699012972472917,0.33858088306022954,0.8281305156332246,0.1803748490165566,0.5941765917286309,0.4910464743365473,0.367630609416645,0.5614403100799827,0.5074289093468822,0.7119222779539414,1.0
0.3470721272471329,0.3927483260158872,0.36718920157218116,0.2839392702856791,0.787379921479058,0.33556857037477356,0.24335187394514557,0.31052424145302593,0.41691959196429185,0.38276574153008147,0.29348149816403274,0.370118284702309,0.42106200946279093,0.4994434472726834,0.1715863247536119,0.5943222733441054,0.0
0.7339782812989866,0.21065286414881235,0.33023506073416664,0.36642087643140653,0.17430226452904768,0.33375008719939686,0.3687888475621935,0.31309405154596676,0.39198253643407244,0.29528958734824784,0.5831446565484371,0.5498479479090966,0.6977747622247518,0.29589458306999117,0.3311941793183712,0.5288356643939628,1.0
0.3433592643554444,0.18056013497548418,0.5336457009218263,0.28466977818195427,0.17201285095635047,0.2983346378327669,0.42805110052551715,0.1854933587165499,0.39327384322416986,0.30704877776814343,0.3600420513629987,0.38920875596545856,0.7086994480492222,0.5264243509471807,0.5603505072019992,0.33068155396297333,0.0
0.324707520498077,0.29326628106834923,0.3114524358497507,0.27160432835722975,0.32936955595447676,0.22221012603009407,0.34308921298504547,0.32501664416266673,0.6363409090613961,0.2681111999909633,0.5377453929754484,0.6792136055640092,0.48038820665301635,0.36771742149125825,0.5587515698211725,0.43392161396355955,1.0
0.8469074441692479,0.23498152869533961,0.4238362931898809,0.37199143819838576,0.3510675483624596,0.33904485802872664,0.16823074426252743,0.19508790183788915,0.554209988800199,0.23850866337120574,0.4695004498695731,0.29188842961491135,0.49788529011243904,0.5443382321795763,0.2933128788081272,0.5578025995317588,0.0
0.45118433925113377,0.1052202122060821,0.4174307441527602,0.28547653703844367,0.30068350739855787,0.2658825321703093,0.7774288602591986,0.300760536928395,0.41443163609285727,0.32832587686670495,0.4757836349623258,0.44364327135148984,0.4709578914413896,0.5649989461090695,0.3408148670387277,0.46068915211602823,1.0
0.26354013714790786,0.2390836160028333,0.2088045894052811,0.7088789185368332,0.24634044816739653,0.2659334892002511,0.3739710318350655,0.2977793862708171,0.4608612927245005,0.28015948055377315,0.44314221122242964,0.2649604937291505,0.24938751815201027,0.5440859727950774,0.3549548657428682,0.6112301565510039,1.0
0.2520316182848145,0.20828708641589794,0.20841832198502425,0.16431987729241213,0.4034068629323666,0.2818178078684884,0.27215236584840574,0.33300627264976584,0.7522542444193032,0.39303232057589554,0.42897088537236244,0.6935855457728572,0.4706312211258945,0.5354517379423365,0.5358878926770907,0.6208799070231961,0.0
0.2697910282381172,0.2264298617604743,0.32075795178291494,0.6716950553319174,0.3683034873070081,0.2976556765539675,0.3445174361172105,0.48417346089602864,0.27152478872771724,0.33970554785843254,0.38916182517404024,0.5751125953868318,0.5251804506311226,0.45120741171919515,0.6345578766406724,0.5247119353349561,1.0
0.22369998008489667,0.44194162450676266,0.18045315327721637,0.22962670271735977,0.6301619496692713,0.3446361392930603,0.37216755067185403,0.36706964378950413,0.3008666154512864,0.4049351140824581,0.4234108863272621,0.6302139788250827,0.5764105376486927,0.7159146687165605,0.5111735212745776,0.7349431934290475,1.0
0.3571483848082762,0.1684965232195217,0.3786789127641785,0.3016329390922436,0.31740713770012524,0.6556792576381363,0.19125012557029908,0.33832447060438187,0.4849701719231559,0.2685188471548249,0.534689492129085,0.5442633465225047,0.5262441645577413,0.5132886149779089,0.5884338209073467,0.5901626521902524,0.0
0.30590417861696345,0.5965412164464141,0.3013043755466344,0.3498371607008853,0.3583901868168227,0.3994783152510741,0.27023454703824445,0.29219075735571304,0.4320370404854885,0.29944025738335867,0.6810038722917544,0.532784298146025,0.4272804187780824,0.41560120066231654,0.48065551568006193,0.46189740740165575,0.0
0.2193492043671445,0.3055634174729628,0.26505287212365425,0.22198647356127144,0.3379920749363332,0.38017605607540916,0.8113834296723446,0.34198743418671695,0.3672303808053639,0.3474013148664706,0.6282630355209016,0.5712969737904142,0.7586311536002084,0.673197086686813,0.3009466800157108,0.7622383430022062,1.0
0.6847160380565629,0.2809788431107693,0.3939399763179937,0.288674648421102,0.21324702084053565,0.4459627212604985,0.23270868054943572,0.19731695816949482,0.28647353118212576,0.3632780748176604,0.5284907823435734,0.5539369835651705,0.49617597628203514,0.6082227124722102,0.358801710781397,0.4726151482107895,0.0
0.9003966855970547,0.22339161328827362,0.20608584384080647,0.2325743303859545,0.28484357935554094,0.2767331903703413,0.32239389034789695,0.45395189664552826,0.3246728382517837,0.24093009232826856,0.6169709513600585,0.37271671049950106,0.40200159430925353,0.40816619077694744,0.5287938517255419,0.4129519105354841,1.0
0.9528128270110992,0.21794545839604995,0.22817809899833252,0.4040849878172102,0.3146742072358863,0.39663949148919103,0.36339230168577047,0.31210008248485455,0.3130824768656703,0.20522611145149794,0.491878586512418,0.5039752312314825,0.5960047552188119,0.47766512428692853,0.40448497946658724,0.5687465056369071,1.0
0.290171389295234,0.2873237579232956,0.2864055589653047,0.25034804631052243,0.2678479640108474,0.24678513384167608,0.24223495928302025,0.7929473737282264,0.3093504015741192,0.33779533022607694,0.40414827416359483,0.27734061754443745,0.5675299623695402,0.6228077230372335,0.42057937991598093,0.5873644600369086,1.0
0.254583227211019,0.1601966447112379,0.2352584497302304,0.9011218210408498,0.45307421829245953,0.3579456232506113,0.37911888524913273,0.3022123910756993,0.4274092672220816,0.3694008278505527,0.37576644773855994,0.567488990190444,0.5657140257952797,0.5456921176675598,0.3504851678244657,0.4218227364444799,1.0
0.6325325447988293,0.2323576708434682,0.23109232287964904,0.29753860085033107,0.3541674605339924,0.346071982592781,0.3066277343020909,0.45408170486492144,0.2118649242091234,0.37781905566177043,0.3528181218991896,0.6610330613487447,0.28414816490994843,0.3792001503893126,0.3963829328323287,0.5198984679001659,0.0
0.2620919619740216,0.6540434859314026,0.34330671911416866,0.3579439774266734,0.35050981342859294,0.378396222674229,0.1622352194552766,0.3659984989208626,0.34003432899448266,0.4013539730606161,0.5881077534755991,0.5863800855081811,0.45652587116879073,0.2519182389874941,0.5817141450815988,0.31226974565023263,0.0
0.3026369754140528,0.2096970619586092,0.2394973411600695,0.22119744058996826,0.29375423060220845,0.6706346836696678,0.3463238926610609,0.2718847757555385,0.2199999147875199,0.29919569163957005,0.5515819205041581,0.300758346968919,0.19966677129143073,0.19499072675099655,0.37342571089842835,0.573183913772138,0.0
0.39579897643380296,0.3074189913771571,0.5093418802118201,0.7235105522182248,0.2994742560552788,0.29334792915916086,0.21470211898875133,0.32009451627143043,0.2452576205372518,0.28585894358727587,0.4964636467897035,0.513202578214179,0.2979239357836141,0.4185340440510141,0.4675799518384913,0.5921086992798892,1.0
0.3406486267235621,0.19071758865655108,0.3017358398019743,0.3285934406522428,0.6308273684388785,0.17892934999746174,0.37385703806908666,0.4396372357871281,0.2789545864685227,0.2923335887222959,0.6197015097563747,0.30969197715864905,0.5836157712555166,0.4571025584506554,0.690970984343368,0.5151003594807185,1.0
0.2732981448090363,0.39370531017699406,0.29395310315253004,0.46853262122829814,0.2272291599820378,0.3141446214670033,0.23939892478440788,0.7462933492627306,0.31851270033344303,0.2970190474272689,0.48550410731123034,0.4640967687509704,0.5812103446592682,0.49910568502372765,0.38320336459309634,0.37662656333037775,0.0
0.34561067713030236,0.3425335639027542,0.6961437030441762,0.23221172170041782,0.24454842429999446,0.3503039163758412,0.1990451624580375,0.29692001948438096,0.31324040974467415,0.3970438697900006,0.6065996044183453,0.39146306527786967,0.3629562861951702,0.5995087789533748,0.4967082014524429,0.5606024246207202,0.0
0.31059060855499177,0.4075990808463241,0.6574742821067474,0.18193275000361944,0.3222086361863637,0.2865911373012079,0.35685671932713503,0.4146148654637081,0.18716599429709083,0.2316650419775958,0.6173646685643981,0.767449975038753,0.6009712430730911,0.584325325017568,0.6010475038690734,0.6224125692726871,0.0
0.3685809808586846,0.250167215508051,0.2750306118516297,0.25833742951291866,0.6234216851227212,0.3015959739118001,0.16784445274980955,0.2907770590292293,0.40502812015926426,0.3513318834733814,0.40194863653748597,0.35699635217688697,0.35936506822214853,0.6435247840836766,0.4265026066971806,0.6032031565029952,0.0
0.40758387344075214,0.21417693311702246,0.22814212951484636,0.6459331395574938,0.39784202398969604,0.3536646085690154,0.29202564470011394,0.3188186933348722,0.3441356265931188,0.378625302262967,0.37883896345526913,0.5165590025541311,0.27510120792443926,0.4563443711860374,0.5813540370492298,0.7206713858460146,1.0
0.29501752621549193,0.2554144862494142,0.2731477754472454,0.39807726496157075,0.42985837914861735,0.5074995361155585,0.6490934354025987,0.2303279896469899,0.37989702911024026,0.2579729093590374,0.445533457363956,0.4434360600797804,0.517161713171336,0.7621705336315991,0.5441570858896099,0.6681064756660164,1.0
0.4251281405705363,0.25307424976295867,0.6119293724116504,0.5820775057376871,0.37147594633915654,0.4326935414479387,0.18623172414145195,0.31842402306615963,0.31019920751182106,0.28959637287740336,0.40157189588722564,0.5537328695219877,0.48910054061848973,0.5808151221505657,0.334797799188308,0.6691934376856894,0.0
0.35142101920630475,0.17330285033252224,0.4195308074186555,0.1718682918370526,0.24700917627549535,0.22291929495942306,0.4687489120602697,0.36920521365057213,0.3345390031507603,0.5997394921655728,0.4784751711906527,0.5983138561589276,0.5331437490547484,0.5460902908880114,0.47971077266363693,0.4734245624267783,1.0
0.33009297579213875,0.246170281684339,0.30429712381615753,0.25947456824773735,0.7937396668503499,0.2639153927016768,0.25376744644529015,0.4008890396103254,0.22245020414586497,0.2353007359699468,0.6182835736687518,0.3170874852238969,0.5066823162042973,0.512421276575251,0.5434529730604537,0.566773282504816,1.0
0.17268315636435605,0.29024046895189953,0.34761577738049926,0.4461972980310348,0.05004051058329828,0.44190137200437674,0.21569447173938594,0.42420673797462893,0.9298195215574814,0.2941653287393768,0.3952527162796358,0.5780790512111158,0.6169246267361698,0.5312662170634039,0.5305716203720289,0.747810329319039,1.0
0.7770776401832103,0.28354064823465186,0.24148455045866823,0.3207299140499627,0.3598377525547512,0.1897654556001359,0.37007122297791717,0.33172879800158656,0.3607263912463445,0.41423774129318663,0.4769636511072698,0.3227872931084841,0.35899146143870253,0.4404341336902227,0.5670880741249491,0.17451887957640633,0.0
0.23959961336923685,0.36187841845508395,0.28029233443131685,0.3709063798316463,0.43374991756517634,0.18478642571300258,0.18309800034259596,0.31098775575397564,0.4302245109953697,0.6343207274465252,0.6451584260466167,0.3730015100798531,0.49197716798325436,0.5605738222374874,0.48298813932935764,0.6593697797952336,0.0
0.28042364409536613,0.3318951470621371,0.7740200823449229,0.44759796998414964,0.2756711954486181,0.4584073103356946,0.2416565911896863,0.4350725109250899,0.43203972885918573,0.320822899637208,0.46984361969934285,0.37918840358253114,0.6834829144807969,0.24176994174236138,0.1695762870180772,0.46361287350421265,0.0
0.30438531291022164,0.2748518572742166,0.3506312491060131,0.3220094222137146,0.25952959271786963,0.32474969084720473,0.277153446306361,0.3335132100779908,0.6536155716116134,0.42633392768543377,0.37757310168532743,0.5365125925231887,0.618837420869492,0.4842691554791575,0.40549928052332435,0.5693009598328874,0.0
0.30267846935742393,0.23924447577376057,0.2991341146281402,0.40850833969785366,0.38860103310636107,0.21826891271645665,0.3570155524609058,0.8110384745996357,0.37074766785134355,0.3359786832843974,0.42846299550068934,0.6715902049703809,0.5472761866996254,0.41813750442718833,0.34625878680414557,0.47851047550407627,1.0
0.2957380421209943,0.7364819749836294,0.45671515266296925,0.3081999068661737,0.33276424239899244,0.31864633745060944,0.2517980710392512,0.3529165457204146,0.2447721479116728,0.3397583107354484,0.5119382615902102,0.4788633377759247,0.5469825279781231,0.4376840509215675,0.4678143828346944,0.6234555166620048,1.0
0.29789903268682694,0.20953636086300714,0.7140402788566227,0.21727313434824075,0.2984366382790147,0.24176096736330646,0.2787344978375076,0.37089470301559385,0.25342621555931893,0.3324026697037338,0.7509172730182594,0.6316193888135796,0.2956900379607375,0.8047694380785521,0.4766654003331786,0.46510560487035113,0.0
0.3821766495435007,0.19510258614619136,0.30274705167158134,0.35942556461704683,0.6953068402576681,0.1872520175100552,0.2943418663245247,0.25563072228227895,0.37457971652087013,0.23747029252847174,0.33504381384826587,0.35851330980849416,0.38805550521236276,0.5105860358341195,0.4151791101770441,0.709064763903076,0.0
0.2919693700593317,0.28481599560251575,0.7542783765504497,0.33552311605226165,0.39487731758763445,0.3228050456355537,0.22237475217368652,0.3353171826667947,0.3597884909411452,0.4534617777290416,0.6626679912046115,0.43691980160196586,0.755471136537997,0.5261969007867984,0.3904214419755891,0.6391070928653265,0.0
0.3929056112807617,0.23232423041485173,0.21365005051572658,0.5346014986352958,0.368571650168514,0.3085508528194348,0.24153626963740243,0.8144666243053597,0.13956987770637505,0.36203468131788386,0.614091242822023,0.37918636863795635,0.5231861489168244,0.4668211270104132,0.16949247230124886,0.7444053118941012,1.0
0.25160182262940595,0.32246238476306965,0.3808168944698583,0.23817622785554485,0.2830078035972873,0.17535575883914467,0.42262493888196717,0.40922379205541604,0.6657787158733383,0.260671684427216,0.39334904557373235,0.4078196207841281,0.4732680756496216,0.3031495928365089,0.5045140526475036,0.5405931375734238,0.0
0.29433094991692704,0.1727805463654727,0.14812764824429756,0.3024726291059305,0.27965365385861846,0.3356111977261387,0.2050314852899982,0.32197954807022533,0.6603592007181833,0.34285220907895486,0.42689355609443735,0.5880102249401192,0.6240477964439533,0.5247984509663621,0.30393899553339065,0.3608326968764689,1.0
0.4078556031970011,0.2951391281263736,0.47202292013364805,0.6743045767862507,0.36916113317314336,0.20146794210108043,0.5576609594985915,0.2499430153316755,0.2615592919529235,0.297490641208258,0.517648202853289,0.6756643831003472,0.36893502850256177,0.4827771073957914,0.3934086518458319,0.13977596677022536,1.0
0.12661079890285867,0.6317489264514257,0.2888632180951592,0.29079091363285964,0.11084105791184318,0.25244575972064665,0.3720077793387665,0.23123361102598694,0.2792514700435834,0.17212752289202773,0.5591103640211371,0.557850584935543,0.49513159101972687,0.38689523729046715,0.47728125927884674,0.5864507048993695,1.0
0.37537202378339785,0.6449556929126963,0.2838858338272693,0.23612958506413256,0.18508260934830797,0.3300341409778454,0.2566024137163717,0.2731339266882145,0.1980234136620044,0.21061782184654604,0.4334461063697595,0.4432196480348374,0.546546224022525,0.5680368646121513,0.4155700993393092,0.47606455612422377,1.0
0.251210662022846,0.3192047069537098,0.8589461433241584,0.24414695057690072,0.10582093373687215,0.3133088608352061,0.2572842256536288,0.32100098458847665,0.29933481903319065,0.40136261829274533,0.28294160177891814,0.4302123448350244,0.5359323321423975,0.6914721161055317,0.48658874883684833,0.5592445855298771,0.0
0.7133710220947718,0.23648529343643698,0.3646839834961485,0.36799584023970056,0.42772005172272753,0.30920453303009376,0.3148012276623596,0.10495762891028951,0.3380365881059403,0.4277009972382215,0.3874191127714551,0.6714587895990367,0.6376061592422098,0.5622069833738765,0.6075771268640408,0.6272783651474009,0.0
0.22758038255064145,0.45335723575583764,0.29906050418740954,0.38402366091557266,0.6829034515164234,0.37418255172948506,0.40788453415093473,0.36360795726081135,0.2573382008969334,0.449449975792264,0.40099127375095067,0.4257888319010341,0.5160963938480663,0.5638553614606026,0.32664486218158073,0.5337360355121872,0.0
0.2602321066059382,0.24891507530084717,0.6541348619237388,0.4240390368079718,0.20577948498880005,0.42409625985229804,0.3769200442739894,0.2370032639381192,0.3305805572100627,0.2568286205885919,0.5973890433426556,0.6973414384600513,0.5399041817340046,0.6542389627560785,0.41950400399135224,0.4632724802990277,0.0
0.20295763925133412,0.22798140969591163,0.24598032829328026,0.2567597826785757,0.6230154708226516,0.4251218388850849,0.32070242653267983,0.29999570202703624,0.27612982131929026,0.2921608478321147,0.5400795999778977,0.49216374162321425,0.36231532243781384,0.27694443890932,0.26779143844801195,0.5986318774693052,0.0
0.3086885714173097,0.37770295315918256,0.2917408924345209,0.24954401588909986,0.3658313153534503,0.14492316320662238,0.20383932027090262,0.3937557803311118,0.2647157105376644,0.6707776179421031,0.26637188584893984,0.4264928976382987,0.4337824313389901,0.6073789631865641,0.4950029776422551,0.540350575057579,0.0
0.4150699865651522,0.3080238121114937,0.3958652693757576,0.3297430535326864,0.532314360389722,0.38786899641108635,0.2523564088497574,0.7426224882763874,0.41119004429364003,0.32732659862053004,0.47055431407538256,0.5170437524756399,0.3062856157037901,0.5540313355875974,0.5122538931734572,0.41178747677873306,1.0
0.3307217646823337,0.23732628814245857,0.8107096581422997,0.29449946049751413,0.36648792298750715,0.3047214044879102,0.3219532980216616,0.32578317218015523,0.3718454281041793,0.302192565498917,0.5249880745262199,0.44608365564589003,0.6941600694266801,0.500277398986043,0.5282949541046574,0.5204942169916993,0.0
0.34018696229238615,0.34282551965394026,0.34933528200770175,0.38599135610025487,0.32109800040846687,0.22467160187436308,0.824065599987114,0.17676781526334281,0.3367228289578374,0.24701871071155054,0.6909284153912031,0.4049723260537994,0.5672816934191034,0.14284109162789455,0.4482770757864924,0.4226142247894997,1.0
0.4341250311566839,0.2527709912345154,0.47626791979903615,0.6957929361101048,0.3889763177703215,0.25898431029444124,0.2532576977647384,0.32490998230858864,0.43469504393489583,0.3481943776897942,0.3898291025934763,0.6176484687026093,0.5574515370312093,0.3873130265265906,0.45947217037919597,0.4145218711097774,1.0
0.1987126233615325,0.25311832001916723,0.30024886168696774,0.38306517412650876,0.8338871392453033,0.30206887884069994,0.3085559726781831,0.2277773904087093,0.2991699228886205,0.3456480293797253,0.5644128732338957,0.5584994306778359,0.4957407477825234,0.5178160639775302,0.4921003400106591,0.6187846953430086,0.0
0.30715186107228015,0.13655749224992814,0.8454088482554702,0.2978261973299326,0.2836146366774333,0.44318487028473563,0.32121009781526055,0.37092349334572705,0.18120267463051798,0.22287931205906142,0.31056493796131135,0.5917362838312707,0.6000822953788122,0.5824798999887726,0.5051397877246797,0.42240024748872573,0.0
0.1596141593430361,0.29635102580911704,0.3625795047977264,0.26865701974795253,0.2211167405394398,0.7323530209003992,0.5062808479100791,0.4400139465158166,0.26877956694236543,0.34618910195111,0.39366956759902216,0.2376748308312549,0.4499131620068498,0.5760077540989007,0.5524129877039021,0.2995975816529778,1.0
0.30706116356271934,0.3304125148174385,0.30846934356419886,0.3062714170473543,0.23126013130419995,0.321383324574452,0.41194315452286157,0.31646679168413044,0.7484682420209382,0.37586666621869047,0.4248258242590681,0.33459628453802426,0.6152597715001921,0.557050026997067,0.46649256347533363,0.5834289512022423,0.0
0.2729104439199004,0.6647224209247271,0.2045226722158871,0.4862817908486696,0.45444492366844846,0.2781685275607353,0.3516399831506639,0.3966460957164577,0.45413511323823386,0.2567142298251042,0.5360152233997997,0.568475819931186,0.6119358022559591,0.3826016842918655,0.6577054981075501,0.5516642231279458,1.0
0.18274145329616698,0.2501486311948674,0.4074690718645637,0.26111927918837796,0.5831504504409928,0.3050600257949144,0.3396793357273361,0.2364722550405255,0.23869310178416753,0.36518538699052516,0.3902339501943553,0.48833438924531863,0.4120286236518609,0.7039346746009436,0.32818653533228725,0.5142448970487364,0.0
0.7273796288785033,0.21130071231388728,0.24004732875992169,0.19111795535403336,0.3476419443060288,0.4255984822122961,0.2616639469587545,0.4054775479655547,0.4602598488920836,0.3578041143472118,0.6210009854859827,0.29978679236058614,0.5236915736666302,0.5681163858270538,0.6104909708472701,0.5475208605408046,0.0
0.28227350706987536,0.3300527569210403,0.30218511515212687,0.24712259434706496,0.45066092986132156,0.32877488245201725,0.3841368826701269,0.4267538520899055,0.7450656999621442,0.33773353462447,0.3535255144051257,0.4715685986886652,0.48478030865280775,0.4168945348214064,0.6149826393845079,0.6189134343422411,1.0
0.664138588983515,0.3868277591425091,0.3277249858977657,0.2660347599087092,0.29254003078384644,0.1838602138694217,0.37501699518175863,0.21531577317100153,0.2514958933520999,0.2541728026191011,0.5216221831944702,0.640217800803515,0.3097718660222789,0.7125970193380488,0.43714330048718386,0.5210077762950484,1.0
0.26826414795370307,0.2925301674584403,0.23979106245388226,0.3399083749107829,0.3661560345256233,0.21327862010367157,0.41367694792709314,0.6928116117185061,0.38628549483954233,0.2726495561700343,0.6955314084502928,0.382344598564775,0.26429464172511236,0.5179690409577689,0.4952067734648619,0.5619469704218751,1.0
0.35502235419846473,0.35713184452092295,0.37069776242858393,0.8308553630558617,0.37869345109210645,0.2905554984769946,0.3860993000253134,0.2869392847737705,0.4645676907593675,0.2671275500598293,0.5096597860044741,0.5604521547387741,0.5264846255148219,0.6903525872260657,0.4854094474639037,0.5713597935094576,1.0
0.32422108816950124,0.334279736212021,0.3577923762324558,0.3794138635086807,0.4024379574213392,0.644396302355575,0.4497172861070172,0.22921363233769948,0.30896668774846037,0.24312072305781404,0.4194441209713863,0.5796052665357054,0.4032994439467845,0.4090437990536161,0.42046607965275723,0.5714622802110586,1.0
0.3435547565803184,0.29395296850056823,0.23733921553766307,0.7265550874064141,0.33630884165142855,0.40277048328426085,0.31136818670298233,0.2828004782254927,0.43660047494612,0.3644988751543206,0.41691811460532435,0.34501999435463115,0.6582015089618563,0.5227322436484881,0.5575846033305462,0.43820157367195195,1.0
0.31669123871925997,0.2747849893270504,0.15640308798181182,0.3331497940619734,0.7571491637318145,0.14946601346789773,0.24716046874879244,0.35165865898650056,0.3113457502085687,0.3599205926304382,0.42070153408364597,0.47974505226499076,0.312639250068539,0.4626163104011294,0.47377730962098086,0.6027559305667916,0.0
0.23235316169268855,0.30488167719510467,0.248415979451524,0.7248101759139066,0.33331317789489245,0.3473892297384772,0.29630980761668907,0.39282874718690514,0.22311650930070204,0.3150286981392414,0.6595084622587775,0.6422678121619433,0.5772602137208266,0.4755872094334434,0.42557518421667995,0.5465871904808953,1.0
0.2579900740584296,0.49265295822407784,0.26514522542644414,0.40272204630296665,0.373454821662652,0.3414443092607219,0.428464720375227,0.2187168746973976,0.41656848637920474,0.4155297135261789,0.6250634369282844,0.6087136972292069,0.5391269032015511,0.4784941496954398,0.5984323666967468,0.289807626515185,0.0
0.4390728093539491,0.20157852851877467,0.2973049726539855,0.32309385798131174,0.18793677839702969,0.35666754968933634,0.3605005617477647,0.47874942437074464,0.22997092189532198,0.311000077072187,0.5429973668887641,0.5257990462721767,0.5402156829513617,0.48540082101758325,0.5733013122324184,0.3662475978814639,1.0
0.8254903370218749,0.11204302402974528,0.4510009978732041,0.37735760179574596,0.37264046475151896,0.27624824653850294,0.373682100042924,0.13900454628656655,0.3163375598385518,0.14188597543045925,0.5833780835990346,0.5206548012496206,0.4755803450841384,0.47567967156642144,0.4516614894084612,0.6393992646789551,1.0
0.5922578293056364,0.2937776472552303,0.22000734978301106,0.24100313205493698,0.3458131478190522,0.5043124996090932,0.32954188904438575,0.27680009054319155,0.40662898736612596,0.7117479579290632,0.5046892998440009,0.4812540550933989,0.3277654881754487,0.5284937465591005,0.5935454849046589,0.49642975657325866,1.0
0.19227573469492928,0.20711628953931394,0.17567336738111974,0.24946593269291134,0.7498088850639952,0.27545654834115585,0.23816653928179857,0.2478848109273845,0.2606471075406027,0.30386891400652766,0.6224589878232469,0.5784864379497009,0.5075201307913372,0.4821054414836281,0.5248381115024686,0.5723270955783809,0.0
0.20870767993379752,0.18481501622700236,0.4560091806650166,0.4091818537464077,0.7798009849572723,0.17571214829117812,0.33944066712098725,0.3777907599819303,0.24291737904908117,0.13309103058587662,0.7782271055976608,0.4813620811715436,0.20659426404012277,0.42301507689041357,0.5560498797154654,0.28668822362254043,0.0
0.29529948461779265,0.3212425648165023,0.27741017176387217,0.3280648916881661,0.33156828779300984,0.23589138930819945,0.22747225735274323,0.31281922166044385,0.7568567740933888,0.15666833435051922,0.526926898743583,0.5960408451866114,0.50825955517949,0.40307230058949967,0.42253242129430246,0.5864931969744467,1.0
0.3310393141627041,0.19402230514935093,0.4248081178583118,0.19718760655818243,0.5685736870821839,0.43578912826968147,0.30861966338097685,0.24350124893470515,0.2442003855234649,0.32141228370021296,0.40904214678421935,0.5316679896855299,0.5621935654621324,0.3170808362539751,0.6530435018745577,0.3687352820620497,0.0
0.34252479323454676,0.5473827398943494,0.3522041927973789,0.2519652414842936,0.31556403902712266,0.18636943960391875,0.3567777185993838,0.10343434568281853,0.30343542048353367,0.29811477632244565,0.5610124336420258,0.6273703342018793,0.5596120637808544,0.4414823905386125,0.5681358078669376,0.6132984429095811,1.0
0.23146062771198267,0.2289609462270632,0.35258046377649316,0.34004628411336557,0.4134086634927783,0.3156201064195836,0.6958635928575257,0.4548227671154334,0.3665162372863025,0.27079813694022997,0.4099941747289697,0.4695491791275626,0.38953269657439954,0.3194058909156099,0.4683355910523542,0.2624234440599756,1.0
0.8368671293728795,0.24023559749308152,0.26462748082592563,0.4465393382195139,0.24457075768945674,0.3658355218866939,0.30264496905980515,0.41951231103300024,0.3773073703384391,0.24509271880844036,0.545374603220491,0.6275707334830591,0.5450998880426586,0.4212652649308045,0.4110187148986388,0.2819569506357573,1.0
0.32624856283522735,0.7176742120281103,0.3876702495088159,0.2607175349191948,0.2636607631638741,0.32782298872594184,0.4598838217715583,0.3389575618829297,0.2184274375635349,0.3002989980707022,0.7128786116448588,0.4804887437491555,0.5586008814368745,0.44470924276683266,0.5203499913363407,0.5568224051012624,1.0
0.3717414030336247,0.6859385567833698,0.3522506698086644,0.4778921965744865,0.31612600702257565,0.22031300431374345,0.4190876985556877,0.31038709611332266,0.3785738105776561,0.2892615996728236,0.601152925597696,0.4683015745057883,0.4118258043555864,0.370225021839871,0.6036976959336353,0.48999845119218227,1.0
0.3048988436432047,0.283762562015943,0.3006986683276623,0.25758892170016395,0.2853480394720312,0.3397822106161919,0.2788377286370637,0.8145278343191686,0.3072261864463786,0.35114593600851446,0.4157765212260504,0.5843650781380196,0.5976747050437572,0.4944736717243543,0.35873349954692024,0.5759671132412223,0.0
0.2352192230401503,0.36986450643334357,0.43280625261911354,0.2521100875181425,0.14699553135717577,0.3533051853213214,0.20905578838881977,0.33306511450001264,0.3251285171835152,0.6164282676226289,0.3894083191006231,0.3309055477141019,0.5362931959955415,0.6817533094826975,0.4937695309351394,0.4361194764449653,0.0
0.2380981426067384,0.41468941293490585,0.3881890621899532,0.3296308613505967,0.35782479166618225,0.3702788453132727,0.832356317264944,0.4062300841466467,0.43920113367335456,0.4267781506038003,0.6204869295570123,0.5804555239557678,0.18178632475394552,0.477663264887199,0.5405525239157701,0.4849794576438622,1.0
0.29030075085562707,0.1991808512041025,0.5738312867343549,0.43473128592511956,0.23043059030466864,0.19570257811496888,0.5467273938906192,0.23057704365610843,0.37526674370258006,0.5983222320367841,0.621508083964317,0.5539435559092536,0.37808996143374923,0.3944981877755216,0.4565857151250355,0.42041840414228154,0.0
0.43712503570933514,0.3774338618571609,0.32421767504063326,0.1195622452436641,0.25889733786701113,0.7575804869361837,0.23168269987102105,0.2548653381836583,0.3310550162147073,0.27807257125951307,0.6582310339702168,0.7824281203093544,0.38137134700082403,0.31168428444203744,0.4870627391020893,0.5723363223274577,0.0
0.41027379063240915,0.2375715824985783,0.35103130270921573,0.36711642510380227,0.13481266268400255,0.23277880409173535,0.11025581910558555,0.3333012667014111,0.34082749097737,0.6497345665017684,0.6147982657322931,0.5999011719203368,0.4921286445952856,0.282209010523098,0.6430955984584491,0.6611908819487902,0.0
0.25373968098570265,0.724666166458451,0.4423059713679809,0.2563431827659779,0.29945073325676014,0.24170373341145457,0.34808749061175176,0.4781413499583018,0.25024441639237727,0.28454117044474353,0.4154362434629671,0.5746566113575532,0.5075648115354264,0.4642397355726362,0.3705273878740279,0.600031766801061,1.0
0.4230230455740854,0.3121407854777504,0.30280033143323454,0.8372291750553333,0.36766846609847365,0.35322765515627935,0.292805223525641,0.31284094750092195,0.38215202118407154,0.19466250578219563,0.697762241049565,0.2939670633393703,0.2589289727143136,0.557382004128055,0.3801165123225262,0.45838870240033375,1.0
0.49459597872108507,0.33043385375349005,0.37082580526467124,0.3703369397401032,0.8622059179225658,0.3845086604824622,0.41766345032835794,0.2993267826568683,0.34586915044513933,0.23823461396942303,0.44411984716631225,0.6414689563754992,0.3686931392907049,0.35272107984122203,0.3598884391231614,0.32198692493269326,1.0
0.3712917531612074,0.26739737868863395,0.3205398599936311,0.32416940225521435,0.13334147717781,0.7729829432203754,0.5019804356165205,0.27504203632469565,0.3510806686274943,0.2934623137916413,0.6033324058632147,0.5045219377215038,0.4752621545849507,0.24921271158749572,0.268719398137222,0.38484295031003213,1.0
0.36943073645524616,0.2666795849149315,0.3262268580979814,0.29311491525187905,0.428412175460781,0.17421435630764323,0.38922572628760754,0.7574999364399051,0.2964083730750893,0.2841342608715102,0.6920186425975348,0.5430328039145952,0.3436771570047983,0.2349573539829959,0.6364364579756219,0.3978640684521586,1.0
0.26679993056535545,0.34433718553749787,0.35947608378960216,0.1980878950424688,0.43886066873198676,0.25607754932571414,0.24817992483859463,0.9223357707692623,0.26589355022709227,0.271786997819138,0.7671162756845087,0.4945454290355099,0.49223081753610043,0.6316340279779645,0.5959329517912862,0.6461347611403726,1.0
0.22760165861965845,0.2525165123656035,0.4820968004121622,0.4259107923494272,0.4822648944595691,0.27125325393315125,0.36064027234148754,0.1837530284962007,0.7236823840423035,0.2666312901924844,0.3089771201769351,0.4726334863465483,0.40613941998854525,0.4222200836388867,0.5488439392014577,0.5613166152659039,0.0
0.31866538493748553,0.6618079540779873,0.4414551910802574,0.31324766797701725,0.2784504618888838,0.3206382026578864,0.15841496105310188,0.29185928601851485,0.295475937051072,0.2737265565191368,0.6900033813091608,0.7932114934222898,0.3187074654194014,0.7424796478909508,0.41610626979468,0.49344092710219356,0.0
0.28815887413364527,0.2696294990924109,0.4314133239729124,0.3068874250339639,0.2607186642566503,0.19969744331039854,0.3594690124230051,0.24216105958901857,0.26532373905491874,0.6780403321464405,0.3597628632822132,0.49660812589191566,0.5286898888229028,0.2478603298647437,0.24748259332050973,0.4673329922822367,0.0
0.34139285224690774,0.3195224306671868,0.3402645973623205,0.4113665690532562,0.8049572834274143,0.37250691431173655,0.35630686399256467,0.3537641859218559,0.20648692214992448,0.29392214050123394,0.584529428246073,0.6051007506290789,0.5498549785219122,0.5237262006232128,0.6725400519942085,0.4339256249837927,1.0
0.4025319569018117,0.20172693704900685,0.07039671246419965,0.30570762513254024,0.4020996774157968,0.38135368042629414,0.46944328932983137,0.24449403673392914,0.2139222294479935,0.6848468526252366,0.3707702671001496,0.682596070979439,0.5375141556187766,0.4232317968731699,0.3328318533518755,0.3291182793081153,1.0
0.3244212868933869,0.4060454041363294,0.36886599625971145,0.5046295156181294,0.3471087895868872,0.7178602620638967,0.29801898873241744,0.38389432798129813,0.26318316011753834,0.30085064209213,0.5209861981353312,0.4367332959464785,0.6247306116074107,0.40325480398288327,0.35259532380422576,0.5178522300525856,1.0
0.2002147749054295,0.22396234175792973,0.7697657717513402,0.3463616277527134,0.2316149820578703,0.21145889969574921,0.22891024437942195,0.40941576846507394,0.4357543129448983,0.26062631642549366,0.43988404353111743,0.634448613881945,0.517087550807465,0.42993655484254045,0.5661265680335611,0.49473522159671696,0.0
0.4474079769359104,0.4639678313047756,0.3223434875419802,0.385250094974926,0.4028280550656142,0.6777337125844367,0.39042637630548005,0.3180296956598465,0.32472818946615406,0.3441412365205482,0.45606453598058605,0.541023028121556,0.6113074557351887,0.5907378715506344,0.36955879607862346,0.5353168839511446,1.0
0.6092441684607486,0.27776043387345206,0.17949718643418308,0.18128612614295878,0.3277315877510642,0.3838729295318991,0.39556777705366253,0.3421130601194346,0.34459911982772384,0.3288956011261221,0.3974568848116249,0.41649375206273453,0.41260617408677835,0.42617014470969833,0.5192566789570077,0.485425026762793,0.0
0.2599232820301299,0.27497189041281717,0.4472439216731229,0.34618228509264726,0.33870538369691433,0.3202746922389318,0.38586074963124195,0.33875855687790285,0.37536945290099055,0.7165441748486467,0.3553857518914646,0.3182403868535307,0.2729060998124827,0.49924419191558617,0.4643515804679348,0.3275904925434647,0.0
0.7493303422193582,0.255062945277248,0.28395756346692125,0.1499038868427534,0.21356140969146942,0.44947860513672894,0.29842392447274685,0.3676293057546224,0.5242353738874515,0.28859844624242403,0.562760114693619,0.8110174100730589,0.42346729134268335,0.32273097532135764,0.48558133445826834,0.45644707067938023,1.0
0.29077149855161677,0.2719943991675893,0.2546632474815097,0.8899780541350222,0.20970161146765626,0.32813755111639986,0.4219850346455896,0.2988605317112477,0.2567500058833986,0.20982062247411098,0.5930911538347882,0.7548441904103144,0.48071734552675704,0.6327410906797997,0.4390567696653228,0.3857963693442916,1.0
0.33938959998284446,0.2875854438812323,0.36589056344143195,0.19235216144030745,0.2491629307478724,0.25555348963662083,0.3110219091535317,0.44594672383231515,0.71711115856765,0.35942077190477,0.203616305856351,0.568892650496816,0.5849411718996642,0.5319641376808549,0.5221057355784902,0.5156455995995703,0.0
0.3213262667165653,0.3659387945271228,0.6660877238824328,0.3870478710945074,0.45312960664943,0.41554901051015625,0.33963593150891985,0.2564222126981818,0.25849228585777084,0.2984095835216022,0.6533790338136396,0.3985190396846779,0.7530491582236791,0.4433851011454133,0.4989977473016836,0.4059203562494733,0.0
0.7758404245963024,0.401590086537838,0.3006369620854373,0.13292588615198064,0.44463896171921236,0.15602920276593038,0.20822346671319156,0.29471485187805296,0.2277957471571222,0.17953692480033817,0.4378371249978944,0.4939442644567804,0.35432537016763144,0.2580053926726401,0.3168219282036018,0.26747164213019253,0.0
0.6880361955796093,0.3990643706310024,0.344272924549016,0.4153375311911382,0.37410034598483544,0.20208294547980687,0.3139677800351424,0.3240620482869493,0.43784888005828293,0.18809403757864998,0.48218144710534133,0.4076907063498907,0.4723193768255216,0.6920844093786721,0.5163472333686022,0.5863978369235715,1.0
0.23953829712255287,0.23977411880211102,0.4330468486206484,0.329615821906399,0.23454127193837251,0.3243786186976192,0.323995864811514,0.19832909391825,0.6598837839841256,0.326632157382251,0.5879422895995536,0.5397226367206202,0.33406888761445425,0.6090823547105861,0.49211283489653596,0.5554553001661742,0.0
0.8379485207608481,0.18940502985746774,0.34491801758872404,0.23913465076613571,0.1628837992878435,0.3093223630220495,0.3422952298201225,0.199685450995769,0.383490203773332,0.22793830117650055,0.48234999511196663,0.6447837123836406,0.5486243453900914,0.5534490538624082,0.6382768235652911,0.48568890727927855,1.0
0.2691934879898638,0.6401294934246635,0.26801473674193227,0.30599572883740084,0.4404010944537466,0.40202187704287007,0.3690150722830431,0.2441611074904546,0.26255246359357753,0.32571769778107,0.41044117726156215,0.5137804724437944,0.7421387670353397,0.656732815260755,0.43364759732566827,0.554845319945844,0.0
0.6961822215146334,0.25253912276732265,0.3843253978332871,0.2803868005537729,0.3596268395090625,0.46232536142725755,0.30730697834405724,0.3466516344810108,0.36475659553338696,0.3667747884261403,0.26037693796921013,0.713586026303505,0.5667353220242182,0.5218644298616386,0.47212028666857814,0.5903899974069026,0.0
0.76740218221795,0.23495682963652587,0.29461087304325884,0.3972043864454375,0.47049939992687884,0.3100899421157167,0.283339181506539,0.33926968843667443,0.3158420160017149,0.31984502293159073,0.47032190776083255,0.46015615248429204,0.6126360046348458,0.6531674360482178,0.28242064795421173,0.687766431074682,0.0
0.35189226914791627,0.32393308028294426,0.35501883524482253,0.24164315839591544,0.4135547375933668,0.22935678806571286,0.16522317504903786,0.31534350759561164,0.34879776355306313,0.6631862144066496,0.49212326190829725,0.6349608073350865,0.5140245889097719,0.3056176187520423,0.19601628870011106,0.5392674351262509,0.0
0.3549211404626072,0.3440196147342779,0.3490667534910331,0.40677617966455676,0.24049075754317453,0.1385277161070114,0.35712366274620105,0.7677280366855888,0.2977228051156755,0.28152732895462795,0.5018722396706307,0.5549012324996865,0.4074746402192172,0.4873063197060537,0.5358190824147331,0.37821507070484195,0.0
0.4225024030450605,0.16828344186805885,0.25312493475906334,0.4380940370267867,0.7512665751582235,0.30736598882559035,0.25531153214446356,0.3157626114606251,0.22641648003033651,0.4447286166371391,0.5635376879722287,0.584688431493185,0.5416891949319584,0.4211199478702452,0.5070350948327278,0.40007296348629845,1.0
0.32420019993970456,0.1532692755184139,0.5402382793685442,0.3368473654613042,0.23169133539945924,0.38938673230385745,0.47574475614647915,0.743654089755305,0.4643191656612722,0.3855830763044407,0.6857687704357812,0.7264181892079209,0.45630739102792733,0.6577790103135477,0.48280339975350983,0.7766885538728194,0.0
0.2934755940536067,0.7582638382510875,0.298291293057475,0.5002160537062884,0.3016666352760545,0.28151711294665477,0.3181637278194873,0.21839755485197554,0.255468129560204,0.30253389004415093,0.3684329960250068,0.7395078860003168,0.5676356456016807,0.3294614569706864,0.42593584135126605,0.5644690413354816,0.0
0.34087135044433065,0.08577398257406604,0.3411458437533829,0.4311296013714824,0.48515579854712154,0.7877161260616025,0.3063387807849692,0.40977171908457805,0.5002742552434034,0.2779307619435659,0.49838341587647,0.7561515236182146,0.5939071366171577,0.42795638484185367,0.353876484585633,0.43884307441226245,1.0
0.1743785451924577,0.3296386430171011,0.635032820834318,0.3561558136085655,0.3565335590177361,0.325098760146785,0.26363229742295796,0.35871641018952055,0.2891954717867642,0.24342182774189913,0.4677809593203775,0.5213511338971484,0.4632812416963047,0.5073023169851953,0.4088905650577333,0.48745737193907734,0.0
0.385569414454317,0.3815180640259289,0.3854018968805532,0.6088090946698562,0.3394728398577039,0.3075882101951602,0.17811794038906092,0.3489705629814144,0.4971032080955753,0.3132669511565746,0.6510360699448544,0.508760855729228,0.6387773986154673,0.5801424168947498,0.5462569369691436,0.30869611735695324,1.0
0.27482710318279185,0.25800255314152787,0.23094017560780433,0.3294904398949435,0.7167756507885774,0.23646568385615624,0.4068261616915899,0.2968650229287202,0.3869287871922987,0.09867972842683126,0.3380925931668394,0.7284411230163599,0.6440890811071399,0.4222413487518577,0.5395478037173912,0.4316652399967981,0.0
0.3523038845761672,0.18932579789517567,0.7082427133228464,0.26256650334173604,0.33003139043416146,0.29152930141128025,0.23688529443469714,0.24188526412750289,0.3357611433939733,0.4058863416076137,0.3814273034666943,0.47206444601895103,0.45474548664728953,0.46790243804308757,0.5662830778379262,0.2778268111722718,0.0
0.20658898361457767,0.22285211341861738,0.8736072551906734,0.37643282255760174,0.09763317103857413,0.22172691066251948,0.2079548149778054,0.4479076819181922,0.3708617364746641,0.1284560086553938,0.4055970950368466,0.42427709320012086,0.3721245767323373,0.5880026001235926,0.6588599833205452,0.4682966535138854,0.0
0.9506463773254081,0.3509983543560251,0.3704713912374537,0.2759112192526177,0.3534385388213948,0.14235535967917845,0.37254837477430647,0.36421975555111763,0.3035683007205586,0.33625637341117764,0.6516983245750221,0.6078776632430756,0.6376398896725013,0.3578673780229751,0.4987840558818488,0.4473539504849206,1.0
0.35862654147256573,0.30549420298463076,0.2583664420631897,0.3529625399257764,0.43772246216192046,0.23245488377606538,0.7520544546447809,0.3763869922630349,0.3596428661965336,0.2574429791979995,0.6197997638487193,0.4910748929242679,0.4081799647535513,0.4861554197015424,0.551287592305737,0.823787946273671,1.0
0.35976741857857153,0.2707424962707836,0.4152659588941374,0.3179913501515868,0.29178206038291615,0.2359405609109275,0.6735079821820642,0.4027991907814838,0.39728749416454573,0.26051424398163375,0.5569828373259162,0.6320877532414808,0.5096014327019601,0.5930560650413723,0.45609021868145,0.41997106949073154,1.0
0.321767013123219,0.3172655611345172,0.36998695124491504,0.4129219804298967,0.3086472196005873,0.4437214746937942,0.39165172834283546,0.5410355176356885,0.3242864150781642,0.3307490666168694,0.40046201090298217,0.4664837538751031,0.6533949043710467,0.37570176878234435,0.6518220304123072,0.28926383637098124,0.0
0.20393757043649902,0.40089563336015555,0.6877142365488598,0.38374039555733847,0.31405666553709544,0.15676739386454058,0.32526973783379326,0.2817747562798658,0.18527209327698868,0.2720789255456486,0.3870540612915446,0.6485344638298245,0.21568554554974267,0.6665817051906783,0.5580993513255614,0.3428277285985385,0.0
0.7791931325867719,0.21586354311808947,0.35262912788422396,0.26742518750977573,0.3965456222486878,0.3450696065107169,0.1916493127614847,0.17993666835451774,0.29708552514106096,0.2646384285980722,0.565062617926524,0.8169106211471471,0.3914369459712163,0.5314493485935731,0.409106814705275,0.5059347782754215,0.0
0.2797894980579269,0.2644464035280525,0.31495606167717144,0.31809232900489504,0.20089049897396094,0.2518040158435818,0.3198264530738793,0.5725366726479703,0.1484842494032257,0.27800354274777445,0.38655031443784343,0.6583629004945628,0.34699912679203615,0.586807750923868,0.4684120029984303,0.3320262942568143,0.0
0.3805818348562505,0.3066696231904188,0.18396875629250722,0.33684459437037007,0.2360555781355419,0.25479533421087763,0.22585563030916928,0.8507455106418278,0.26312517588926987,0.309302237516675,0.5929098672599692,0.3174631855331609,0.4582046143043551,0.6720181722359011,0.2599297054132661,0.4092093393156234,0.0
0.3514203310847266,0.3969449361136366,0.36581160524235595,0.3050151390302544,0.2310266146057979,0.18597197657736803,0.35049155959512474,0.35435768018461583,0.2965103445762538,0.8435240867553312,0.6256164034278335,0.3124994717887656,0.4828224725777467,0.4550810381631839,0.4279943373156105,0.4916002505454244,0.0
0.32854151154744626,0.38965495346928175,0.41385148517367243,0.3351347371898879,0.8114206340175585,0.22723624058003256,0.4073779824124145,0.28090048036231857,0.3896548012886316,0.4158900747123477,0.529339164888666,0.44345071673813485,0.6046934893584772,0.5009742062678114,0.4930793832268097,0.5544286308920144,0.0
0.30899326880640493,0.24095580202870082,0.951917433939616,0.23905430576462322,0.28286831404191043,0.233369702807528,0.38066013549377997,0.30347132473157123,0.20866936286146026,0.27852494661046223,0.523771280545552,0.6711303863224168,0.4716738209716023,0.8079958529771398,0.653436097618316,0.6286779547157956,0.0
0.3512217635327019,0.24701301373020598,0.3369422294680214,0.3123538364716847,0.470160852024604,0.1381847542727077,0.6336959280956871,0.167612166004121,0.3903180124746616,0.3938121612103458,0.4733048013877884,0.5556108559154479,0.47381959212516184,0.6034386969986757,0.6215729016487108,0.3875905758947312,1.0
0.25971088880736287,0.2778708725051132,0.34510068546752076,0.3564419612000266,0.32515048567993393,0.3717370194208178,0.1728700464164262,0.17391523652446841,0.7411935710271949,0.38126096870340526,0.30436115018248167,0.6512484576738979,0.46143076630672586,0.5429505513284649,0.3449494162491924,0.5579520079309984,0.0
0.29109103884544046,0.27455595012292083,0.2493727606748951,0.3006552716117748,0.1863339734854329,0.13845315480972437,0.39395911871984857,0.30498533814071205,0.6312484931305914,0.28496064722691117,0.34877650163265983,0.4706638543789278,0.6585575136982607,0.596121143939745,0.5594005029623056,0.6724211275478235,1.0
0.4970204399006938,0.2701703301161867,0.2435997597146873,0.5495562235386818,0.2998986851814057,0.3349933693638152,0.2394921236832966,0.4048276996563497,0.29273475492004625,0.260529356159637,0.37709714321148435,0.40900240356364026,0.46958727825716445,0.3412385402263415,0.4162415768819323,0.7950265132626655,1.0
0.8003874531561046,0.39636969709745185,0.2838125607542578,0.2875213569395352,0.14191528040109536,0.35967708707556945,0.346508919845625,0.32784719200056306,0.4262672081703382,0.13782763680019544,0.7572707479478296,0.49132691669406037,0.5143702061748191,0.34587572698034064,0.5630247577920112,0.5900769176626196,1.0
0.39404321334389447,0.1116476128316315,0.2960088635294409,0.37232954785478783,0.6946196614970754,0.3079545590810817,0.2374759947598732,0.2733928088812221,0.3300947943868281,0.24954589412269995,0.5450770180329638,0.5262786626226043,0.4708485699629403,0.4602393384554594,0.6410907978334096,0.4998778985937551,1.0
0.4376011008586861,0.2571260932493962,0.3311696050291066,0.313770554384161,0.7083971151638455,0.25680737715370044,0.320172397475452,0.3309328455738994,0.2510498232918089,0.3785307619189122,0.6131473701956092,0.37486496645448625,0.3670528329954429,0.43096915487189424,0.41704213955911373,0.46237277003228255,1.0
0.30246826517266,0.2816127677237963,0.35546579662392136,0.8028036128412483,0.46944567665638604,0.3853499848744035,0.3928619439503624,0.333048631195169,0.23602036560403228,0.12737955836123774,0.4710944656472577,0.4704568207051248,0.5289984430537963,0.2745777266532267,0.3902325074881281,0.582368507106641,1.0
0.20211395872594407,0.1427206394861022,0.31558632881284665,0.43991681912930736,0.6931319980840422,0.2950911175590926,0.19631652698566882,0.27452120428269505,0.3069393631231502,0.379972501308714,0.6585756618078061,0.544852862272717,0.683844052243732,0.3858349109356213,0.5400558826837802,0.2525248480320542,0.0
0.3636898746521365,0.27878757817227784,0.22394305937311737,0.2796297783142567,0.4296970758645089,0.5563823469426403,0.486986532990952,0.2666257581800134,0.1383729149601551,0.2000793623519564,0.3917696069167783,0.6025081214917182,0.46298810986060485,0.3144401479309491,0.42270493451198854,0.7083469309803456,1.0
0.6063442161641917,0.24666262767923594,0.23134219174103093,0.4899494639886033,0.355631005140274,0.22832934530053728,0.40008638140794933,0.2508526461909787,0.4355384988898317,0.3500679734992092,0.3936942023934322,0.6716204512886847,0.5872589420343728,0.5247898968879469,0.18058150274033985,0.3629475660383386,0.0
0.4183436567594272,0.6533406139100353,0.3783068331202116,0.3235335936113314,0.21418271487584334,0.1193280467318942,0.22608559853666374,0.5441865140073749,0.3537658257208776,0.0475814317610207,0.39343521488963024,0.6749292771647308,0.3703624324316067,0.4606580939952285,0.10802903334134573,0.6641677642533832,1.0
0.35728138658431946,0.26426314440527165,0.37995736214532827,0.2967194520999222,0.260175603695202,0.432058062088582,0.30256023377695673,0.4462632529935669,0.7887845229677133,0.29907630045999045,0.648149462780726,0.5714758769925203,0.35874243752026586,0.5094519157940178,0.4143537539361501,0.5933004660552491,0.0
0.2448129237617336,0.4159507609612626,0.29284348053006715,0.755734630885712,0.4063189173272766,0.3035639229910655,0.37708135616318256,0.3545648940031634,0.35879261331630646,0.285692751479178,0.5031629946209822,0.3596773039509641,0.5865601541951376,0.39631079629114446,0.45582412659635674,0.6334054745295852,1.0
0.22749002656413242,0.3540378512297606,0.2840648544884374,0.3301764978281148,0.5066856346103945,0.3629409553662933,0.33190452719447777,0.7905210706131853,0.2505365420766896,0.15380887238164814,0.44704259348438974,0.3208987846177284,0.4566733425881348,0.4610026261828715,0.43896936913076406,0.4269680303880149,1.0
0.2771399071212594,0.3477906829971104,0.23008613093227404,0.23398307532458873,0.3732351166259658,0.3275263240043429,0.26561893485307836,0.5663281130461602,0.32668041515565405,0.2990356246967019,0.3919562942883755,0.3984392729358881,0.411144700560119,0.4755045878473479,0.34190130133471774,0.597977789321855,1.0
0.22083526798787814,0.25501027699791684,0.20250888741944287,0.8353072627012961,0.2657682728149605,0.26196470802103894,0.21893617242668248,0.3323741083941756,0.4845756639139232,0.3320881371290766,0.5696044535717295,0.5732624613717469,0.5290234409407167,0.5493856010734919,0.12694083460401956,0.6627637137990197,1.0
0.7153841444163995,0.1799865330810318,0.3009923872912135,0.273262248439039,0.2962108898010089,0.26251649240478386,0.3930748234044137,0.3017975108686767,0.2140943971937614,0.4194479068451128,0.7106633845752373,0.380466710173635,0.6987742505252524,0.4784138986091598,0.46328297712022193,0.20753062961445995,1.0
0.394232862905866,0.26456835996872186,0.3964170455049152,0.7358352980746683,0.25492518843065387,0.2334172104164684,0.3331456602541104,0.15592083205255192,0.2682370162987835,0.24478820609159946,0.6691161281429825,0.5148749377712729,0.5813337678305229,0.4606793288041196,0.4240942366368283,0.672246378491268,1.0
0.2706572318320134,0.3983104194775717,0.42630781626612313,0.08367785218085985,0.4200151771411277,0.2628266219391698,0.3575870378597359,0.22709381219230157,0.32783607412738197,0.5827821846262251,0.6588759111284934,0.6817470499557658,0.47672034721909545,0.23333512249196858,0.5617446466212866,0.42620805574451986,0.0
0.3843914986618139,0.17607880566926148,0.2953708535362355,0.2454025306948396,0.3823333341761172,0.4668912479044707,0.24780990359387267,0.8705327852232978,0.2781231812474429,0.16363167476970056,0.7945884461296548,0.5967420412558598,0.5667786966874349,0.3850962415007297,0.45377482954363474,0.5246139288614209,0.0
0.3708208510737475,0.33619095284724365,0.3875259385480039,0.26009447032438393,0.42732115450396974,0.4571878271672212,0.39758031348397105,0.636899923314402,0.2964864806568602,0.2687373563065461,0.6177634181602242,0.6630804422771384,0.43404535927511134,0.5478903933204539,0.5570669299839659,0.3767112491595599,1.0
0.3504106923259581,0.23952377320647117,0.19988863517747338,0.3874132307687649,0.3274304352377041,0.3285220890238555,0.21943503640454565,0.39086443835583184,0.4103849809624472,0.5405341329188642,0.3330146700316009,0.5672874446532624,0.3124669421529501,0.6303782926270698,0.33796667842417294,0.6294172998734733,1.0
0.717299418262038,0.24635840620013652,0.2703991323324719,0.32038887770367347,0.24333284951387227,0.2971673726308789,0.3921581182985133,0.27438691179433206,0.42153982473215496,0.26949102851720425,0.29398178603125313,0.5843509598187357,0.7177612671724063,0.6502740170219603,0.7017900102901383,0.3151337844378508,0.0
0.4317531261782606,0.18408891547857464,0.4334915391265036,0.2924427481297483,0.29119970285147684,0.08261541864765148,0.3357254553662912,0.31168800494591115,0.7713072765480486,0.3143008710227767,0.34659718010392876,0.5222068103270063,0.43374476416700986,0.39380631318525045,0.5864479365317055,0.3767056244689036,0.0
0.7084206292047618,0.2911678247605729,0.4419333279054229,0.5224044725014126,0.35674012174706976,0.2445489105701713,0.2411384891756873,0.30807822563210463,0.370920763626106,0.3532434475912777,0.5140352631209766,0.3676275770469283,0.41548465587999595,0.6362372108387189,0.1588308614709399,0.5465273602124113,0.0
0.4611117377363806,0.2633010957511594,0.454008485504264,0.370500584092211,0.22270881408931134,0.30905693925096606,0.3888063079607109,0.40385570402671517,0.6518253132367804,0.3026225577318944,0.5771885513277728,0.3484958760024036,0.37572800999372713,0.5319075821150263,0.39135849442225273,0.45823818344910205,0.0
0.1684295215693625,0.2370260668414263,0.2787894042956513,0.2531955637212484,0.3078474994216343,0.39511231781971035,0.8162510239360079,0.2008019178381777,0.30589890547652737,0.14566490595591589,0.34808527855005,0.32873861062796783,0.6135094862182182,0.5019276753027392,0.49548370772072015,0.39874287132889474,1.0
0.28088014094296276,0.3395927127126928,0.35709640906869966,0.4033705945039344,0.3839340831887992,0.7610225795802137,0.2911616940569928,0.31905803005747746,0.42025333265555603,0.42412483378165433,0.47017213544202924,0.7693736247117722,0.7421712174942502,0.7083855156970323,0.36419740445241044,0.5062226291334865,0.0
0.3201431764986924,0.3809080296710009,0.42615080895807755,0.40432527053635403,0.36888366752704016,0.16491608545946176,0.3378397861874108,0.7794346743539864,0.404556536824109,0.25747007036747727,0.3051488455693462,0.6407430048348755,0.5481294713201074,0.635151062557943,0.500039588164404,0.5050336646820622,1.0
0.3856232837018181,0.6830389995071864,0.4617672538442996,0.35951543311608425,0.3211339581451194,0.29282758991801205,0.1885527722276463,0.19832722756860646,0.4353563920868192,0.2840178193211206,0.37695514025323146,0.5307878267191675,0.5375964554466434,0.7259667823544976,0.4334896297858178,0.3680945747256198,1.0
0.19655181805698735,0.40998703090470484,0.20860325835721488,0.29291212696345087,0.39823105737911146,0.3519260966061444,0.48692765775040103,0.32450856940059064,0.6211612034853152,0.3365032415681534,0.2828136302174201,0.5356976102129151,0.49575676718234607,0.5423996989154772,0.3416367218136537,0.5364602910447158,1.0
0.4443546977066175,0.3516646556957834,0.27723435228743454,0.3054504994908507,0.28663795639164563,0.4067037879833372,0.20965837874948579,0.7511851701810301,0.4617964824452234,0.40091872352631475,0.6811753427471627,0.400004397496419,0.3635600111250913,0.3158721976649141,0.3519343570515474,0.6745744642224721,0.0
0.36474111218269917,0.22679585334805963,0.38169286499684807,0.47803376333454817,0.26530363407537677,0.29525980497550364,0.20417593571001247,0.35058854470117684,0.26190849423402807,0.7093618613735759,0.5313215748505637,0.3892934439041925,0.2792667113240579,0.45769883369859743,0.5891491010455528,0.5885110490819263,0.0
0.3186433820565865,0.6436887091777799,0.33880139569921974,0.33387935357272586,0.24880653376880346,0.45264212094690215,0.39849948267415053,0.33110287018060486,0.36118151316991937,0.3510115258722142,0.4611213638011003,0.302677455532344,0.4720106923240159,0.5150284940791245,0.5191303697494483,0.25085795139515643,1.0
0.3746742995827288,0.35158365084740384,0.3450314230593504,0.1768486102079606,0.31666482298043214,0.31771175998756673,0.5091855554611042,0.326648125412655,0.7443829486733076,0.29991482160071625,0.5083159733660191,0.3511127735561962,0.48020214903560887,0.4716166971602689,0.5185854883440901,0.4765710385719007,0.0
0.259502272154229,0.18411352857784358,0.26966307500679776,0.64668892054027,0.43460078088583765,0.26970412358438334,0.2559407455979047,0.23162909395595033,0.29145648142349617,0.2957265103742581,0.8062335189243633,0.6292687292045716,0.3998969730899361,0.16132897342729802,0.38920174500474475,0.335685396283586,1.0
0.2293501404382757,0.29410871705816616,0.3024520407941467,0.30025327639336086,0.7619814903295733,0.3476253483550331,0.23602273877445534,0.24769160206037905,0.4642411194115779,0.380493823265368,0.35149603693256865,0.5959063507186939,0.6851323765228184,0.5438040707194811,0.5295437526861759,0.402641145641583,0.0
0.2546086310075959,0.26776493223948533,0.7241198140383278,0.3906221805587259,0.2522395279981356,0.2500583475810595,0.2287820265312625,0.35749748167176276,0.3436668588095805,0.1430757824901877,0.394319602408316,0.4044075268967953,0.5760468411478076,0.4251980809987253,0.4851490278985845,0.6405869622121458,0.0
0.13677108889134887,0.3670143419561226,0.7328134080430802,0.1622951878928186,0.3127143013484043,0.29262166924649674,0.29001158066295907,0.49903096852625173,0.18167002739784968,0.1767353999914294,0.6066645066746794,0.5387752172374483,0.5746720745931673,0.3818920726375198,0.2807309870701328,0.5761315938977825,0.0
0.27197941404226045,0.18143225642263405,0.4111429339043835,0.3354527057058659,0.7348597470034182,0.20050439459846045,0.35085352938320347,0.2505407517511057,0.3150617226407404,0.17552651974065586,0.4137735989689147,0.6328050103285134,0.6082963254849385,0.38898928564864815,0.49174296209007706,0.5860857758268936,0.0
0.3103091235896843,0.32162387643418283,0.3510621292814894,0.8077178022371132,0.1863156972729652,0.35637068293084684,0.44814139112491225,0.2610699594302761,0.39059351343319104,0.2973970880830829,0.7836346594112622,0.4149093433585109,0.3525459225511099,0.4608776534862439,0.4082577004742467,0.59101935100461,1.0
0.31560061407680284,0.31101047806536125,0.3756060735272226,0.21303547989784039,0.3402498889656771,0.30928580764096636,0.24121420004524424,0.6655014334096114,0.19517063483740554,0.33379893948369577,0.25657414840315307,0.5154642572260191,0.36841163604008864,0.6842549568293375,0.4198478795567985,0.46129261698269275,0.0
0.2512693020710722,0.23678847970567773,0.35794231900423135,0.17471898229200022,0.30101624428395074,0.37203993891309595,0.6378795383557374,0.27709362081780914,0.4850431693277524,0.09252073965457858,0.4849513060495038,0.22363127826389329,0.4725128683087871,0.42447008049801765,0.528281198451771,0.45745970713147843,1.0
0.12085415186908713,0.33429635010501346,0.23424479904515674,0.3083872351111714,0.2255505480835942,0.35670052332236674,0.29097729157583874,0.21040210189298467,0.647627159582455,0.4315485708321066,0.2970594672883479,0.4441289853511952,0.32473229666813086,0.5533379548825125,0.5893546298349921,0.5618125220333651,0.0
0.26039475590082906,0.35340582003013576,0.26291506044662427,0.41604358685759446,0.3345915823093302,0.29830166936235775,0.4095922634683169,0.7836907316017094,0.3473837447447265,0.3128114841536656,0.33567261921202673,0.5607380417742422,0.5823035107210734,0.5736698460368502,0.638243589361379,0.5277950816361194,1.0
0.4265228993383414,0.7370538087551983,0.34004071756320314,0.4448639292429091,0.304305712554945,0.29767591941036453,0.31582591566319046,0.18236599759624017,0.3878811232611293,0.2809952756971526,0.6342067984052622,0.9727211212765441,0.6144425494069902,0.4849158475112919,0.43072891171969935,0.5345954674013488,0.0
0.3814724915424609,0.22886280238879103,0.39410730284374795,0.4074826180170514,0.2254649399663181,0.279187584896958,0.3138670754334246,0.3762014007395214,0.6042916679512411,0.1743487182971462,0.7611434825675509,0.2176445929984242,0.7770490675392074,0.4974392896204367,0.4038358842015183,0.5305750329310679,1.0
0.34503119250585823,0.3562045874953795,0.32928982162199755,0.562710610137205,0.26188443912309617,0.2746113839084054,0.5682943709133856,0.33108657001368913,0.2418591195948135,0.338766524604299,0.6880674182137045,0.5209232633328117,0.23655270189540673,0.25817801904762844,0.608452824712661,0.45774458175140503,1.0
0.32450760994775796,0.18452051807214503,0.21272402605073884,0.3488735514751693,0.2896672424310706,0.34966456918841227,0.3916214177247696,0.4051550853393125,0.10785728575463091,0.6509861499098573,0.492210270510245,0.504788943044984,0.3924178429524824,0.521400562726465,0.5187519787538267,0.3567329307531039,0.0
0.3814685280878014,0.22558335605810823,0.326558265699244,0.4107738868258438,0.26927920266678307,0.2917950966887818,0.6677513086149971,0.37420278679810137,0.2458224244657036,0.2169653231453897,0.5754360640417788,0.4786399168037195,0.5676545877858832,0.515040305109136,0.34690057175372135,0.4131408690205655,1.0
0.23298669783538073,0.27299690473422517,0.3179420470431429,0.725132208106112,0.1525455151481448,0.3433990029561036,0.3077684040609839,0.3678434277983357,0.26009578394051314,0.284474702275011,0.3748493679064279,0.6008961336164076,0.4363880636020351,0.382281883133215,0.43959065816850185,0.42419776338807424,1.0
0.2265941479805842,0.36037082202917314,0.41009651674506065,0.39878647114693944,0.3265903652566581,0.4286163778714362,0.8321270829877876,0.3907638711698415,0.39414403340769605,0.2768328302884743,0.4427901819340402,0.3773085932654986,0.4186808113006867,0.555057064531629,0.3847241266145499,0.5271947853540778,1.0
0.32118925405540283,0.20884556308123015,0.2902240847876071,0.3697703877035326,0.3450312448688998,0.1628658674578588,0.7624771790386182,0.32935372599289797,0.4778161806176997,0.3834414616719318,0.6227364306855495,0.4298067145666399,0.37420812737608006,0.6955382044131332,0.3415409178784453,0.2544121852529846,1.0
0.7129788731392455,0.26243627386475366,0.24645742259118347,0.302647511697359,0.34611114366359114,0.4176298600698928,0.3632980063188474,0.4041973553565077,0.3683039883229492,0.4653970762615205,0.7543849661861001,0.5444876823198802,0.5566061173659915,0.33583791429382565,0.4422391986278579,0.4818040878715505,1.0
0.41121882022333245,0.7699050708874968,0.27122058791043,0.3202331658611028,0.3564551658861067,0.2186704659063442,0.2635093105903562,0.40674675818068606,0.4261679486522365,0.26244509654696796,0.5307053808710939,0.7739976517492807,0.5418103850357592,0.6783201694057537,0.5728197108802943,0.5275883336393384,1.0
0.2902091623212957,0.14286726361570976,0.2527672677117094,0.36698796096606834,0.2944769335143286,0.21065513204746117,0.2902471053229308,0.8265312068176145,0.44650813804137557,0.3099648800400548,0.5292849651887226,0.5597884284792873,0.47067033925652857,0.37656451757195414,0.33562142500116904,0.41251376042130866,0.0
0.3829583209253561,0.2271814737857964,0.33078464209181946,0.33073167245512824,0.7289065391701701,0.22072683362658163,0.40029671134824335,0.3034290580248945,0.3660824852445146,0.3285662359990039,0.43919872607273003,0.4235217796389438,0.35669301676045495,0.5275678438298136,0.4289739569905726,0.6181955097194165,0.0
0.27497698089535977,0.32938272979751104,0.1866829296969974,0.22726272101222683,0.8521694495762369,0.2235553855499075,0.32051813658244077,0.3404314526262296,0.3435020374744822,0.20232904423477824,0.44115347714152353,0.45461168104856003,0.44786635685533754,0.5501042966144283,0.26080073467107734,0.5132796833355654,0.0
0.40658383635622897,0.2253250258210389,0.3994425535584901,0.3617854287508063,0.4029120438541909,0.2816845893694012,0.4079685084489631,0.8267451253581404,0.23016254853098955,0.36892241401817777,0.40633268631612507,0.5348033842133626,0.5148659465166553,0.7433463840857885,0.4016688103088569,0.4171361272147299,1.0
0.37414143334313077,0.24183047573516883,0.3605392730746077,0.3821491007825717,0.6275742371601618,0.3635352832229474,0.3343967877387167,0.1959876797245107,0.38436378971814367,0.27285660648374804,0.6357538927842218,0.4105975032782191,0.4713668682398428,0.5760416845181733,0.5009525562828514,0.5921593524481384,0.0
0.24196528287618868,0.3478067648130393,0.33565747220098063,0.2558669966945978,0.4988017422407225,0.23502098450816805,0.3798830880011437,0.27555004672313727,0.8367371786463466,0.4227658551821819,0.5598645644014013,0.47087249551128907,0.4947218797746997,0.19745766313017227,0.3912435051570835,0.24117929235318886,0.0
0.23397910615835707,0.6958049449158987,0.2815495138969142,0.3366637051503504,0.20679678161442003,0.198489458301244,0.3306631605390348,0.3612788985034785,0.3612881910841752,0.24402593554943328,0.4064558170863184,0.8068081771295219,0.38286280709916337,0.37360217694821024,0.4083356022184011,0.4123347107093565,0.0
0.3299677094357081,0.3924055265543475,0.32400867851993864,0.4152925996609269,0.7949233566301408,0.46294415149506485,0.33575114777592857,0.33641281956896696,0.37640143157850475,0.27444755173802216,0.4835991739564446,0.6439321815241066,0.36130005687225986,0.5406620645855831,0.4256036995656642,0.5802740593040375,1.0
0.30491800715907674,0.3466426636229823,0.26214583798060825,0.2120117850526558,0.7720236479238909,0.3035850994773736,0.4011702489515083,0.2493930055546373,0.3029428586581292,0.17369287916037507,0.6127635720753378,0.7046276748274465,0.41947839550540944,0.28166014481510426,0.3477137048704912,0.5748102687660842,0.0
0.5993651370121038,0.29179146523291233,0.2914633711226398,0.2681920086877135,0.25655809314715583,0.22982434788108017,0.3129255652655308,0.13125050714898737,0.3039256839975334,0.17582795918601463,0.5676376443534822,0.4009205853951043,0.4530716234155541,0.4480774204832916,0.46815204233322505,0.5058714089224994,1.0
0.43354750585446833,0.3586797839926061,0.21816270196942522,0.4213566244519469,0.26630083542779137,0.3264781387084671,0.23906658944875125,0.34722072715482233,0.7006922800187119,0.25485906734193003,0.5801063597900861,0.2327938033181423,0.43556092585558026,0.4470573357400443,0.34075427598327346,0.6974957958384655,1.0
0.24318838748136393,0.3082207123362126,0.8239168487689007,0.19607730730514797,0.13916331170584648,0.2166414500762379,0.26796804204930724,0.48176964453410376,0.4242130278025235,0.34160535929144686,0.8158512937278184,0.4114232825604614,0.5103291216614482,0.6290699648871615,0.28513430008476015,0.46355304886116255,0.0
0.2912554121379014,0.21172603080231636,0.34731328618715396,0.22613288802924114,0.2976903788496551,0.3640068805764023,0.2962802231934081,0.2263473758754953,0.6639594301644893,0.3954830071758742,0.3268087227783258,0.44006615112538516,0.6232432510646432,0.21040138357105587,0.25223111150712363,0.4840893393531062,0.0
0.5759085334901564,0.22300173044249005,0.24488766974298137,0.2815114876428353,0.34273560214609766,0.3048882047310235,0.2568770472973434,0.29122976489008207,0.3505518315380789,0.3294439237332092,0.4395029686128162,0.6067577276027379,0.5609593178207467,0.3728511822621226,0.47155802300249555,0.7650136123982532,0.0
0.42598486844736094,0.4749487034677595,0.8356634905737282,0.40654170641942977,0.30763485849879446,0.12388957664757766,0.1699229585654413,0.2304110414090263,0.10886782602177944,0.2531426609322903,0.3740419969041695,0.39831627535400427,0.4854293531499668,0.5533070177819039,0.47638434329236673,0.5477920603387222,0.0
0.7636469734239808,0.1893444122681987,0.3135615616889405,0.29862138015818285,0.2917682815914677,0.3165491147277053,0.2947875433616584,0.1854471086167559,0.36418954828430494,0.48887091368747804,0.4191816057052681,0.509197099861882,0.30778097162248297,0.28632806668694144,0.4703114310717519,0.5458351065393955,0.0
0.3797455611576142,0.3269380334611195,0.3197903593821469,0.22882849279475267,0.267419473674112,0.7692832515163625,0.29647421201330665,0.29256315528156523,0.3179362958101589,0.37357036104502156,0.6368811922083519,0.5484101061526953,0.4004784689837183,0.440009647790036,0.6054079318302208,0.48857686874571776,0.0
0.176972882825772,0.1703172757821647,0.3510220922442493,0.7796106629758837,0.29022464959787936,0.30098687938378127,0.23454088204287277,0.46112231917415397,0.2827803236699844,0.3431535670090976,0.524983207955564,0.42736489113234677,0.29948206249757214,0.5330014080320068,0.5923225003903025,0.5591318388884569,1.0
0.3796424477722212,0.3568176128874873,0.26825834336481214,0.3818726193327023,0.20925524754045238,0.25121411279178946,0.2348030436401447,0.1832685620469642,0.5341052511947022,0.21461614594546202,0.34824426048309776,0.3196822651519189,0.2988244299688889,0.25525488843355676,0.48482166243261465,0.5654108351532452,1.0
0.3881433294313561,0.22851351595508604,0.5131873255732875,0.2798208064125241,0.2942613638632388,0.33538048935487946,0.18489333512837583,0.3363028460760257,0.6804507171808775,0.28637905116718937,0.3245287582633298,0.6841956657637631,0.4351158164713943,0.5193598868721031,0.45679320538374263,0.35656382674791515,0.0
0.2979815745645195,0.39433783705965925,0.2112427521753107,0.2964672576837418,0.4406550069873597,0.2616558721273432,0.17007799513587538,0.15663596113355852,0.2556510853330547,0.6203938370272282,0.4913904275752074,0.6277889380339651,0.5764906921946733,0.49452200019760006,0.3774301780387656,0.6808420585749257,0.0
0.30325758437202127,0.3864604377310148,0.21993043685598945,0.2595073012340562,0.2350241435184888,0.308777606652556,0.7554890494779674,0.4621100058018396,0.3492871845373676,0.2883617971624069,0.4137073924697955,0.3803843983586712,0.533661342334623,0.6055639616770156,0.43659024671112295,0.7128465286828591,1.0
0.1917836850220446,0.19854813586380904,0.3034225420011046,0.33284211273401604,0.19453895755885953,0.19064590396597714,0.417139841684,0.49478744287073106,0.11943654631090572,0.7093231488888472,0.4173545810850595,0.6645265409529244,0.5645477544253159,0.3791329634220233,0.5964898881941343,0.43264292612156663,0.0
0.19168744697328172,0.3233827549671343,0.23885536060201915,0.3743293903209549,0.8067058101388195,0.3938522633466356,0.23512247724697333,0.26913181444870554,0.3360660962535901,0.2749363588800512,0.3400698123711685,0.7190036525550718,0.5006707175105914,0.44978791455114636,0.3557236773408556,0.5852109953147105,0.0
0.2989718804749735,0.35095159523703956,0.36609593989634703,0.19027963338350698,0.4869708912892545,0.22397969448956712,0.31351905752504844,0.32788032770752656,0.7434544411364967,0.16598236958251492,0.40576603383291054,0.5330113545718622,0.43172053105167857,0.27162664158042216,0.5783485653075497,0.4302749537892757,1.0
0.46728012189656387,0.3740259057329942,0.36421131469751344,0.25549891507449396,0.2799881602751826,0.14069086959063073,0.3873742793126871,0.7286483731254157,0.26738064119997745,0.36083084765212936,0.36087743515025794,0.46144564205777383,0.5087991784086411,0.6057531551857239,0.353259041445689,0.6847995940046894,1.0
0.33208928757492945,0.22427582469375895,0.31503695758684463,0.2602802418077282,0.268463961935974,0.38131005649398014,0.6351398519262929,0.20023850200883558,0.20594232420252645,0.340140680471036,0.4694319497702829,0.24319148797139073,0.4201794848675943,0.3491295024147353,0.5302184189887187,0.5858694863671114,1.0
0.2904825959597882,0.2412793482685492,0.24516457426501034,0.2863921374931259,0.5149473907021764,0.41406990116049625,0.362805600004537,0.8063789953804269,0.14224122746509965,0.23179713608144678,0.4725920992971351,0.3444673213562437,0.5052827035857398,0.6034920973571066,0.33557520491233267,0.6496681144883489,1.0
0.22104466809666393,0.6701124674758532,0.3574502174335866,0.36339927995418697,0.15773362506074548,0.1650663394685298,0.2555236972056151,0.3203868902289221,0.4405359316724819,0.2909589923024492,0.3923450664119092,0.5155322880745754,0.6785702632714503,0.2742565226890003,0.45924066967197064,0.46767907678334564,1.0
0.2900324452653053,0.3312485395089532,0.6586787592886536,0.42750407206122987,0.18729685371568686,0.18442224140600988,0.3198208058129501,0.33786104556910673,0.33235527681091537,0.36810692503869846,0.6659136547284218,0.47725378829601267,0.5850873939179237,0.4999858128499124,0.3464601689217116,0.7116563210579716,0.0
0.35140351801415903,0.1250691155997424,0.44199323502285487,0.4875598940615814,0.38854889844563767,0.28838490747591344,0.26530522976909143,0.3520692629825612,0.6221537643302315,0.29151901785830153,0.3572034856715064,0.462738556337703,0.46929958196154625,0.5649059447003295,0.5238308574213166,0.3966715720186839,0.0
0.4281366880429184,0.8282441257611073,0.23922851569603337,0.33254913708888545,0.22908640785734066,0.14630724584920085,0.3164730807559877,0.25278393585901604,0.3468149850843267,0.29776482983243646,0.4214571248212386,0.530895565510065,0.36905413993305286,0.6729568981446198,0.6534560262903252,0.5608665444079776,1.0
0.32640519441728505,0.738604220842048,0.3692384697152298,0.20384549447883102,0.33290753643146564,0.3540057473296596,0.2824404659276882,0.3886647269449979,0.2574052545104992,0.23484323632693047,0.7144934403981503,0.47770079188938636,0.36421243568493317,0.5926779766660355,0.30691128020331404,0.5110056378924174,1.0
0.266567694899518,0.2516562168907761,0.32556524508822865,0.31986639497392694,0.392550319215752,0.6921075524685321,0.3342334407675386,0.3179392256271582,0.17631428915889624,0.3621096603389322,0.5655745779729151,0.4424175618340023,0.44253005847510757,0.5721346908291118,0.4381483022616519,0.40809691130980574,0.0
0.21709740431776994,0.27572905755494237,0.35945640762490455,0.23922254718266597,0.2761389813364764,0.5749755151890751,0.439929037482782,0.31009929345985016,0.3450710952620937,0.2519670371861773,0.20090930126916606,0.51377074113188,0.5464650920674478,0.5219942707555191,0.14106492429573025,0.6455950025741521,1.0
0.4163557148559363,0.3143760112523372,0.3501074966136145,0.3029711322480461,0.3861507661254619,0.6456145368352318,0.3262037961430762,0.283108060793249,0.3475159903987516,0.2888343259265597,0.35128764707832794,0.7247889971950129,0.5831898587732339,0.645814062308407,0.43310964122811935,0.5966212116011703,0.0
0.3396430011496421,0.7857587050131742,0.385167181133381,0.2512968568216748,0.22171056701072553,0.2543412367248832,0.2919057224713076,0.34253344335987385,0.19491122338962966,0.2001289924976946,0.4242758738636118,0.6141805617548927,0.6641110121666711,0.4497186385545232,0.384581327876327,0.39593548585830624,1.0
0.3504496934526281,0.19568766247987862,0.2971104799301332,0.27057567502988794,0.3639582826157181,0.5857967978335957,0.29879462636790577,0.3596001803858464,0.26741413626143884,0.16103238924992688,0.5396192606579346,0.28796452256090155,0.5778916284537816,0.49616518562543127,0.36080515625832904,0.35865322798942323,1.0
0.363262001728313,0.15860959391881993,0.2442623615117501,0.39677018558431437,0.2931338478785904,0.40572991579691653,0.5723293609332061,0.21433102923409725,0.4191812433604347,0.5694934960171146,0.46988383885443913,0.5658422211450291,0.1626359364315344,0.5011799194752117,0.5250252865565143,0.5129442566259086,1.0
0.2989959280767169,0.1815758697612193,0.3231757023256585,0.23662189497527963,0.29194828386192617,0.3640197703448684,0.7507987566977272,0.28473489817640185,0.36589198416561564,0.41656523893362885,0.4108884431252117,0.3425034278286061,0.4489923399398019,0.5691584563634406,0.6207947879928282,0.5346503092473301,1.0
0.3203753076170642,0.7929313314143287,0.2570213391862298,0.3504729701177304,0.3689546469473217,0.246759552050239,0.25489378184476646,0.30340760834596575,0.40422221010265674,0.28098843894693204,0.7370161300924893,0.4713500817138403,0.5760819269782742,0.6487019863894072,0.5631093888996914,0.4803385863242832,1.0
0.3841445894110477,0.19200096574455133,0.180363423348893,0.20989878552043,0.3651439857253083,0.2853689625786528,0.7607733515051553,0.37248863370343877,0.3209902308866936,0.4406809043086096,0.4409204749209838,0.3751498624077255,0.4709529177776988,0.34255695635406647,0.31176775348191615,0.4825864552649982,1.0
0.24781723876720144,0.3892509418804301,0.1987149159867962,0.4744266566986494,0.30361509911236073,0.33182962666220056,0.5432054235252841,0.7460722437569625,0.2539710123078879,0.1671894641352143,0.5745532781162102,0.5117676531638952,0.5868904321534875,0.6044505644337572,0.42119727776479804,0.6147626613886973,1.0
0.25889383441978403,0.2615832289894445,0.25975801856126995,0.3213011541414967,0.3633039365805441,0.3277692027403013,0.30983739866561216,0.8302586644433816,0.3613839144278023,0.20613134102454567,0.5834513248515688,0.46616481989729014,0.3706917088693597,0.5873212617228218,0.6105894103583418,0.46882230788735757,1.0
0.24841903535831975,0.33949219788819784,0.3329837623001402,0.34024100401172835,0.3385714755585215,0.5736865551552227,0.34366189507676403,0.20426330403548065,0.44088119444777674,0.294929118786598,0.41441206656580587,0.3884818943960179,0.7259998295983255,0.3913798569025552,0.3427960085714172,0.33436785663860497,1.0
0.4103089219278793,0.1795539556301563,0.342918474893868,0.31707158216924025,0.4093982558106888,0.3676478552378518,0.6212598867161778,0.36273263102625863,0.3903288415409001,0.3206249453282998,0.4663776735239545,0.46016760830978043,0.43369602776750577,0.601315406973318,0.493673279651733,0.4638414327912613,1.0
0.4624015029328836,0.32660792123600535,0.3811961945348617,0.22048044068432587,0.39252708090723615,0.37081781849877055,0.7067726743011996,0.2554885233437005,0.3439098301635764,0.34340505975060265,0.6389536518474218,0.3960494798044404,0.5514172622021335,0.29369483236567295,0.657983285872709,0.7402012418476185,1.0
0.2739369478742667,0.28801010807580624,0.18249515228462598,0.2486581428433661,0.3559366321771961,0.4064380814600298,0.28985938216209856,0.6854922562786915,0.24317487231804003,0.2609983995972699,0.4409414361335393,0.40968353365147214,0.4739118298786248,0.39733457879735734,0.4875571801460804,0.515790858806351,1.0
0.34208052877270023,0.37321509347896453,0.2990378208296222,0.717684088007281,0.3922215843191416,0.39000738393043966,0.15862734367906273,0.2939644334897062,0.3936403545451663,0.22770609968714467,0.4059592203819363,0.42984906871727924,0.5483670685047053,0.4877071239447166,0.4024646622023354,0.5693463366553823,1.0
0.2761696377218575,0.2986375163291548,0.2673266296099824,0.2823076427451458,0.24004176816927347,0.2915919100742666,0.2444810973804905,0.8146294711107231,0.37175564305120934,0.42326001738888874,0.4792936866661947,0.39612963983819793,0.3518323362120317,0.6196065772658776,0.5939418624628682,0.38414198086022316,0.0
0.2655529293260496,0.3209488047160889,0.17202828490974492,0.26710461870178936,0.5498867980361141,0.5816180073274249,0.2643497855469109,0.37162734691196875,0.23461821856005383,0.18285843081090764,0.5523127508323686,0.6392059992440631,0.48595920708530965,0.35750532543425395,0.48369329406564576,0.4795359903986061,0.0
0.28240341911200123,0.4724819415065139,0.28317250022420104,0.34641224551928423,0.36619309107245424,0.2336959255152578,0.3070244239258926,0.18759629798667227,0.6040325128844617,0.14156977760987421,0.6794248486731078,0.6020024526471692,0.5044799100638181,0.5963396849147687,0.3214394679608335,0.3723248973277742,1.0
0.28408196337583136,0.3592958107441575,0.21243389628918238,0.4310241282896915,0.29779992452644977,0.774640293170924,0.29862063080576823,0.31467610699254966,0.34161565607747413,0.3653444271375421,0.44816658157305933,0.5877165829402825,0.6998333290880691,0.41514932868385446,0.3336625537464677,0.5598200584950758,0.0
0.3164707860390799,0.23726727640547823,0.8452053719416232,0.30480809750361737,0.30744840778369975,0.29334900062405234,0.3236749906925666,0.355975055672952,0.2767631869867931,0.3985976186490205,0.30479110437045226,0.4887577632048377,0.4053285105348019,0.632267685982906,0.48538992541108755,0.6162844056491641,0.0
0.7855722302205497,0.29169969762683035,0.23754334138623648,0.3217635731670303,0.2908584568349595,0.21411156222877614,0.2599248389098169,0.15548506602966897,0.5300187210134298,0.3502386636049487,0.3916844048288092,0.4582714839685837,0.4398253633105628,0.5917938102820701,0.46601007795156185,0.613354342373376,0.0
0.7750768899529981,0.2051433310536125,0.3769472288651573,0.23213231065872314,0.4367175725245316,0.19483093602121254,0.23378663605425543,0.38192823687537397,0.3266502864282354,0.4027525106669162,0.4610212437903744,0.6047331684109218,0.5284759432598244,0.3609565429285235,0.5869234536487262,0.3898244077099381,0.0
0.2099249181132632,0.22584081733552008,0.26451764510873355,0.20154215309619314,0.48837509922420264,0.7995549446892309,0.24340676487626975,0.15788769772464017,0.2726791742624103,0.3930809125663601,0.603011445036824,0.5984239750392615,0.566811806829976,0.30003808756118844,0.5586390672766848,0.6007060854059696,0.0
0.3753487991954042,0.2921345186919094,0.41611790067775567,0.30591607561717454,0.3619802873469051,0.18807185671768578,0.21125871629338458,0.2629985585341704,0.5966126535394951,0.2500523872553929,0.5315254191382768,0.2656250161547071,0.6010836820688492,0.44722815785978876,0.4443510278925348,0.5843618747583752,0.0
0.3326217166005244,0.38695733798630316,0.3016430839786738,0.32108301539192674,0.31672562826684864,0.32782439399703234,0.3354386897836073,0.51730435458305,0.6479279518810277,0.2952008187514608,0.3331198783347547,0.41932879669246115,0.4046167793858823,0.4393771154101964,0.4098052344084367,0.31184757651889605,1.0
0.38151784895882973,0.22742221136218888,0.2841379038538011,0.2616899881021141,0.4804089527133963,0.7043043927416648,0.2528585163509119,0.23026041045063045,0.33448990678430035,0.3302053304179822,0.5131480438789018,0.46706787524667404,0.46934778903537505,0.537074657033773,0.4770928731759943,0.6816261216939838,0.0
0.38349122391945095,0.21081229346872005,0.3223275228608469,0.23705236221209602,0.23100429919021337,0.7579183275941661,0.2884163635614551,0.2951441730619069,0.2681409134729256,0.20486105336676125,0.46144317996360024,0.5532656576696197,0.45846276251096263,0.28849022006616687,0.48420639136166227,0.4432664992725246,0.0
0.2082223843331032,0.3474396841280361,0.29567265816726873,0.7142463285605805,0.4473946252290317,0.3208668807918335,0.25222972395898613,0.2715237761622233,0.38337541025742833,0.32731018929260175,0.5230162415262565,0.47916967413472544,0.5290870238804483,0.5723674041413984,0.580762584975159,0.5834248956798198,1.0
0.6757739664322748,0.32569377627166235,0.3214186842941264,0.3322691465227345,0.1837470257042026,0.2636648535743146,0.30924515852341194,0.32333531681808186,0.3044762111743515,0.19199386052794576,0.21274812373805474,0.21114458810079106,0.25049663854258697,0.6393618493933333,0.5684799216023587,0.3864083325089433,0.0
0.17464259003632335,0.2505817975628706,0.3706027610066146,0.38756960501380616,0.26981222579711084,0.7665025577985354,0.40902553185564283,0.3837682640896677,0.33307191768404093,0.22713162742174614,0.5868720705675224,0.43914200944386095,0.5630054471214129,0.5260057454154418,0.3163886372321334,0.1900892965659085,1.0
0.3079276429014966,0.6646544742906343,0.3645645444529671,0.21929593842081974,0.3620306062457372,0.27598852775556565,0.2747882226340925,0.3556810287049839,0.3492944671402509,0.19541489582254076,0.18082668750927605,0.6542095122269407,0.26479955147695755,0.5234240358467299,0.34781222305184545,0.18612033440655734,1.0
0.30808420177665874,0.44037269094983955,0.2947347182985359,0.28303901191540537,0.2785617251170375,0.4420306131379614,0.21013630888417775,0.47870908737688067,0.7907871116209491,0.39848245077442934,0.580327126478879,0.4916627896515932,0.48249504973955437,0.4064631479911411,0.24921680648021258,0.4529517814468018,0.0
0.25855933691198046,0.18807297211993962,0.33759305878185925,0.3156607960644268,0.434831634508543,0.8270873849003656,0.31475295668134634,0.2936438887821217,0.4888896820119042,0.2298422499267203,0.4008265556283274,0.46970128481653234,0.7554343614642419,0.5079099564070949,0.2900808240541165,0.3735215887774411,1.0
0.6456715575159916,0.35620512203426613,0.29730093326260737,0.24426811140580518,0.4205036391465974,0.26037926565407926,0.36719485692003084,0.34976685897804144,0.3509129805900359,0.18343117879964532,0.6247709806108281,0.7215165819160829,0.520882547366873,0.30410980587143666,0.4339713214564454,0.49196326358989184,1.0
0.25927080231734856,0.24265884949970323,0.34688676019205417,0.8017137581493101,0.24842946606997202,0.22212873421735502,0.2565241602754547,0.3188027068375845,0.18261598450425742,0.22478115113713837,0.6051692883809134,0.5200200783995337,0.4649324846266933,0.6330180178429599,0.35699435221017084,0.4686638051048848,1.0
0.2805866017356657,0.33543962588683635,0.30676231543716415,0.5608407563921219,0.2422698297998636,0.3605273719471482,0.3039182259459798,0.19641241917010985,0.380527820490169,0.426687550823755,0.4724697486673602,0.4386764705393534,0.4703738201775258,0.5610862877990814,0.508080118016461,0.6217790560349774,1.0
0.32714489251064854,0.32392063092920254,0.6456496153336952,0.37787425455418827,0.3982952539711171,0.2708805735203298,0.2545138088876236,0.3350329624383815,0.2808636278499648,0.1737697383159606,0.3302842989772308,0.5415724057202066,0.5835309225951764,0.5846954183507687,0.5348455229613004,0.3531690809137601,0.0
0.34306711450806715,0.6297929122518466,0.2831844223129213,0.4167402976285277,0.30689636346698335,0.28921601176028056,0.3268462491526616,0.30134143187827755,0.2623212565866402,0.37506835031990005,0.43354989068806493,0.4744414633079372,0.6074366924011363,0.4831041273907801,0.778341619451766,0.4837894675813552,1.0
0.38122465999683275,0.3279995771575138,0.5043750370794063,0.3517493054344502,0.3353510543326714,0.2550654445974991,0.17080013401869765,0.6442940850474296,0.2624073846849452,0.1889467167615345,0.453694835633219,0.49857645923451177,0.6349119373034338,0.5551578996039281,0.4610859922665087,0.44969427479118873,0.0
0.23156312486698805,0.32364297624457283,0.2312322748377786,0.3626616574234228,0.3331475532525961,0.2792944837968158,0.29421073062139025,0.812126389674027,0.36224736385873796,0.4509418102499104,0.5696021845489159,0.2598133697421196,0.5859639713374711,0.6845656977520157,0.6691479698472075,0.20359850379159855,1.0
0.22976849769306174,0.3002568655155362,0.7427987899212413,0.3422136777702035,0.28095209160871704,0.12164246488801578,0.32881849015080455,0.28294373378029647,0.3659462492495017,0.3275124060409609,0.3858878250626335,0.5777547192815207,0.5327359502896708,0.34742555615312465,0.502473379539756,0.37580549951689973,0.0
0.27938342407407896,0.39441373350702397,0.6282696707381058,0.23779916277542992,0.48176032946208863,0.3484264791567538,0.18163740135060408,0.2924758192121216,0.5245941763832349,0.18405774463102081,0.6186635314378244,0.5221632293565692,0.5935233447610072,0.635878787325848,0.35431354427740236,0.4894008289283623,0.0
0.34529055795257946,0.7213403844766292,0.2991627055210964,0.3065973639162802,0.3065755839461937,0.218130406487835,0.30052871229714073,0.13833083183792566,0.3430110933608859,0.19560297809625313,0.36635763618849404,0.6848305465201062,0.4546135914011526,0.6346843939339486,0.4305594015967634,0.4312237346600203,1.0
0.4827015337196947,0.33814369948052186,0.27658726497584674,0.368870459244739,0.24317790385772614,0.719867954433343,0.32969938315530506,0.39068868792358674,0.4004622144142168,0.31501038942912113,0.528577062623086,0.5743874230454437,0.5313423902549174,0.4479517326234051,0.5375793616649569,0.41674814896552914,1.0
0.2890459833789912,0.326481053601435,0.2071120772763539,0.3769638382415514,0.24131304608079399,0.7177179583880052,0.32127020532710976,0.3509409319652078,0.3803120305979877,0.43227639937652207,0.5387561904441427,0.5482120909441699,0.6377350748802428,0.6089313474737613,0.48016432949553395,0.4480758618245443,0.0
0.3627457711846537,0.24718823544504717,0.2944161643813899,0.7503940291693927,0.429384895721378,0.4503227128503608,0.2375354527963038,0.35996550803024635,0.43638859807659125,0.37893752309850415,0.6060192185535207,0.6119525137347144,0.3711589935593118,0.37656577341025194,0.6349915283283305,0.49457857488219714,1.0
0.39557827795505235,0.24431942108089072,0.40480383389811175,0.455533894552017,0.7798847603939749,0.23138707519236962,0.38674643030512446,0.1812974922178433,0.2830319337798598,0.26539650158134864,0.2677158522849755,0.2145028176700109,0.37309897935589637,0.28595351840822836,0.4452471929426911,0.4869301961559464,0.0
0.7284670173756849,0.1451676601175617,0.3772057391209561,0.24150364864674298,0.27282441441540617,0.2693702578854027,0.3456321822136104,0.4505560393304706,0.35961512684021796,0.22846179181496895,0.3723668388787109,0.48818237080519605,0.4874991374572596,0.7921178948763415,0.293329799499469,0.6332566470079652,0.0
0.4154473722242388,0.16543600755336102,0.12201172360820234,0.34523545482697776,0.6631730771976228,0.21521688896153107,0.2307770010715588,0.37657934345571414,0.4171199659269083,0.30278114118490984,0.6393934335910869,0.4282952953681276,0.3914104162550966,0.5877588141201594,0.46063423645252083,0.39995302097164187,1.0
0.4213062709216417,0.5896351777436268,0.12157517539376483,0.28960061309213686,0.33578837799840217,0.26568461622183315,0.29717634854718167,0.44975218501555203,0.29587448899079294,0.3935135398338145,0.3785539566207752,0.7396054211500753,0.4337065023391293,0.5625203911337788,0.4280513257964719,0.5145785832086605,0.0
0.23890280059449237,0.664851495664188,0.21781441618978772,0.20863797670830503,0.3007434360241117,0.24806367239343374,0.40107531935873136,0.4219251841463214,0.3439609511459781,0.23560161729938287,0.4315950553190527,0.5882402811718898,0.424912635017867,0.5304391367057513,0.3272603800490048,0.41983519676125014,1.0
0.22323005330589762,0.3724708316059709,0.34846950040808994,0.36428906543811346,0.41104480411697697,0.2358774737960214,0.7466148508447394,0.3726401626592882,0.4417642467939858,0.3289429615992534,0.5798929457302973,0.3741788575159677,0.45338749561043346,0.4695071963099409,0.35247937917842714,0.5066482678815617,1.0
0.3421843294280033,0.6456520041671279,0.3399694025020755,0.2684547408269457,0.40112737867072024,0.3234880577232528,0.34554981093094816,0.38756110617630285,0.31009521300726556,0.23619093464373683,0.6721303480109739,0.5873356880809045,0.5494894605437899,0.5198866249201931,0.5685576288752704,0.3472225777689453,1.0
0.6916996860018487,0.35923942935990255,0.17038582284003292,0.2232014326230991,0.29133383923459166,0.4042677610247367,0.38473904722447677,0.3599440895097899,0.38722506332359163,0.2196897236244008,0.49447898633771353,0.43893071117695376,0.40620047455553854,0.32430014812938845,0.4033401012025176,0.601096587033256,1.0
0.18175321610985407,0.2546210235542645,0.26272941943984535,0.4681856879947929,0.3091921035278331,0.28524018538607543,0.6772259817715955,0.19420033267442813,0.26079710330934947,0.26714279197195395,0.5294300677504011,0.5566423279436029,0.47301007046051324,0.4388717364700737,0.5325036012655915,0.7300535396027812,1.0
0.4195317528482376,0.20914198193995617,0.2956829836405396,0.21291847489087343,0.7785909787233967,0.1864403087095001,0.2708714562391756,0.30011634733396725,0.25015102096755015,0.22519599837816084,0.46146330465123286,0.7609303740091349,0.407157698978334,0.560747449489199,0.4567068856640067,0.41490971977215574,0.0
0.33087298396049114,0.36143690717896604,0.24251640179907513,0.379409328727908,0.3290787782429623,0.23919709925635577,0.35806519797620273,0.2705067600687923,0.32631389324132526,0.6680835278455758,0.5236694503633892,0.3448277553864785,0.5249040490718296,0.6963085467203569,0.402841403600673,0.6436473779798642,1.0
0.8075538782628379,0.42152787798518937,0.3700878974553931,0.40470659810453347,0.27127745101655526,0.31051954472120696,0.3049478690624104,0.480858665789924,0.18500509105165786,0.3654793997054623,0.32425844269383336,0.4782174594126347,0.5004043456934939,0.6840450307950129,0.5887172040565396,0.5536191783917926,0.0
0.8685451842667309,0.20073753359471802,0.1687916243014704,0.3669009009848962,0.30449064675051013,0.13520609011828474,0.3956272875400835,0.39137193580907537,0.3552104555971271,0.08096550043292722,0.4355639180942541,0.5491684509922609,0.5919558783684512,0.5862621543589669,0.46900668020126096,0.514980094322536,1.0
0.774572229476187,0.3119578324222652,0.3631288769845906,0.3715094383652717,0.27443222571541637,0.27979776711715704,0.1925807346668564,0.21702310665679975,0.2497260955012247,0.24280264388911654,0.3206391199363072,0.5039190584187441,0.4990983527944419,0.4804489345244743,0.535085182990327,0.4657742399023464,0.0
0.2738910135827028,0.1807961751942277,0.2447799017444483,0.39483402397992595,0.3288702312352703,0.6593562875292868,0.33951731579869876,0.3520244121681281,0.35567862712224785,0.18301885204095653,0.5242607200776311,0.5828235024630671,0.3755637431893879,0.662404712053227,0.583912377798675,0.6913047045249024,1.0
0.3401508037324259,0.334698914751431,0.29795251572587134,0.2521772906925186,0.7073831300334319,0.27261905694627875,0.3154137643250904,0.3630851901097003,0.3339484476967181,0.37092471068642147,0.4027062457680592,0.5820017583927394,0.6052435413093749,0.7449330145723261,0.4603384090896238,0.5206012641032883,1.0
0.3690123314301941,0.2399757631266395,0.10124950420112044,0.2094123106791672,0.4665928085488015,0.31701667120398047,0.7554716455699331,0.3692128592240706,0.178788681132779,0.41225265990159277,0.35485971979149267,0.5471019499982733,0.5561655110451464,0.5391960638395412,0.36843134240517716,0.5718677267590415,1.0
0.3123575430346093,0.3334363515856325,0.38553244056968905,0.29079924702757154,0.3654969267066692,0.44458186646014475,0.7148797062232475,0.38286983941704356,0.32570711811964403,0.30075791770105864,0.5302783747691103,0.3880213113085036,0.4954391448663932,0.6274113928262877,0.7654797856473932,0.39880341705282174,1.0
0.2562461547902528,0.35651305355525076,0.20992737089799876,0.29479835374059604,0.37283110498499294,0.35635281226848,0.8396619646461703,0.3631626339544347,0.40207132298209053,0.25677081478827757,0.5257607761166462,0.8201754326250544,0.4602867387307742,0.3425147194404838,0.5452663395287656,0.5462444039373288,1.0
0.6739626878749037,0.23736489018216642,0.2777704616784744,0.37324040451127694,0.2752537442755372,0.3119463818138428,0.3535831939135385,0.3265090099540499,0.4681566241394175,0.2826861264609226,0.48637839168036434,0.5592614193653307,0.49737655287749594,0.4224445472451196,0.5748520151406473,0.39033256754808116,1.0
0.36662402141229966,0.47569316474210765,0.11294654971414475,0.17762318215417275,0.35403278352527134,0.34402066325487485,0.3124907985123723,0.22514194031931611,0.2874634199003912,0.32830456572942396,0.2748736254595425,0.41126742125187177,0.36014556300678924,0.3579053403460684,0.5183115641884111,0.5268410576283943,1.0
0.23604359369208844,0.40470656000612343,0.7254919275957884,0.2792138407711158,0.46503795466528686,0.3233808183256003,0.26969751177652557,0.2946280931312036,0.3092751239869694,0.2423498660756374,0.4578416083896325,0.7454285415817274,0.43044036241669936,0.36869236514607756,0.3322334112382681,0.4713040066880536,0.0
0.3626278354257326,0.4032501991356405,0.6718637096684865,0.3407288627011897,0.1834082999045806,0.17672922629505078,0.21771158841460225,0.2633872324333704,0.34053607459686697,0.22430259882101178,0.36693542261498524,0.3101928422331057,0.5930130248169141,0.4172486837673623,0.4918405430903785,0.5513217063422154,0.0
0.21724671138944307,0.811750300933604,0.3237295200914249,0.27846161256960256,0.24791389070090736,0.3604007727360327,0.3100027947020171,0.3319909942189559,0.38900252008822206,0.2571430792782147,0.5432815428227364,0.42933211318356423,0.2668117708627487,0.46125082741018897,0.6049230204258483,0.6753675185703027,1.0
0.4625722168265456,0.426836879058779,0.27122228934021647,0.4782084061074827,0.28888592956456616,0.4413884952206741,0.3127215137909711,0.6301140593031307,0.30042245457541494,0.27361918318365425,0.4405661312027291,0.36944519882813975,0.48827696581072916,0.47913301945364956,0.4667667485095955,0.47868953851757867,0.0
0.2943697647532725,0.1798586834093974,0.38308707888724347,0.29228296400503684,0.36968286123818406,0.29658141137043487,0.351915584606954,0.2508452520480173,0.18680959287059298,0.7054350180234501,0.4586133504259421,0.8382418961705073,0.44499315038126575,0.28869140394235693,0.1725368474587639,0.5348121093175309,0.0
0.3282436607950876,0.25993231142330736,0.8465344640102205,0.389407687529551,0.5364840944651597,0.3195019209431873,0.3133186349573704,0.15877576038491303,0.369214676508811,0.2720974794260015,0.46472132484486883,0.5079417435100366,0.5522294863797551,0.5507425415576473,0.40556565357390323,0.4977284624547225,0.0
0.3584862111105793,0.29729991618699697,0.210574327905691,0.47443669814911005,0.44833050045935613,0.18619027527012588,0.2585578843331776,0.3679185611793074,0.2095210234106215,0.5956522519241325,0.5402264066230119,0.4509707351125737,0.40127807214894934,0.5751803691488044,0.2937599430050793,0.42840072640202415,1.0
0.28994393973567834,0.4065928114320528,0.844489825472169,0.29949847671034824,0.31431118648546397,0.3154287158556965,0.3477853990335158,0.5085584052056731,0.31113881069138233,0.3053679794186386,0.5329897198315886,0.803626903467278,0.30411404988512547,0.4466474935526342,0.41696981811106526,0.47187322016606176,0.0
0.47688264810547376,0.2702605843041774,0.48330807717285684,0.36877091950436114,0.3449652471317419,0.44741590795390807,0.6669208672468394,0.35529127425801194,0.2913943539154427,0.3108145317627313,0.6028433143997928,0.676138929826501,0.27718876075023446,0.7447632761240661,0.5137342427428214,0.7321494019142488,1.0
0.5840315077050398,0.32881377593895,0.20993927551426184,0.42587465780340594,0.15498358361182396,0.3381300481374837,0.19370887656109714,0.3688688095099838,0.19519901513987456,0.22035902507224886,0.5419894813855256,0.45182824718686254,0.7179317901020983,0.4224803591967975,0.3290765686381605,0.4819287773354395,0.0
0.27683567332909914,0.11545233672928648,0.21418828892977737,0.3030351692850397,0.3764948988264962,0.2808780462787498,0.3219792945521126,0.506081069144152,0.5373810662193554,0.2393751672931667,0.6523693967414511,0.44749517307790165,0.4704421362256978,0.2135722358748121,0.4611618743546491,0.5314161789588904,1.0
0.22200005615227975,0.19141488837406573,0.292198062426361,0.37076754903187,0.485261628503697,0.6209544807982501,0.17996569977508012,0.34074881521191946,0.33680041595205107,0.41503942034551256,0.7667002921529046,0.5717713540234691,0.6204123830903492,0.7778786094953123,0.47577052332254677,0.49984781671634126,0.0
0.3323296965483669,0.39089434251701305,0.6977404263045549,0.3244007121164679,0.37481813024924604,0.41727156324343767,0.3583507527163671,0.41140355283871716,0.350209799841764,0.30305148073180954,0.515969581717667,0.36736995642818726,0.5028738565983062,0.45782319104053804,0.4902945801742068,0.4880723289432967,0.0
0.26391251422016665,0.33403115682808104,0.34423047140297147,0.40009815971480167,0.4808609319775883,0.6662734494900405,0.2706070767624044,0.22581971204751172,0.40439355690193846,0.27386428703739935,0.4741243415786386,0.5535250946206742,0.620459259862952,0.06848071931363259,0.6001641325385481,0.4596333166349569,1.0
0.3052093390810378,0.4349946267709367,0.45204077240383456,0.30165381204769376,0.30798627096818054,0.23183032266552833,0.2635725349499261,0.7237207782406635,0.35393094028221445,0.21976697355763425,0.4525438534200437,0.535114829115061,0.43708725338053234,0.39473614938936824,0.38824492784413234,0.6765245168161347,0.0
0.3309063635797068,0.10244160664808519,0.2002642749596083,0.7731615195767789,0.24655466902897755,0.31548843145388866,0.16153252972468268,0.3413786891916491,0.3252839181997552,0.39691371795467156,0.4858229379096187,0.6191640116308621,0.5475214442231296,0.5980576433752915,0.5206550599051342,0.43276746748262884,1.0
0.2363715565593211,0.3875248569679439,0.290760863723053,0.3026430600221289,0.6506739191282732,0.2693613479190377,0.34250483280590793,0.4126987472489965,0.35204654313458794,0.26436743974561944,0.4200841616590294,0.285739798593817,0.6007921879221474,0.495412360195471,0.38062437575501273,0.4602083312577114,0.0
0.15716197894321648,0.29512916190676947,0.35639375758981257,0.4592664063712154,0.3538009185682722,0.24741307672338927,0.37346838563734963,0.20361677387917196,0.3719562469773298,0.6627788231855571,0.43426733521201943,0.2533566021499169,0.7013486878834346,0.5331838303374383,0.48476944589574855,0.5480076234373684,0.0
0.4356182177971006,0.18437804209435754,0.3298612330393239,0.29422630439338626,0.7248658218840456,0.27151992366263655,0.20866728042339344,0.34317514932729626,0.28887366329630276,0.24681405077546636,0.48872851664799793,0.6783554827259767,0.5733431693889643,0.43123190960799873,0.4307693117931686,0.5513667355902744,1.0
0.30816384909424804,0.22478163584071806,0.37194819972252713,0.2376973508368067,0.5298675155850123,0.24486789156416447,0.33688661032779127,0.42052204894419004,0.3001145968478581,0.24083092961651095,0.40547509782198027,0.5931080443873883,0.6864897165726177,0.5729600994605071,0.40655833079956116,0.4933222199363642,0.0
0.3491405103540592,0.6474332581060406,0.5028602807045066,0.442719946219693,0.37495527076897367,0.22444408941457356,0.2941839258876615,0.1717735180991093,0.19848918630918186,0.28659680419523864,0.4881494314673601,0.7202535080190149,0.5094110673077349,0.603185682923729,0.38500803040996845,0.48920342587016596,0.0
0.18451580996713635,0.23470136258428287,0.3077122857554168,0.16524683714514374,0.46078259629673,0.6132520894646152,0.2730490385155939,0.08690695330377185,0.3476779921831376,0.1643916666108089,0.5885190005290212,0.7506912367877254,0.3959532925104641,0.5621454940538584,0.6214603193474446,0.7354307521111518,0.0
0.232411206865264,0.37586213763125215,0.27408121123333845,0.25820922164363624,0.5823503207240377,0.4441080718806633,0.20259795718328344,0.2987277410644076,0.37077705139913664,0.1664586735063234,0.7356794019364803,0.5622850891032621,0.3922366730548999,0.46514154455387935,0.3371989631254706,0.3970826648617148,0.0
0.3172996403076588,0.39962136099151946,0.30255361639034645,0.24685654723776299,0.3382776312636594,0.21611898829258425,0.2559569051836488,0.7388858631354243,0.4531638261822887,0.22710040358925365,0.42578688836515466,0.9734730326788581,0.4692604748883771,0.39161426225214113,0.6827613899299301,0.6369934936521112,0.0
0.7166786777159733,0.3179260614444443,0.5164076907552027,0.3396996178306394,0.3297575331756003,0.32324953631364217,0.26913388573945385,0.22219837843149626,0.4430390976472318,0.385392039329723,0.5565595174819614,0.6103957512649365,0.47210777563610895,0.4658932534333422,0.5883769193589214,0.5500767108635845,0.0
0.5106652397056667,0.27949583714032966,0.3482371557759741,0.7392802634078841,0.4732401014848865,0.23500021827963807,0.3393523216649114,0.3848183747155158,0.2704462866098296,0.29876234148961694,0.4211890262389583,0.6133685917364102,0.4505420016841959,0.4839311766650969,0.45399986419129507,0.48834022655660636,1.0
0.40118685994694125,0.25579031606573654,0.23448147881532674,0.3320359719557779,0.1608470164072784,0.35677411922666213,0.25983019242727956,0.4468848863780999,0.23462584617207638,0.6507423711796417,0.5419350905742482,0.22304921176416387,0.47751707671661103,0.5369625531952269,0.44933592719904625,0.47923817187074913,1.0
0.33096605173128757,0.2825068200270734,0.36717788054569,0.5545825731208766,0.43879234892029595,0.2913153995164744,0.3637819973644758,0.38824373486568675,0.3069216669556778,0.3754394070443112,0.4993805507201208,0.6666069818933097,0.43227054646495777,0.7722478992890809,0.39119614216841714,0.3818048562922713,1.0
0.2977010529742249,0.22083552750582702,0.3147378903113665,0.34095402403529557,0.3769201972339706,0.3878282934530385,0.2982414689854508,0.7693090552260017,0.22306934719179494,0.19950591127579914,0.5802513676068027,0.39743122750645044,0.35294313200436744,0.5397067520145843,0.45270667498848915,0.6246419213159368,1.0
0.2656314440521177,0.24948190912330276,0.5334654795627166,0.28487456979464587,0.7329038815129733,0.23277267051796313,0.17077965389769895,0.27909178295711834,0.2695797326268599,0.3044390011697058,0.37452231355774146,0.4869420438553711,0.4590654925070178,0.6037908498778627,0.3662934730854095,0.24801793009602635,0.0
0.4312672810007757,0.33986845089954226,0.3393288689665533,0.34682489612076184,0.2550702433339813,0.23628559072263364,0.7996204406565535,0.1954656944918484,0.36433790467366,0.2296551541637693,0.6197518449040645,0.7261983426730054,0.5970256022729201,0.35471328917154027,0.47771751770860227,0.6278936723861209,1.0
0.276616190977841,0.3842464561459978,0.3961495781103993,0.23007370472978866,0.44798153542747343,0.3871716129585806,0.25930385287756025,0.4091370158909341,0.3141250723798925,0.7495352416831276,0.43023980695091013,0.5614127964003092,0.6647549460854225,0.35806873365591185,0.5757975318051125,0.4197870892243747,0.0
0.6311679347115182,0.2709447790829932,0.45302012631537725,0.1218679141898365,0.6285059422903085,0.22227717480665504,0.318873844957944,0.12267977155770962,0.3171033960335025,0.360974710654985,0.8004864398437406,0.5008462662590838,0.6181810560311722,0.5251486760946029,0.5515220304935209,0.49183312802969126,1.0
0.37844008046962246,0.2578100153800684,0.3613089117660302,0.7211182460070835,0.43178416998696606,0.4001015869554726,0.5234212117659516,0.31097539887816444,0.3526021924294335,0.29777957085026907,0.6819303192577637,0.5947855375996551,0.6309096230702604,0.42278812535080684,0.2413577815769621,0.4279150955430407,1.0
0.2698461660803564,0.767648929546122,0.32473941464669803,0.3889512731764114,0.36803681671842764,0.1780103505216895,0.46154434301061265,0.3955487156440819,0.3563249988909654,0.2061555923523758,0.5405773736490016,0.40762898350290105,0.5819737656512024,0.7624846446611273,0.42705833212045397,0.5667275907081359,1.0
0.39171972293144963,0.3299747679036356,0.6747228263163699,0.22804609356966724,0.39181818233392884,0.31603863832587026,0.27567632158981803,0.4636463009580895,0.363861127750686,0.2894665932614906,0.5848643719675473,0.5701209769162927,0.4399511152687873,0.3125816055771994,0.4678776303821533,0.4746094242868128,0.0
0.7992516769201594,0.2686536713133963,0.5957044336318695,0.4665128813247072,0.15019317104218513,0.21840287000867936,0.4602148255887008,0.45502040508936425,0.2919643794101779,0.41593884184005847,0.3561212650195651,0.5828509691553684,0.45832127331330436,0.7032189418143476,0.5381233736051515,0.45258493429274904,0.0
0.21931363677748017,0.34929518193041653,0.715704895267391,0.30074874577556776,0.3662478890393577,0.25776484692443524,0.31097373248906834,0.4874748401564393,0.34915492130989373,0.3593826268854431,0.33864941718258296,0.8004071243859292,0.5801678047796586,0.3277335889630473,0.3392199580671164,0.42239510512467554,0.0
0.3369634568941881,0.2776206095286029,0.22664143255209238,0.35198198588135005,0.28845828019815495,0.24089708104423163,0.3729109507812194,0.8122912223647719,0.4019049319821415,0.26258551478905395,0.37881738839605983,0.5078207655218389,0.6136347603256285,0.3695537547085516,0.49639764363719047,0.4464510220192765,1.0
0.7072055337635905,0.26738813573033066,0.27892118715047065,0.34453485826645125,0.30260319671167757,0.2527576802401145,0.2173624415127815,0.29414959362336685,0.2952043452372569,0.27114198465850475,0.6522484031715976,0.3974986173510389,0.7237123791380936,0.444721603699451,0.5684391202702819,0.42714304338064496,1.0
0.26896072835774093,0.34609216792054787,0.4224228000069017,0.09711419089736861,0.288668468465633,0.13619381120518415,0.19351404637853425,0.33263660870771156,0.20899947681518338,0.6725603470063152,0.15207804132498492,0.45981393848405466,0.42932906588415465,0.6980453631544766,0.5254119482050614,0.5739709873095651,0.0
0.3088696291904147,0.17482275554253074,0.6362206636467121,0.41657947361042547,0.4000569751866786,0.2782197640067987,0.28069778974557424,0.30263014967766455,0.3993387677742355,0.3532777280398274,0.40192050978037985,0.521517102186086,0.3221505399069581,0.5779014848386584,0.414029324782634,0.4368310936205665,0.0
0.2826767001981059,0.18488594717727608,0.2770751325252091,0.26777864511937316,0.2611410521876047,0.3149525044436681,0.27156325430705325,0.3327859855076758,0.33355455169427367,0.6396857677455254,0.3766191821086089,0.7511029043546186,0.2892869114423349,0.484829563696443,0.5411761936453958,0.5867203441058021,0.0
0.29195065221093364,0.32821315504169457,0.3019240616281153,0.3493613623003881,0.7447903705271346,0.20511351973923053,0.32000809226008353,0.2909123181136279,0.4109904476828717,0.3071854629968891,0.2715610468577113,0.48282553151706403,0.687899764986748,0.6824884447808974,0.6385906472799228,0.5827277969041759,1.0
0.1924302216687362,0.28882609016264377,0.347334200291404,0.32660861501807725,0.49077370579717894,0.8044310819427076,0.27247731900314026,0.25169016202769084,0.33826100825581734,0.18049867684880286,0.5287142364172457,0.6425285838119974,0.5396244701340056,0.5443783908904827,0.44609791142098726,0.49354241486417605,1.0
0.29498736302450457,0.21235410378993347,0.348257863712307,0.3515447770529784,0.5871971434092443,0.19485624414168712,0.3359272889115182,0.4284823822855708,0.20310146068966847,0.3029521843789122,0.4151592385713866,0.5004763963673425,0.4249650368724824,0.4871477227047262,0.31476183550299075,0.1893104030282971,0.0
0.4579988186855334,0.23077981894597896,0.3498286651515495,0.3191506846902552,0.17634228969835436,0.711662172014349,0.2764502820772812,0.23389485332986235,0.28305103408831866,0.3682318404739957,0.7354282507292336,0.38061273598587697,0.501864880707093,0.3886408129331266,0.513770076806092,0.3525306944791542,0.0
0.2336462991698341,0.26852253717347097,0.357640526672504,0.4580474428295852,0.21434697759600962,0.2769572695979817,0.4649449610076982,0.3128562655314244,0.7778960235413688,0.27968981560202044,0.4719268787022605,0.4558238448414919,0.5659799681186445,0.38654635045780017,0.5314302685212134,0.4596540283853979,0.0
0.3196253714269551,0.6288635431017997,0.32589141068716276,0.35278215322982115,0.31985194470057454,0.35457719461106213,0.3246161076573959,0.38720105287932155,0.34539344492363894,0.32810333506100325,0.4529865249281914,0.44310290818192205,0.3249150985117739,0.5641269131007101,0.5593899560983231,0.32228453969678167,1.0
0.31189798526533247,0.28066698525134093,0.3434008334757343,0.524496239788838,0.26321905360020187,0.4252300360674782,0.22253171760632467,0.6401230765937235,0.4204142719775203,0.3121535976849359,0.33789538568874666,0.36558643387523915,0.490566458306081,0.520666935757915,0.4777836972903512,0.34149167235738753,0.0
0.22288276219750164,0.2722106646566092,0.6733689062529032,0.2919855690021629,0.4534923690756616,0.11355868556312065,0.3946292539342364,0.36323136584457616,0.39407605704956983,0.37025266117525124,0.5921986709080698,0.48004267428930136,0.504763936291634,0.5461416179006128,0.3475698712806845,0.49001268573964213,0.0
0.743410733858282,0.2804586676354778,0.2605528969213401,0.21045980310392765,0.37006484718559146,0.3699742929731003,0.31289006153582677,0.27572213858135497,0.2584827598074896,0.343736645701013,0.4837656226583676,0.6653657261100913,0.4600491024073604,0.21156449008065614,0.40236500067474323,0.7561651131399303,0.0
0.45901418016614914,0.26742099469514063,0.358186901079223,0.4656138435301393,0.755960366165152,0.24407184616757302,0.32594593329189897,0.32659223143813765,0.25583479339059795,0.4009056903083994,0.41687488744418877,0.4876607222596949,0.4990965960116826,0.5013630558506078,0.38976596742927944,0.5230439191241643,1.0
0.44342319295117616,0.2804275055165028,0.4136878106449111,0.3050159830058533,0.312336400919135,0.2634350954208213,0.2851208389490203,0.4235641193468209,0.30108472217343296,0.6120336853024169,0.31494224239292135,0.6274991310132285,0.41000920253979295,0.5302342093117198,0.47834690624948706,0.4825582628384091,1.0
0.2860466042539781,0.28917013917672246,0.29714385627918866,0.2598852123757708,0.5518231780595334,0.21228741967380718,0.31720499529345275,0.33355056694813756,0.4210723361122742,0.2501556177613096,0.4936536392968961,0.30448268270825024,0.32018972295834697,0.43733986373512446,0.5518790821554819,0.6247302135603777,1.0
0.35719664405610185,0.6335579138145295,0.4478118460352072,0.32475465075553406,0.2886498538668792,0.28198233156524066,0.2737789143769291,0.36787725676761074,0.21456491685887097,0.14329427035073086,0.5029062114907155,0.5879717503956936,0.3097501452780934,0.6052470044473619,0.20680393275658307,0.511402909401914,1.0
0.23015585036486247,0.2091321034525285,0.25045510064956855,0.26998640398749846,0.6057184093289614,0.3099530187068918,0.32153349509802426,0.29008298264349686,0.28472318811990005,0.19095551711533917,0.6989689871110012,0.5807822038871326,0.5370449371322574,0.45675395802743046,0.5140230771190447,0.47233270353693707,0.0
0.3280888621978563,0.19334602514056132,0.3890100022442649,0.4177772835502776,0.3692235248037302,0.31417475474271095,0.41446918737513694,0.1860836611170857,0.7802396837846761,0.2745772521411363,0.4571210368420688,0.6405243503555295,0.6098774971467222,0.6214674951594598,0.673222660668906,0.5883935157415328,0.0
0.6296949445577098,0.18449490531994184,0.24736486135382918,0.3258758827048935,0.061957595561001166,0.49592026653706894,0.4321567578378764,0.37973327567535486,0.30354611934986364,0.2213178673553075,0.6403944356918574,0.5979520597666189,0.3094326376290981,0.5858405864659183,0.4604590184284442,0.5845015827658707,1.0
0.3757090691211592,0.2308290185284101,0.3857315542178825,0.36676700636597076,0.25010764188950807,0.2397597081919295,0.3121872603909344,0.4657231023475493,0.30071786021505953,0.6774163836858089,0.4325273775148357,0.6872079199533255,0.5193944150743072,0.5930800322622927,0.38036981703452566,0.5225283600467331,1.0
0.2991668553215559,0.1895035018957087,0.46971542415075684,0.35715421059907093,0.37166021336443433,0.24123614466173968,0.7487084724786031,0.2882699784098997,0.37788820284863234,0.2786950018535073,0.4371308497623242,0.42339174470678775,0.5124279012807649,0.6537925806604341,0.42456099269026465,0.6304435739881643,1.0
0.23886390891862858,0.7553327091697428,0.39918363755661984,0.24780345620184852,0.16758709995409443,0.28729819611119617,0.47428908401803904,0.2969844274208774,0.4093770965100548,0.34530837765306005,0.4499715012598323,0.27205541614444356,0.22762586406927976,0.6585520011267805,0.3728907053405856,0.5978946193457059,1.0
0.16232196894028286,0.2879657208985668,0.3846032520864663,0.344568035492267,0.3641213468506741,0.30018209459074807,0.47042338255715366,0.7804188988054677,0.2604468404591709,0.18436886160710303,0.6959558571797961,0.42464599698009664,0.6998933366628749,0.6226839471885607,0.37684372891061835,0.5073321957699494,1.0
0.43650918482091594,0.3342484257726703,0.27346273386427883,0.37936366878655836,0.20136334639344655,0.18946137777693725,0.33241649802304507,0.10031781032028034,0.1882209944281696,0.49638724241477716,0.37300265716353304,0.4551143613005779,0.5095951373156874,0.4021418080062703,0.5539056054598877,0.3774480140593687,1.0
0.325628611502643,0.3188252692755859,0.23604434624819326,0.6334436665496954,0.15724419447230711,0.21753925168240762,0.3101524328322302,0.4475309164757574,0.21669931724681588,0.3031092294249159,0.5959213978730163,0.5691694678835589,0.6819254242887675,0.46681316305974935,0.3017222499538237,0.5485362467548562,1.0
0.7311039594638671,0.212144769976031,0.19429737845372608,0.3146442571779317,0.43785667977947307,0.16489433765301284,0.18028090297174676,0.41212437006278557,0.26872710873250344,0.36652928852317257,0.672331932239723,0.542765063677355,0.40135538738594734,0.5082602888125065,0.3854837520230067,0.6940058406659746,0.0
0.25826761096192574,0.2538495280432588,0.26437392377866115,0.23708096184961247,0.3477561921562944,0.23374319170194535,0.36574039482632936,0.3330210481752629,0.7921535825373065,0.4697223191802615,0.5813572762404671,0.7022850313065915,0.5021347080623734,0.4736297642627043,0.5041743368793873,0.686235025632584,0.0
0.3525470856061562,0.21615660330822223,0.4282743162964832,0.30250570393986753,0.3397023735899525,0.3395777223855775,0.2836683448413505,0.9296088117680437,0.17300502984562138,0.24476501594487038,0.5736936977267904,0.459986991036736,0.46419357141053796,0.43050482394718037,0.34844437089803776,0.688395849060182,0.0
0.47532849550430367,0.360762464740152,0.34106329404660557,0.7413704055540489,0.22034936222513452,0.2851585205726362,0.444083969482711,0.3886269931379306,0.42415540084559644,0.3522424026652409,0.532328047137589,0.3378466851657523,0.6992990812707753,0.4391964206397958,0.32147544656745386,0.53787929856761,1.0
0.40701349542147236,0.307368795785395,0.13940888631233886,0.43303741878658625,0.2130607957679825,0.3389720672521097,0.3287725516498838,0.6674493584929471,0.308542916482868,0.33913200252939696,0.4297517515443571,0.6035857992446026,0.7792989656977485,0.42240279318105317,0.5288357665351312,0.5100108975906872,0.0
0.23343063031952244,0.226270040279827,0.4186940531652,0.333576470566125,0.3103639545717722,0.7643961159060223,0.4507519047021408,0.34815966495028466,0.39988034751557205,0.34883598769609636,0.4672404644852846,0.29530201030869596,0.5709069379678791,0.5921783677829932,0.5012098635706538,0.20996685892575023,1.0
0.4630827176980482,0.38740193008029955,0.3923326516974201,0.23581000510966527,0.23190358775763442,0.25633160075310146,0.24413941147665852,0.24132664819323454,0.27987514387657225,0.579785936062987,0.5966372563896247,0.5737786577670455,0.5749729364907588,0.3886782717363486,0.6884183442035081,0.6342531664514597,1.0
0.21767420606273485,0.1499605029085661,0.3439930477582634,0.2073365421525355,0.2855472723418556,0.30776647098355847,0.10060654826834181,0.32510841580600763,0.1817256913932649,0.6252313059993932,0.5725458706292161,0.4592887343166068,0.6182582733245761,0.508333342049995,0.5517020600251406,0.5109972667142824,0.0
0.39769652327721017,0.25072397336549457,0.46605711972168506,0.31055294996084376,0.3434374284062206,0.2538151859900991,0.2542692024713509,0.6735021143323687,0.1941492209932372,0.33293172468205184,0.7715561768737407,0.6028503507748431,0.6844800092166313,0.48427949211585336,0.4858958195610705,0.6863721169214227,0.0
0.3072124795764474,0.5793852314831278,0.3215967821525058,0.263357952888199,0.44846169554376614,0.3865787701394305,0.13903824753850627,0.37357893051679386,0.32550836456956955,0.3311315817802866,0.4683761429240371,0.5843532919411257,0.4191447292207863,0.34193229990758683,0.4010706402600407,0.41694807048133087,0.0
0.17379824097951554,0.38819786199607603,0.19104246972600028,0.3441214319096554,0.21724055854529226,0.5174907985720232,0.7216852836005099,0.3803370220984459,0.0689610462982514,0.28947687002582356,0.5312238383750437,0.4957029550426345,0.48190858568811085,0.6782753992778838,0.3989281632016845,0.66688370812207,1.0
0.3533617211394545,0.3078854813452489,0.36051961065678095,0.1702882975146888,0.3775724228562378,0.29505210097021817,0.8319802399071519,0.36780443769737026,0.37341707013075953,0.34706244456528396,0.44366386267106245,0.4735773140901787,0.5140392409171594,0.6132634417925003,0.40090906871959714,0.7936436036025701,1.0
0.2660822583845757,0.32014420828168344,0.2414528018571871,0.6034526542994664,0.21087986976836914,0.3459803114878628,0.6964235220645362,0.5160183795455994,0.3336618320259037,0.30069530522863375,0.433421641740171,0.5097867547463621,0.6552361363126502,0.49610770428707357,0.34850314986522635,0.3551002755464434,1.0
0.38444273675965024,0.3073351880508104,0.7750497296990086,0.3736769243951354,0.45849558370093524,0.2406944600732862,0.25293045753411386,0.2923414146588632,0.3933570246745274,0.32887962798286796,0.3433918094157694,0.4697211284527367,0.4794234676487242,0.4812810794776046,0.4513580586106141,0.6258258726455501,0.0
0.36935806025657913,0.3313101147154991,0.47913541549192956,0.7933553882151606,0.2964425706065256,0.3703806505375417,0.341591202884823,0.25126405534795965,0.30828720413942795,0.1632772825436134,0.5724829377871679,0.5552197377869035,0.527684705416229,0.8497866938194747,0.4009951665694607,0.5016347922573494,1.0
0.3601745692866127,0.30681252906228057,0.8583948224705533,0.2269612182307053,0.2891201659942478,0.13038838490883356,0.29426973815462776,0.28768294758781165,0.22879945969437682,0.3677285358671606,0.524606160944362,0.5255062201351093,0.33576816795593467,0.7372253259340069,0.5567262016784071,0.2618717535472951,0.0
0.20788242200939813,0.3492118291279231,0.7602930611529989,0.47717639759152636,0.27243881913322976,0.3965048737812732,0.28362479824522224,0.42542487613893365,0.1439219750478423,0.36297018520845836,0.7668362499630523,0.49724607773076246,0.5480087043779798,0.6497635215708326,0.43290612224901226,0.5182246255685736,0.0
0.297111821919503,0.3127702741395798,0.3616693983353446,0.31744960648641307,0.40216572507151654,0.547028956359514,0.23897495940258623,0.24961344272785782,0.2527639225073695,0.2216394371349259,0.652808163855113,0.47987497976437815,0.41569284463094675,0.49548858530581513,0.46907069422697895,0.49817868660918463,0.0
0.3163165078927196,0.2708117899365084,0.7493956441120108,0.45686434101824025,0.38324928684056503,0.18489130174858065,0.29366688425027404,0.30164463969838196,0.2737000112693363,0.32392648252794753,0.6027786612247557,0.4219236112652963,0.7143112637475095,0.32493165083872083,0.5100859564990028,0.3688240048369098,0.0
0.28199326575694855,0.15958574664313208,0.2228201100292837,0.3843141647961941,0.2388821041368085,0.26849048628119354,0.2397499061173447,0.7511135521371313,0.3505958234174157,0.3978307258398194,0.5011099378371365,0.570069711450087,0.4465686218892408,0.26563588913179603,0.37956786174326695,0.5861753671856329,0.0
0.3668614055079885,0.2147808378437071,0.20895695092118016,0.398609318471175,0.7497972633589665,0.20018679790790697,0.09987260676064277,0.3472596048080136,0.48047205838851587,0.19423037560220827,0.23475094723988887,0.7149341803527225,0.6761147337660817,0.43699213362353706,0.4289132162335234,0.47115952460152905,0.0
0.2619253223817982,0.2800883601597876,0.34659912785578934,0.38730592308990475,0.6369534978468596,0.19204244532178363,0.38668196474361183,0.5398484521349917,0.4323235263613905,0.3440369307158925,0.3671477523251328,0.6059310573022482,0.5685265326682573,0.35686441269803243,0.4049327180400868,0.35180536833257825,1.0
0.19307029328644393,0.31267944750931814,0.25657190303020616,0.30155042738895255,0.2543214859609079,0.7257488869579063,0.35817701441238176,0.18343766200593936,0.3412604874503054,0.2551468521740864,0.5647191489003066,0.5978803235437534,0.5215081626669797,0.22893812765116683,0.5881975371741588,0.4657121955124122,1.0
0.6838059163715899,0.3615996224281127,0.31195347654545275,0.37025783847340005,0.3597660816462693,0.27855413293331527,0.25463805633481834,0.4304762888099263,0.2545316641307187,0.4291639202455729,0.6695369986674261,0.7083021776049755,0.28416696550345844,0.5010927169305828,0.6680002087980682,0.3876531342360327,0.0
0.2887234750763992,0.16822208115253162,0.34051381266710806,0.7878180781602633,0.23430576084530239,0.2737198357330458,0.37118216354297423,0.4199551521473719,0.246640104337766,0.4867350073026462,0.744541380405888,0.5627069806467382,0.48568046069382786,0.5268678181933656,0.755604260223558,0.4285149467589711,1.0
0.3394582799875644,0.4330450390040613,0.5295358568826949,0.36347799571272527,0.33376743825820576,0.727077756634111,0.17808376571706333,0.30741311847149094,0.320161024554865,0.2920781539445811,0.3224699241417964,0.49414245309208027,0.4175991387038994,0.4291046368767538,0.34722001992302814,0.47212714083814,0.0
0.352045753859714,0.38263934056935,0.38121957740552215,0.41354128608109947,0.827760441705686,0.32362683871383113,0.3490215886356661,0.4239994286737355,0.27487627999285263,0.23430399668976382,0.42600745360572617,0.4539891773015824,0.4789365989723133,0.20123566286771954,0.4226440088377604,0.6126465557713325,1.0
0.4183541080308645,0.6883607988635965,0.27852238508053234,0.29525782065026007,0.3299483799114614,0.4552878595062566,0.32525216750765207,0.41575392250847065,0.37664113734129734,0.3460336439515492,0.46145500602549416,0.5372841682935885,0.7759588648797994,0.29915738783359413,0.33609922322598995,0.4857209676242118,0.0
0.3827688730828839,0.242305546491772,0.7905361383033338,0.34342482150976444,0.1480114643262402,0.378494574627703,0.25382341372201184,0.2998291105262658,0.4156930576730793,0.42006341072578,0.5720772862617143,0.6371906511577986,0.30908619145940164,0.40403729062084637,0.5428165026429133,0.43578279644182694,0.0
0.6826940931262985,0.4053312196693901,0.3334132343252507,0.5031247512861668,0.30960085356782063,0.28162659959961556,0.4027267371078708,0.32778802144873964,0.34410272885893056,0.36102930268812833,0.6414360307950653,0.5761121175197973,0.5746119924382811,0.37556944143799553,0.5779596405582891,0.5449561140878649,1.0
0.3137363713540928,0.30916049679757446,0.3077424065968644,0.7945827777688901,0.2196456723363098,0.29047893583222295,0.34411314162705503,0.32769473312964903,0.515657486178497,0.19756327923338618,0.5875114168305011,0.5965874722655624,0.3840717822761939,0.5176108041556959,0.5082503705120511,0.4549023667683558,1.0
0.28197844803170014,0.23939128747420557,0.2863446649916381,0.3619248435055992,0.2035584953618434,0.27704456080108375,0.7620274070351227,0.2598974409383039,0.32193584643719503,0.2311277175277553,0.3524628355042873,0.5153310937642064,0.38011133690357146,0.5324841216747216,0.3971637753771903,0.420753470270602,1.0
0.1652323023296567,0.21277760683843272,0.43219694706474265,0.39685827329411727,0.651227902990196,0.33021749830896985,0.2780447117462177,0.3177130969211758,0.37794086385897874,0.3783856757022805,0.3308694914664235,0.7460778201662508,0.424587101654287,0.2639513915246059,0.4597243528542074,0.575724337176838,0.0
0.6375794034694092,0.4282570555416234,0.24358763209836196,0.23478524841810405,0.272561499577299,0.2772759480512386,0.24630309907193043,0.33986851118871436,0.30602107035318316,0.28409307458561844,0.4107479438493772,0.48689461410176144,0.5042177706415966,0.4073356580766118,0.504736946592258,0.39553325050549343,0.0
0.21215126980771115,0.22657806164895994,0.2763205972616928,0.35986876101821874,0.3606032579454391,0.24521414334817696,0.38575152452655387,0.8110210283759012,0.277261085799765,0.1393797757925794,0.26955128076318335,0.3141505174944699,0.3325562366950704,0.652984131700364,0.44808093245860753,0.35276352263599386,1.0
0.3642671330154489,0.3351442051745288,0.3172128739425785,0.21490126560383654,0.29527000050437724,0.4181004201369713,0.2615946453711452,0.27742690252465835,0.576981873815827,0.19063147974637817,0.4673668715806788,0.7367370458706537,0.33820434921770887,0.32214415171422595,0.4279970489081837,0.3897793582059361,1.0
0.3172563277672808,0.32392086130491915,0.28929062905366754,0.3701952969715427,0.34228313592735027,0.3771997892642736,0.32976192352354505,0.7075178417138709,0.36793167249333614,0.27544016295708024,0.6468048327320527,0.39713406828199727,0.4896081044272839,0.0993024201524968,0.2984969058013679,0.42923531995546516,1.0
0.22839454286002808,0.30039452357021645,0.32995114421102945,0.7243105337717521,0.3896282495922575,0.313720115288973,0.2652843951382789,0.23374775337910153,0.33630857988741714,0.3507162229973898,0.4545719579864492,0.4788412028629575,0.4076434708084843,0.410336378936745,0.2798951457467659,0.4288220970397434,1.0
0.20282542479100818,0.3783887964470611,0.18229541942686822,0.32642344864721795,0.32158995717928845,0.28697222774075715,0.29054604025462644,0.7339198886195948,0.23593132016436888,0.2998503556501991,0.32693339703421914,0.4450743915437137,0.4571373473173663,0.6302967233873715,0.4479733836543714,0.6728814921146669,1.0
0.3710285354166709,0.39698612445730763,0.42857538207658896,0.6286665036694388,0.34588132388997245,0.35122316176925955,0.3614342408897897,0.2203569867507768,0.40559315590954104,0.24872149111515643,0.6975770113089725,0.7961148630034489,0.43010605364238585,0.6156519293260183,0.6001141727339692,0.5873639059090324,1.0
0.3597657048016989,0.3072983413248848,0.3984675628547408,0.3200042555537785,0.2661547496887759,0.4000568194125325,0.36890068728517894,0.3358058752877835,0.24853206419428137,0.6278577254275033,0.4411270956470493,0.5722972599411892,0.46016736758147364,0.3856535286367987,0.3827013005163533,0.5594551385895368,0.0
0.30366432407048816,0.283149966413846,0.29571430308637525,0.3737696464533545,0.1890542634566854,0.20573166541417773,0.21927924250394198,0.8010167248090301,0.3598521280546304,0.3004261388056291,0.4922658666145397,0.43975464809152914,0.5120607237612725,0.48712823092335106,0.60413032239179,0.4030398593305735,0.0
0.5740457236272862,0.36745231502222003,0.2826068911399984,0.33709684363411496,0.3046305297652265,0.31111437493076094,0.3354849939902403,0.38809702615956343,0.31342042502979095,0.2340880622045006,0.6151851208943899,0.6688799281477551,0.7158584786313585,0.478720580818077,0.42658939640556703,0.4445268557019101,1.0
0.2740007506391058,0.33517152081584073,0.2072409363456022,0.37056362349234184,0.32741677145210435,0.27681472390583406,0.7994195884848005,0.4233388508328268,0.20677940333614395,0.34407267814879333,0.675515453713387,0.4608347233209197,0.4615639694652457,0.6619696217854691,0.5962185062918951,0.5208607948161444,1.0
0.2828734838401239,0.23098505959476298,0.6922316752805746,0.3233706144293816,0.2684137166910686,0.39849467568936214,0.20719053306419627,0.43268336095677395,0.47539487360658994,0.2875591861608444,0.5354301343353416,0.5643332337280985,0.5610754253774661,0.495607741149001,0.4263722087403195,0.5988426845388845,0.0
0.3920825445350616,0.2511433512593937,0.44759997198191837,0.7066379006831802,0.17153368712947692,0.41009195037659274,0.32074037703435204,0.2609350517466481,0.3312326456715219,0.32162397197752235,0.39426636784729063,0.6391500137459731,0.3842780607205458,0.680146707882559,0.4113200955671712,0.5078456393016667,1.0
0.15957380393837056,0.25193865489016143,0.16218292362508602,0.43426961861766383,0.7952985170976439,0.24279828744175053,0.32874208425366724,0.3305386536823628,0.22953151665035754,0.2542242278229186,0.5632608713384292,0.5388659782707573,0.4530618201692367,0.49493997193360967,0.3601065263633403,0.5667774331194169,0.0
0.3120370918417455,0.7847124359282251,0.29843936273533,0.28030867475723065,0.3678045858797243,0.1750833064057981,0.23254475952135417,0.29822548910738433,0.3413138549488772,0.32185635373631866,0.38824229123806164,0.5902677327879371,0.7215584257179629,0.5877626561830889,0.42491652581646727,0.23693235777479288,1.0
0.7416103708428425,0.39170167599780636,0.28274056328724717,0.5065860956667307,0.016738547533275305,0.332719849415973,0.2671866161026664,0.21917358877878024,0.28369805251532487,0.229935900315107,0.7332957011192587,0.3370952221059303,0.5407155056321361,0.546545682376615,0.39524285550446797,0.4427188191711575,1.0
0.09937600001626548,0.2037792672094044,0.6766869394263877,0.4442349635299474,0.31521576501451176,0.2997871987569989,0.2794938976963569,0.3369143447228536,0.46516634048529937,0.2841080502259215,0.4494572361917685,0.6611191163803857,0.3929182855817952,0.27816714803967246,0.31354960245729024,0.5025361127616937,0.0
0.22176264375633173,0.25291208497743217,0.2758034788228078,0.28140549365808326,0.8044907739095557,0.2499448859853331,0.35332322817334777,0.3880730550524817,0.3519915019684519,0.2685785866331117,0.6426002552479326,0.3426222713016417,0.38849204100984563,0.344327223898068,0.20129796391939175,0.34368091841525206,0.0
0.3652636406711273,0.3519882870399741,0.3536667688884316,0.34697738211233925,0.24577052349856982,0.17443783705837268,0.7378994330797937,0.32577157610348223,0.35485111108274886,0.3714764834727834,0.2669908646475151,0.508600135007456,0.5628083411434154,0.46241608110630683,0.2957820134070447,0.6157029046598346,1.0
0.21702968757713437,0.35278632016847283,0.29943870585496557,0.32864263590973664,0.33686003622676514,0.29223881326419443,0.2238732848537241,0.22559961528580014,0.2961495557506319,0.8039903272380844,0.33870001643251385,0.31926400488917683,0.5700106368559377,0.3752408771186722,0.4433129180958778,0.4885241656295509,0.0
0.1669773530267076,0.78434947070837,0.4295312515053047,0.44208191761126264,0.10484232045244293,0.2718412694138142,0.3721829407220353,0.2542525802350749,0.306937376271606,0.22038739472900276,0.48289689696864135,0.5687721698863005,0.6643771133882004,0.4650026585003659,0.3903366135974828,0.6489129263973061,1.0
0.7148892665061716,0.3017380529472176,0.2985099815679654,0.3411862508037726,0.3100824169901802,0.08687714036461242,0.41049842870449466,0.2462169480722253,0.30886780087803517,0.24295959824517901,0.29260970973815364,0.4046343132918895,0.3697064433591145,0.42539929264144116,0.5283880767023417,0.7803048763334988,0.0
0.450120473944011,0.23276049424056855,0.690530448569192,0.2847837521373121,0.3261385582048982,0.423364610827661,0.13739538813752536,0.30413375060951686,0.26252779131823467,0.3535195511907662,0.4526087340740117,0.6608693530206923,0.4457872468031038,0.3974243844316913,0.27506896211094145,0.7133681447912652,0.0
0.20052955422157254,0.2140462956927605,0.3339446315888131,0.8196533968010662,0.266264461145403,0.257550295525222,0.3686674979469263,0.39689689637020004,0.37926795119351786,0.46210414921339926,0.47179579872039634,0.3463404487653062,0.5664561301963449,0.5225005619755688,0.3046355730668372,0.6397684315476206,1.0
0.3579811182840066,0.18211825269535376,0.19338482210123054,0.22019917656026056,0.7621564311635917,0.21949991135985217,0.34536424482126954,0.25113137477326986,0.2076067028484332,0.193480859377044,0.42251940552660916,0.41269015165710643,0.3319238477234194,0.6565274185349725,0.551458080594047,0.3634158649827736,0.0
0.24724184763142634,0.27577637235703933,0.37902583361163533,0.3139299785210622,0.32992601233169583,0.3057540780426713,0.7793222640272652,0.4496169081035618,0.2584657672685792,0.3070834889657748,0.6283175264077188,0.5852518595628237,0.4211954833305348,0.6535695762810859,0.27417236446252535,0.6169224722303533,1.0
0.36881110339024287,0.29125281399211933,0.2785606409391293,0.7438551049248592,0.30609143509218373,0.43369744583103187,0.3794784477165932,0.28986365037400535,0.3002434641949445,0.3935234583005668,0.5804799052461086,0.6541338025586736,0.6195322906848906,0.4906564297703878,0.3153257756823875,0.7142171238004095,1.0
0.2310761881853451,0.22915143679684535,0.7582220428651838,0.2703215573171364,0.3814560065358706,0.553372253735904,0.2144941838501591,0.385469382829295,0.2966082894946151,0.30212894667021367,0.572986148144971,0.3884152159872183,0.4054833175107018,0.46693946193961283,0.57268595788329,0.40887040995160256,0.0
0.23504031213123888,0.2594090696388179,0.30893520705788663,0.7138316931859074,0.22054586978212237,0.19194960296672045,0.3514718435748547,0.32657023113878,0.271779711504373,0.2756822767154135,0.6575161000810191,0.6063668054787166,0.6245304249492531,0.5338847676437524,0.5243441289869201,0.6062524466662486,1.0
0.3469056631627618,0.37793273494941404,0.41942972828489067,0.40474854770421664,0.3329765068280326,0.29925142055359283,0.3677993819272198,0.41858761145294415,0.6822043554534349,0.41970630422163907,0.5839005979252676,0.578951294373547,0.3736768928380978,0.25124032865997814,0.4918818610068465,0.6141875872596152,0.0
0.2675506090951188,0.35187012683152885,0.751157418326167,0.4901633758012165,0.4590764233492714,0.34582847815818396,0.2142291252270956,0.4278628880439117,0.3797741536463865,0.2654423020086965,0.4918881629967781,0.6329903621017873,0.2940600858816087,0.4741412769995819,0.42946972826370555,0.540621472076169,0.0
0.3878311004538135,0.2745405395271402,0.6581600108587559,0.2789398690461589,0.29809402459575207,0.35553090119036534,0.4932764845020857,0.3755837638231831,0.3145870071881881,0.2713822994398795,0.5084274617417006,0.48129878655943814,0.3742586957359527,0.41640505331685007,0.5548562192137351,0.39418401319882446,0.0
0.3735953483680446,0.39814047043989054,0.16884486107860686,0.8225405986534684,0.3691376408505183,0.23878414266266723,0.2762858266331638,0.28957098113733976,0.31706887677770756,0.41351251476694717,0.6534560724729398,0.71128641591104,0.5538002396248891,0.5339569648519373,0.510439429168853,0.4899475292364691,1.0
0.38314886517777447,0.3239877843409542,0.3186048101889687,0.19756688496713182,0.21864680713132778,0.23960195331501652,0.23327080920303714,0.6764396490360305,0.434528978119919,0.27862861031318864,0.5081529515867631,0.5899389186132502,0.48517806923144796,0.46487482886890413,0.42155175223379004,0.5316556007034904,0.0
0.3447138158197703,0.6066945741240928,0.2675939641322553,0.27703796009334053,0.12387091886749943,0.31593254964299294,0.2428402152726507,0.3945297304793103,0.40510161637853903,0.3695546806462649,0.47388592102274557,0.4939710440432475,0.6088760091851534,0.4453444523219483,0.4878406483024902,0.3977651810831994,0.0
0.4304067050021436,0.35852890901440615,0.27679189131558424,0.41296274753047457,0.28156735453331705,0.6991264301202986,0.4120436692231775,0.31409998763553454,0.29400992555767214,0.3289475339135469,0.699760375556332,0.41423535873261486,0.5664967748855984,0.487017075616356,0.42366708792018515,0.4596956597269119,1.0
0.10841484259083314,0.18386039621903763,0.1691381458182918,0.3149387189865822,0.7729724579399107,0.21434902195983596,0.1829362545974749,0.22539833660063768,0.2839609516255931,0.31390957248392837,0.5455604049151996,0.5512525134984768,0.4984498081823087,0.39069173818453884,0.37260366200101336,0.4365835126688301,0.0
0.32708208031163083,0.28812638718945854,0.3033717948573403,0.42082002405736085,0.12407613572121853,0.43607464137507257,0.37190790799776213,0.2811245871731955,0.45909278315748925,0.7829300162888378,0.6136554457476412,0.7288835513462261,0.41858904545408027,0.3043999298187709,0.4281404351478234,0.40398081632195726,0.0
0.15481175563979324,0.423988938947821,0.5798425592184325,0.34144502880279703,0.22087626491148327,0.41060149376457694,0.8424805932501189,0.21087861523103835,0.3304080386305624,0.3813549685686242,0.8009727470626744,0.805335110831878,0.24702154275859162,0.25356035772057745,0.5232256431435313,0.24375319007677437,1.0
0.31633587166000404,0.24438264213790994,0.28581863148668285,0.3230850483748014,0.1801000291373789,0.2764313597978807,0.6032680248902671,0.44285406027663365,0.31562153773769913,0.19895681702183793,0.5916637025477542,0.8013871061779914,0.4751552164555012,0.5960063817910326,0.5390808200054333,0.5221079171348412,1.0
0.1940416069873533,0.32317186833799066,0.49704531922295025,0.3090959855799062,0.28656682746273204,0.3302948679504083,0.73120268265034,0.3705801537761064,0.30957786873808135,0.33733110561334484,0.4351503542984402,0.3291913794536586,0.4829025047784649,0.4779561004939192,0.562109182589131,0.38446704258154896,1.0
0.2366228195628696,0.26832296372461667,0.20288986669914344,0.7321856441346786,0.15801228497360903,0.21777196737557958,0.36586413576307175,0.2386480515094043,0.36905263541235533,0.28322153034082975,0.687237389527963,0.725920150050291,0.47460269761498947,0.7418721458272547,0.6116147500533068,0.5858031976355083,1.0
0.33189150874460643,0.30008947838380906,0.26509624850939495,0.7181984735960205,0.2961649310610366,0.5454668903561856,0.2793809723784732,0.3488956738761654,0.3291800170154386,0.41743606024834357,0.6887116038605334,0.7643507238785601,0.4190432650048013,0.6311421082262908,0.34506849351160956,0.7866311065774575,1.0
0.39449716570524407,0.8089393127618654,0.13511830323819046,0.2643634703841881,0.30998735267197647,0.2460593821003172,0.5013242786774006,0.3688562575499363,0.34040392117643253,0.36998597182919785,0.7415239621454208,0.6274031771455548,0.35469157373260407,0.45550318867269834,0.7426839587131209,0.5300851466525074,0.0
0.651310500891465,0.18177424328136904,0.31568656574210385,0.36707017206498355,0.19977745400721775,0.360019364515916,0.332599455630293,0.22471645185402045,0.420672998681852,0.25518803403206947,0.7327876871152992,0.6518367977609587,0.34891242288578206,0.669704894896765,0.5272272756746408,0.37595395864036624,1.0
0.17604305454896652,0.2440919902774391,0.3742231143483429,0.37869497627223986,0.3799037779129315,0.30439030457240823,0.7539304024336866,0.26897489935634167,0.25570339194021324,0.274509300989216,0.4640389174680651,0.5923188505960177,0.39463931109767486,0.5124202756116115,0.4594088665511779,0.36797869652944537,1.0
0.22917596534289417,0.325066045917188,0.1583697580032644,0.3003317672143771,0.6435059298603065,0.3606031622766496,0.38643034707237145,0.15156882372702107,0.482217340139966,0.32460856381830533,0.6140051947329896,0.6142821381501675,0.5014356423055634,0.5757881932021172,0.5298363165620296,0.5891457468240114,0.0
0.8550373417106905,0.3376999560217081,0.28889463421401407,0.38119041539337967,0.32376528526382775,0.35607507431700364,0.27302474295726126,0.3493869665732766,0.17243075509535705,0.27908280850827205,0.5026319587596058,0.6486728824117489,0.34839806830171205,0.5254765836498825,0.4435318215474413,0.34937917835450855,0.0
0.1978872896870637,0.6222046904348815,0.19681302797943714,0.31614363465482903,0.2891628670386198,0.2696384306634821,0.2075688795713725,0.3473208791130323,0.3127963225149276,0.27071053900715336,0.4754250820655214,0.6716160056370888,0.44831684614339373,0.5998994397387908,0.32771675548149815,0.6444988470242337,1.0
0.28679965958643755,0.4953760124635984,0.40815805226301033,0.28323246409839636,0.28425597582030754,0.21610170076667734,0.7318545237453526,0.32627153021862276,0.38674725736206406,0.26807906350632704,0.37190001784698046,0.4909899321724983,0.5146914925325,0.5957819864197198,0.4212886648035451,0.5918944851692683,1.0
0.4690756871769818,0.3089709262922792,0.2956876875273946,0.2995160149999027,0.3991243110621778,0.395240940810082,0.406718075786772,0.3713553335401998,0.35526427325616183,0.7160957850807569,0.5046853994744882,0.5621584063620815,0.5675587125086861,0.6855587832262078,0.6036192759440276,0.5354862621326221,1.0
0.3361644200628799,0.25916138425443536,0.6636478567390864,0.1983015924209264,0.271616846970517,0.38839425080650547,0.23149982774842884,0.4315785969330431,0.28494129382049677,0.3582786641221202,0.25865952111568513,0.5029003078563842,0.5867112262931602,0.632863840573439,0.3497139532187311,0.4924183256514235,0.0
0.3495549120909874,0.3653536029808938,0.6915441313878351,0.35084704343658935,0.2716931981082631,0.21902801781502054,0.37391009518733354,0.41200626571198756,0.3411163264367162,0.2755922367528264,0.5775285307316516,0.49478158317276627,0.3271128580142474,0.37272888658415537,0.48096239762904364,0.45290219117608904,0.0
0.26264296550144933,0.3984944973563401,0.36425856265563983,0.22879419369094744,0.7390189089629439,0.21695998636530683,0.36976732790150785,0.23605435604984018,0.15973338862408756,0.2708540445203556,0.41624394237354967,0.3145573058389478,0.5161513525149402,0.4772930779610107,0.39970859992020397,0.6205094666517859,0.0
0.30549524038664033,0.4157104202000718,0.4333167406265134,0.42552411310918653,0.4049460329638478,0.2797593759857779,0.27889124064619475,0.8505276126793153,0.28531823491063296,0.2342915840920202,0.2884781466372711,0.4188532018091017,0.2892172887510385,0.7793087753666227,0.4446017632739162,0.7187848722799934,1.0
0.3975833105652311,0.44354833585639253,0.3314597502826252,0.3352054908545621,0.678524080964849,0.351984616300243,0.4091776651278252,0.3694008506950704,0.30347175771444734,0.2777816743063129,0.6157119440898263,0.2564109043216025,0.6205509120721231,0.6383898980794479,0.4577268505562945,0.536937591897606,1.0
0.34531656810840256,0.34677138587749246,0.37255880772534256,0.7023850441272887,0.3050107171666676,0.29883806625224524,0.2596143964469924,0.299907406561712,0.27902174423217424,0.18185816362861357,0.5346885549201641,0.6564278545982575,0.5930274478837716,0.5858661709788924,0.20985575884043056,0.5650696893930274,1.0
0.30064144544247856,0.298127277659128,0.4440907909445172,0.3488979309886377,0.3958804695186411,0.3405583001481538,0.39377021256828393,0.34936122309842527,0.6788117997075721,0.23698377670661247,0.3678541064812817,0.3731949843593,0.5818930988266908,0.6191142132509887,0.36433388169584086,0.693002856808511,0.0
0.26098104961622287,0.2200334354402441,0.3360136470316306,0.35721942747119334,0.49727533299876747,0.4040810130958564,0.6979462092046074,0.370257496018592,0.2877905262950151,0.31845832759737236,0.6306517729159438,0.7018827067112626,0.7240651149206516,0.50949808679622,0.4558828341004046,0.42764128274140684,1.0
0.3416208173954206,0.30848222288487115,0.6701998286871578,0.5238062058330267,0.3005595003543363,0.3387166644644475,0.11204499366678342,0.30558291603919363,0.30581002046060557,0.31907530652381655,0.7340022074325193,0.6786754337328911,0.57656461854969,0.7577879284604816,0.3958890864116684,0.513745117071641,0.0
0.3972831415718411,0.36667089312205525,0.43437424879001724,0.4168538709279198,0.4480527864265484,0.3183892136607448,0.48941762070287886,0.7115044272986619,0.49238750600508324,0.3253160568328777,0.5085372633411923,0.2843430272080193,0.6570825349663413,0.5332070593178174,0.4705165855172324,0.5973490871218937,1.0
0.6339623714014044,0.27915880031837564,0.46049840880788373,0.24387129686355283,0.3249758457481638,0.3842845083712061,0.26933294738215746,0.3790809023422099,0.36392260847240787,0.26654071133762436,0.49315910778795496,0.6817106888565074,0.44815126213352213,0.6307955044268018,0.4514264432673544,0.6044249964090884,0.0
0.4261749078756619,0.28835658709184225,0.33780467979930257,0.3367975464861639,0.37928154264537706,0.6509967441934508,0.33004192367828283,0.4196389247593376,0.3852384153588955,0.251970595196771,0.477168053054302,0.7503071420833833,0.42372662839533404,0.45605241414885694,0.2958672170930216,0.3210788214445986,1.0
0.42200436168574135,0.3905747402307083,0.08412415207576063,0.3667993753599058,0.8017981932470868,0.34067078887423075,0.4713951073942163,0.416203745619825,0.38216687470473404,0.2856727192893075,0.6128474247646736,0.6428727054256169,0.4551573069498429,0.3502418686716293,0.5278415361465447,0.44935064196534336,1.0
0.5016942491772818,0.27829097577991435,0.28125331621226735,0.18490914354475463,0.705240604788175,0.35744849579864524,0.19847696854946617,0.35680553711284824,0.4728275275950226,0.20425926265439964,0.5072790795738585,0.46004159473043854,0.6984645844212974,0.2593003069072165,0.5748395371539418,0.3828300874598417,1.0
0.3288316020292248,0.27809009410474217,0.43450725045396493,0.15634386876722567,0.7475778438665976,0.42632603918314776,0.32767566321469355,0.4166683256899649,0.33568710191869816,0.30527865621989403,0.42345685665372806,0.45813576550750135,0.5447993925686658,0.4647569984950882,0.47372476740062924,0.5535506360688834,1.0
0.28807708028005685,0.240063724381845,0.3686772535571863,0.37623701779946084,0.3466743221557847,0.18971178915949832,0.30171143851522003,0.27429188358218387,0.1264090796378471,0.7790953418334858,0.4555944075758536,0.5021189805526237,0.5804966728749623,0.6028482232827418,0.3524928453555465,0.4013474986334602,0.0
0.315653796275866,0.34420195036983087,0.27271162870932636,0.40625695615289353,0.29605067781054484,0.31684442823595804,0.8890845514664945,0.2877527662869812,0.4442554320391739,0.2736004778838391,0.5287802577561121,0.3833854441985336,0.4076991445489467,0.8642131202397509,0.39926695668425655,0.5714916110138125,1.0
0.44290713227247336,0.25696771447889344,0.3163315642631044,0.4113285704209828,0.2756420173791559,0.32743719940517363,0.40026901028522877,0.744417104325851,0.25646668568382835,0.36022968372633757,0.39314847957647364,0.45836987208632135,0.38116716467904066,0.40270039214608805,0.5398570833678814,0.42041777972719807,1.0
0.1745634984725568,0.23918762700268287,0.2401139084738354,0.30956357305517523,0.4263723398497443,0.37320830016675366,0.34824603827367334,0.6674395303465224,0.30756156875116497,0.24770440110354885,0.39564599870321604,0.43602371517017946,0.5755045468639263,0.48436783397654154,0.7109744169245404,0.25017168505301324,1.0
0.3293902338066914,0.36193358383061924,0.29665972863860907,0.31447600703288775,0.36155774145114733,0.7549578526808991,0.3744583364706264,0.31902956028209306,0.35035709679122945,0.3953675823971488,0.5992384843492167,0.6966039331617174,0.4760779137475544,0.5911535607488072,0.5732097918066658,0.375058679993199,0.0
0.32043356655918376,0.09988504808586368,0.32054210573479996,0.2664755447429859,0.2085973821542834,0.23241191529053257,0.15686906488260902,0.638317861859174,0.2503135108034271,0.3163164225899794,0.5268173698633469,0.44553417828770747,0.599433369911977,0.4371413857857594,0.3502075523628375,0.37139050903959014,0.0
0.35104703047252156,0.18673314925415535,0.4039593916733664,0.3853952805826979,0.35876229379464203,0.16140470655813702,0.28537121124985726,0.5051867546664398,0.7365529293780172,0.1871346199300664,0.42724234795149896,0.5394466310180337,0.4839706156130596,0.5513883525651527,0.557487089887451,0.6133896049050315,1.0
0.28243994538264294,0.2771875828770554,0.2745443625310348,0.19166873921460914,0.6871090430145246,0.17560700387172423,0.3705146454827494,0.3204195318803747,0.3897992021368717,0.3574769112524834,0.46874523670667306,0.6033737653750526,0.3994218003629189,0.6528307124042821,0.3611142231971033,0.4687033670612668,0.0
0.6975637241196626,0.4611410430204544,0.44184652993943596,0.3722094063834415,0.3699115832535812,0.3105712913309043,0.20819601075875493,0.3080423113804003,0.3971403855029824,0.3181230009288147,0.5153330301369242,0.7734894184513832,0.5108628065434062,0.7512282993989626,0.5273463403400275,0.39193786882707415,0.0
0.2778040359216536,0.20214418011726168,0.5314848307680384,0.3769298562461214,0.4143541368965809,0.784700085814468,0.2181590594909923,0.3108115293256136,0.14662693700546858,0.33114038138526747,0.5014841527933577,0.8315480743346677,0.63396334566536,0.6572098232630638,0.4545209287451986,0.5108134016358834,0.0
0.36296283544952,0.5696034925759582,0.35327943814714013,0.34369452169337655,0.5047491054735955,0.2534626853675931,0.2832637967997121,0.3172199713927982,0.26781307936911225,0.4230266963164366,0.434826547930252,0.29826364194956273,0.4621847015754046,0.649174089756384,0.44414658704928944,0.3857996964111825,1.0
0.1974629729314955,0.32518957898383544,0.21158568910109649,0.3246053311260297,0.18842962575706626,0.2777697359177016,0.2879791539578722,0.31570583078567477,0.45428726901569316,0.4378834432417011,0.34754213522216015,0.5524142247836339,0.4725093983261323,0.5784013900501073,0.5588349176322491,0.5330541997242472,0.0
0.3179065812180718,0.25199139985722524,0.37522100677077574,0.3047671320173796,0.38052760943010855,0.34388746435490447,0.7653694712176262,0.323759111859431,0.18141384783750586,0.246793848652395,0.5736926336675788,0.7756356981760186,0.5377533413767676,0.43502804799026307,0.7207304407952481,0.42173693822546526,1.0
0.30415817947147267,0.22051568066241964,0.6554962003708473,0.32351622080086345,0.4641728389214719,0.30813317374129334,0.25109400154400263,0.3046649709824251,0.3758863065350198,0.3600631106325476,0.7258505874345295,0.6893549852114902,0.3412422101086265,0.3755172625338342,0.3302100537594772,0.6770451874187399,0.0
0.23537514661055087,0.2847862697629494,0.2963430042538707,0.3888276574947325,0.30593016868591866,0.2788257921680156,0.2848723222682416,0.7282554322820254,0.3374542720347072,0.37688708111272584,0.45022281587120455,0.3690076213409915,0.4960363385225682,0.5783503908151993,0.3064705154158953,0.405890057092742,1.0
0.1649751342931305,0.25794880090628836,0.37414921223064557,0.13271181282346542,0.6700219823163052,0.2678521014719822,0.3396389054582382,0.420708463045621,0.20053315877106248,0.27291465031128004,0.6139016711945351,0.4483734878687191,0.6189884309543836,0.5127563362484397,0.4087294475805424,0.454990714853311,0.0
0.3040264302442124,0.25211942320523995,0.3343985387614918,0.7172764520285122,0.3400695725958197,0.33298071957111286,0.23484888925752911,0.32875856245885676,0.3895267237540613,0.23622028423532335,0.3904326513773675,0.5402328649339765,0.3317775152966209,0.542488321020592,0.5368747964114714,0.5521027769869371,1.0
0.2399982244379386,0.35288526982955554,0.3927080814137492,0.387929725818736,0.23436830743070786,0.31746928945511876,0.3667622965767273,0.7763083414028541,0.2843003162239066,0.2878276658339023,0.33748871989385076,0.37855317168651037,0.5744541964830399,0.24821444830841516,0.3888824262207504,0.40669554942656766,1.0
0.34480729550861877,0.40780950584224424,0.19448923926910036,0.4316347783783655,0.1915380125786983,0.6919586377250325,0.35275312134772363,0.3252840510058353,0.2812456653719581,0.2997201003257472,0.321633427423537,0.5368923378934718,0.6346690226822587,0.394374020132227,0.5374523275044089,0.6950729402053558,1.0
0.3676067720286795,0.2154356440364515,0.8512942250063636,0.2357856972643077,0.2132431594872921,0.28818492521181716,0.27794870810755273,0.3034624168726023,0.4594147307400459,0.24871142318799572,0.5391809304136094,0.2277999523756083,0.47745424357159216,0.4596359587758607,0.5385949583624277,0.535911604245715,0.0
0.2574038191580983,0.61066819304466,0.24985256876637552,0.25764044418555215,0.23842603378520294,0.29953539123687006,0.22166584615380147,0.2947774752693128,0.37830926983471513,0.32782808056770624,0.7072573624255902,0.42428129327341685,0.6419144003178885,0.5059608349610248,0.2890302209901198,0.5814653317374441,1.0
0.2710310679628855,0.2675471474736887,0.8268589703813531,0.3730367810208238,0.2377854206185379,0.35753547429118604,0.4330925323347554,0.2972138214792091,0.4264261453572923,0.2913434139427746,0.5974987416507924,0.5354978390257411,0.6900321905617024,0.42025306567088005,0.4745172632710261,0.46598004584818487,0.0
0.30496176210918846,0.22731478964521978,0.34210213395964584,0.4469073658959799,0.3558095708840617,0.35069254117192494,0.2862775406134181,0.274065927704084,0.40087781339465106,0.5615203702479068,0.5969794240226743,0.5941991735176062,0.4849889564316773,0.5806357015790732,0.5072551773166155,0.6401865621927143,0.0
0.18424834641483262,0.31480567649872004,0.3688889880400659,0.3120279946533632,0.29627868967576027,0.74938066758603,0.18463720253750127,0.3853068474106668,0.22423879807267227,0.26563680132778666,0.6030134299779233,0.44285374123205057,0.4291828014742866,0.5675310403194485,0.4682754451053362,0.6393697330962447,0.0
0.2966450907537676,0.22371792685941191,0.37127022641035956,0.36451663505861187,0.498466052901678,0.28208744370680916,0.2871425097494969,0.8404722909689046,0.3454526658333425,0.2745221455147155,0.4318758922773322,0.3919087498260103,0.562153308882809,0.4088226751647002,0.2660347280461808,0.6446530681665734,1.0
0.5092307569900407,0.1242590127220227,0.3516491992924574,0.3291199218779606,0.39465611517399485,0.5940164050372838,0.39769996646212946,0.41403064143881607,0.42522595800813784,0.4864866177773891,0.3179690896261651,0.6931430188610888,0.6188356515634708,0.42013496194114947,0.6913439418354609,0.5197337280693357,0.0
0.2922300197316366,0.22800755727140892,0.2980438924667134,0.23570258225344853,0.8581711825140941,0.29760433572216555,0.3758331315922342,0.37443104021671353,0.38932701767632927,0.3549601428006488,0.7168388327392339,0.5147563372098323,0.3337537399693552,0.5401028125697565,0.3405391010393011,0.5461767041193802,0.0
0.4498240847284141,0.7568677662578127,0.37532225699553395,0.2852540258760299,0.26665071464297385,0.28261127130473024,0.44493380438564556,0.3634076125790234,0.4637902688192446,0.2691985325360934,0.575665173403316,0.3415527684841329,0.49706913667300723,0.5470498841904887,0.28430252312931303,0.5922213945163051,1.0
0.28910682589351666,0.257496760469062,0.3098797998894803,0.5041956396216669,0.11811585717447412,0.7203413834695854,0.22476987438617768,0.28439201286975874,0.2695219445883156,0.29551872440698884,0.6796364419724731,0.5073921787125332,0.4928199997961671,0.5243536171916574,0.41102833035055647,0.5254371341064016,1.0
0.3477422918495657,0.20327044637156028,0.32637911923061425,0.33924957853148846,0.21029907753605043,0.632148342700652,0.2415363271701358,0.5730036037988957,0.2475722228668007,0.23290486518445536,0.3881583542396806,0.4945779140731681,0.6311799418745812,0.6708433724792877,0.2760891741375463,0.5146063073275442,0.0
0.22683710277993788,0.2041217961325812,0.8291113364188645,0.23436105976202748,0.3316227129700389,0.32510161414504307,0.27741674093708735,0.19074616063337155,0.31701432849326666,0.34129319816735776,0.6702892542038928,0.3362935216992113,0.4217556727138341,0.6090021945296971,0.3990691878923899,0.6163271109643387,0.0
0.2197278728262297,0.29634307252263237,0.21510264764700654,0.43574783263672556,0.36942012821074394,0.28720276080436086,0.7831124507444778,0.4440186953649157,0.34804387663328873,0.18544166029054615,0.4361267351857457,0.4172454805381408,0.6119374538101865,0.5945343453480519,0.44284498695308777,0.3535332326653986,1.0
0.2717598333780126,0.7391065194280615,0.20695776289037798,0.3104940570447619,0.4046547460304359,0.2427978868841398,0.27230294949831635,0.1696641818665066,0.1689911460606052,0.32471200263796135,0.5866062258140122,0.4775264287847848,0.39629432484349647,0.3808677874461339,0.5076065002304773,0.4060617445077252,1.0
0.2568366741578812,0.4245498419837962,0.4108121484349697,0.36856251168654514,0.29074776252480244,0.30426487436582605,0.32800317469854906,0.345216807672408,0.7899017216223873,0.1708763037766349,0.5963885288953457,0.24705959997718335,0.4870519985331681,0.5497732633517258,0.3692051717892183,0.30715134923848386,1.0
0.26252851858167586,0.342343337821055,0.21306773771095386,0.4275658730974624,0.2842340567562203,0.24752234537971632,0.3958389469801405,0.345967226793301,0.35820176674281057,0.6853996097479542,0.45283930379421894,0.38502653353988503,0.6435613031182787,0.39160405434997553,0.5705255013267517,0.41613479465671843,0.0
0.28386096864840615,0.4437409379115433,0.9208046267026989,0.3239180263092153,0.311382987130638,0.3611155760365268,0.27568565761421404,0.37722902885025567,0.24167443528449828,0.23506735942749024,0.3933248394009266,0.6400968441482314,0.6001275605876866,0.4813222367179285,0.5647201010020756,0.6245271371271348,0.0
0.35775103052842555,0.357337139004434,0.36312548795085636,0.3296269909412435,0.2831782802221725,0.7422392874045909,0.3351510463018795,0.30351830132872115,0.25292889416713693,0.1634667387955564,0.4616971627736673,0.6519317355140453,0.6246175611426432,0.6316531167180381,0.3467684999731816,0.42434342352781723,1.0
0.2630727529379468,0.468459457509744,0.8892545724319021,0.3960539916547466,0.30624610411475534,0.39079604294050924,0.34723000905328016,0.5016415562841838,0.19432265923239123,0.2811361663521503,0.6935853289619138,0.5619735505700256,0.30724342809699856,0.4924121338004618,0.3178911225201518,0.631033735373133,0.0
0.3006335064067306,0.22922398778432052,0.27097402350832006,0.1361873690727002,0.4744662917107271,0.27589587298897794,0.2643703595845502,0.7064882163560047,0.3121287315682262,0.24760861156536992,0.28962032883931477,0.6888405597614102,0.5556692394662436,0.36414394342039125,0.34688336302084954,0.3317006716228914,0.0
0.43181674241929946,0.7195210176275807,0.1670698343893497,0.49468649431721323,0.3350715117027695,0.45710173851417457,0.35006515066070354,0.29232669808243705,0.40471571619657026,0.26315494133865786,0.4723112050523909,0.4771105990454381,0.300712276183316,0.6961996399472702,0.6139992542352579,0.35680337385479716,1.0
0.22071684501929234,0.2930345163634644,0.35849618697425173,0.42646996360513295,0.809459766477482,0.18687972703755176,0.3845196895213934,0.2628315473717275,0.30862168550325114,0.25317482273029934,0.6308460026428315,0.6304680781487402,0.46943877885455676,0.47072226795517186,0.4313438276334169,0.5729161007821383,0.0
0.29791000793781625,0.2827513871215952,0.54420124598798,0.1815661310389082,0.46754390683785163,0.24433519914483523,0.20272386892033367,0.25613729343482,0.31060169618292244,0.8121446227740307,0.2522489223984167,0.8595418585851299,0.40929133942806833,0.5059890995706392,0.4860506456903173,0.3361262623917323,0.0
0.2940418702055731,0.28175410066920653,0.32636080699617015,0.69729369866421,0.4425314066082439,0.17511081811854107,0.37893635151711,0.20776091781215175,0.43536577832785905,0.2575988141799743,0.4677138366037438,0.4555548906340268,0.5304709055582648,0.4096168129492832,0.5033861670401317,0.6034417875543494,1.0
0.2431253523115649,0.3222777463027685,0.7032071538061634,0.3639335563785771,0.3622898388438863,0.35383960811102116,0.39746139851740603,0.2583387667458955,0.5155139506198217,0.23772485366789742,0.3153349417092677,0.49306310219148725,0.44278475608977685,0.7950514529407047,0.5743736601309073,0.43865377639982706,0.0
0.38039459019645705,0.41844696414409094,0.3555285293714918,0.7741868688266068,0.33605065716651905,0.28390819257664995,0.2495549689048081,0.3377910708984797,0.25719613252767753,0.2838339667454643,0.5890769033564327,0.4749203481556798,0.602721632533147,0.47482741824907493,0.4897456590552444,0.3055211799840394,1.0
0.7392728591770727,0.21728228608873618,0.12620482235188,0.36632336849058234,0.2454896010460686,0.25255675359384777,0.359760251547035,0.2882476806081496,0.3083927023851137,0.31056169398488054,0.3992405651332282,0.533422597334593,0.3229800236443272,0.6152896120847942,0.38119928297888284,0.5668585088660222,0.0
0.23189059074796814,0.3802063810743984,0.3166701069069587,0.8170311187789364,0.35279437892346976,0.24385919667475206,0.21574912398088225,0.2224316999910223,0.3283095912088412,0.2312924457684593,0.6433663643381107,0.602864919506236,0.4466583494627529,0.30907000169593934,0.4420329511584679,0.58020342216696,1.0
0.3758630173041028,0.2592246767459577,0.8802228668432678,0.2188415295476161,0.260928550400089,0.39853771113670666,0.2821491138853083,0.39717245078039565,0.4231078865616774,0.14576971451184093,0.5148466781733948,0.8119052984965325,0.44253313774909714,0.49572168725658466,0.3892999804567706,0.26074655583075657,0.0
0.11460370422124597,0.29968392732947446,0.26175323308397264,0.38998214609624743,0.3405944649367,0.2984915038994886,0.3182063787566096,0.41066285952803616,0.7271785282547587,0.44991333517714005,0.3927118487715854,0.25023610070457536,0.5148945418004354,0.34630379518224996,0.36534382886356975,0.3156459535665331,0.0
0.2867800873466986,0.657733099543711,0.24533923625331794,0.3577754116160478,0.2534432156437011,0.21032513848322448,0.3658421293040067,0.4775062129786445,0.3683034357997347,0.28613117686551903,0.5306155553384923,0.5880151154627535,0.5707286060965062,0.43258813048770023,0.2850569610979931,0.3202843676183975,1.0
0.35671834250984696,0.38182957068300466,0.7851656875247466,0.33389400165070404,0.3519815397046222,0.2847285313263834,0.3082929426286003,0.2946622846837649,0.2627728780794593,0.3253091107640751,0.5540069827450621,0.5436706005272073,0.41117009364211826,0.5946924057895022,0.4737576553713257,0.4501975906059096,0.0
0.7670027370121445,0.28093027820281447,0.3789840514432938,0.18331691125375946,0.262841663749168,0.4470788124621875,0.28740603130699727,0.38742593773726497,0.2602312788879062,0.32313258663665917,0.5133906220604944,0.648709040758564,0.7816492345161821,0.7444697253792871,0.491967365885584,0.5584365927074566,0.0
0.23289606482098293,0.30296855191885197,0.42134059656097045,0.706849490663063,0.29041149999968247,0.25591470758918783,0.2580882749406356,0.2348296290750539,0.35033008959112655,0.3129585937037392,0.4653378602040036,0.3868859347827138,0.6579461023586816,0.431832072788854,0.4917170596967994,0.336913411008155,1.0
0.8400508492124117,0.2308254231169943,0.26067610294060783,0.22550353245577917,0.25554238643079474,0.20937034694818565,0.24952544461551707,0.24758300465370744,0.26032316125975147,0.34119430375602383,0.4640150640732469,0.5418957039883663,0.7622499385621555,0.5571283043871066,0.4905996497516152,0.3495552553506512,0.0
0.3492860216101514,0.2938130986122584,0.32512766418036565,0.3340810788774999,0.4353044416345491,0.4445218698808694,0.8166444742641301,0.24048360880089747,0.3545004847069203,0.20631146240517764,0.43511176288691955,0.6715911986566704,0.3229374718089723,0.6783120613641516,0.43261832914835274,0.5893154689072925,1.0
0.2922081901182078,0.30818652584732054,0.31065755604090184,0.3514254929621379,0.8059067491611809,0.3054988469952703,0.26094676249782156,0.36956621551034224,0.15743404387167875,0.1758193428928304,0.3059033515816916,0.6169228062587889,0.44272765889849464,0.5418890334348407,0.47532441218006044,0.7072543928877996,1.0
0.2864413933205405,0.4339471267197934,0.26582074610731476,0.4915392105653778,0.23737981815411213,0.2922548161989433,0.8996280762794497,0.30588063831724094,0.45200461358381083,0.2629925884614147,0.3190571902520869,0.4683873519321603,0.5107571239388375,0.2666360894661437,0.7542583696275207,0.46862600658052994,1.0
0.3190456281781665,0.4342787315969262,0.29886668759183055,0.23376034449942573,0.45448406862159374,0.237256329403167,0.36797805691974994,0.8953667090801671,0.4050426739954659,0.21052072544932443,0.6519806335784293,0.4434342362116265,0.7413595552369988,0.09465631097957578,0.588828326331424,0.5506447625838022,1.0
0.339149391198741,0.241595994848199,0.2716837903727617,0.43923243331966144,0.2917801843906079,0.3818913270958961,0.3843953440417868,0.7644090648030311,0.363477346062536,0.2902436845022929,0.31124091274148025,0.3941292685238028,0.6098065407335863,0.3619260235833677,0.49051697609448247,0.3311146342609359,1.0
0.39446434486772386,0.22265039068799958,0.18180547736023148,0.3394853727552111,0.2525538206786739,0.42958356573252454,0.42771750209864196,0.15628911464040074,0.6349276253440151,0.18061956098465387,0.7581056075832076,0.5063398597567843,0.47204180881418206,0.349266169468609,0.42084768280421536,0.531623621133539,1.0
0.2410252754334381,0.27866186198450793,0.4040872050227154,0.7337070987966378,0.20067985510467817,0.28246653669449107,0.28398127043104404,0.35695182845091733,0.33273849206348977,0.1584456510834262,0.3743651468280579,0.6227683294437285,0.4315549504085049,0.42295082973891995,0.3956959270288503,0.5569231051361935,1.0
0.41263183291033123,0.28885647486292176,0.2872269232487001,0.7692264703684062,0.29645728610041555,0.2086446621072639,0.34268975202364105,0.514515318175719,0.4609395504240325,0.12094320065290182,0.648271520210149,0.6520185320198867,0.6079361213929846,0.6284840869657593,0.6722563348105814,0.3828565398643441,1.0
0.3057820898792596,0.3435229785448762,0.21645494605542337,0.6626538966525717,0.2805463236532769,0.36059669325984056,0.24515796222146463,0.1981055613541775,0.2927824302831292,0.21552082383807342,0.5103046848360135,0.43079091693806304,0.5613422398788817,0.4537073621203641,0.26238227495928923,0.5083786399518343,1.0
0.1900350212265804,0.3304513770334361,0.31567263490687225,0.26364312696194336,0.26140616565103814,0.6505829060738897,0.22845886769633245,0.2781560799612425,0.32599792041763953,0.3082200702123301,0.5041838952421583,0.39721888986426945,0.5002366476393652,0.20879019209028105,0.7368311802959773,0.4109863237806217,0.0
0.34168393891802185,0.3456995357266957,0.7624843391250365,0.21054349978317527,0.2937222271355738,0.22487951831530334,0.23979191400571587,0.30795568222692254,0.41222251422393574,0.2969801772790795,0.38918491859452514,0.6666509476976172,0.5815508309238252,0.5331290687112369,0.6018319340247724,0.5452360048002757,0.0
0.35993373236423853,0.27426327807444684,0.3665809114734275,0.34065489543905025,0.3002684931093215,0.3965298246124048,0.3236253078605723,0.35934303645797566,0.6533241712221693,0.3045405608161567,0.5575101571786232,0.41318091980237476,0.3401865961931133,0.2732542930916373,0.2814954352045847,0.32102871463836785,0.0
0.282041922770357,0.36982589620793405,0.7513051314252519,0.48739502439188287,0.3588982044631962,0.43044502131405227,0.30324263826801656,0.3292828646867799,0.33555854510386846,0.23759293433559905,0.44289853459237616,0.5574787241848355,0.4975457847325545,0.43358662424449274,0.393461529667923,0.6044749747103069,0.0
0.25430829317079473,0.28346767520094246,0.4092766121271211,0.4251869955623936,0.21167471024015483,0.22036158091191638,0.22999965193207564,0.7437677036271036,0.3762732402881125,0.36751088746948785,0.4164594401617653,0.556285663505716,0.42210547215488864,0.440277375896865,0.5166933846430639,0.5565858102725376,0.0
0.3603024388872664,0.2450046522880913,0.36456773532698045,0.3687414579272543,0.3264035915389745,0.3540076982814554,0.37485319580489124,0.39636170698287626,0.24938408875091034,0.7694475634953482,0.5743617177917172,0.5343638982320056,0.6385843199803264,0.24637752124918452,0.33656362144440105,0.5276428952136448,0.0
0.3770341619956254,0.22996529091352266,0.4552106347448379,0.2718995692764931,0.4472639485523695,0.6570580660901,0.301721360152148,0.250392240202179,0.259970047608431,0.31279255166788933,0.42903714413676186,0.5840105329481621,0.520496747830618,0.3164282959402792,0.626815930366208,0.5235403588208214,0.0
0.2712764892077045,0.20702748033125223,0.30423176773114563,0.3276128934881308,0.4098298160618809,0.24186338927054055,0.8642910496447196,0.10594366799186497,0.3345571395021034,0.23680225148822417,0.5460452698292085,0.5081767876360773,0.4083115907210131,0.5816231430572787,0.527332343839569,0.5507546569287798,1.0
0.2733769735744626,0.25492259479287627,0.3153986711012257,0.37165713584039695,0.26016294454287225,0.27964007783013833,0.7417429209533699,0.39089347465494173,0.2297999425053693,0.31320850854720445,0.41138320460946254,0.4686568071121614,0.4277188702327539,0.4385584792056007,0.3514059867972759,0.5411840785398705,1.0
0.45561620617444326,0.2912511812499169,0.2679780331275707,0.894747131267797,0.3037736272090394,0.2706843729571045,0.44763871482148504,0.37854116273235666,0.29532828697618213,0.31017622496988584,0.3284877080715345,0.639018139950179,0.4133835557619222,0.2975632103162279,0.4025495133740678,0.4781349229492874,1.0
0.21504465915491966,0.10895096017007622,0.3841540708102225,0.28841972512569886,0.47357227999133966,0.304818623940699,0.298446640480625,0.30911672987192096,0.35457741282951705,0.6764302796825515,0.3544101331328947,0.7046133046293057,0.6714765142413146,0.26366150530926413,0.33761922509903447,0.35849274971459794,0.0
0.24163807498488704,0.31328046335803866,0.5502067465055777,0.7095693953031893,0.3540996310365047,0.24549479248109057,0.3222536098942346,0.39152351678555836,0.3555149679322885,0.1314640012484956,0.4694036094394744,0.5231668285349759,0.5089716566139607,0.40910366492399725,0.24853829713810333,0.5194169502533094,1.0
0.332704400587287,0.6173165624869645,0.2427821381005984,0.33932150329283634,0.35493515523528607,0.3693053191778819,0.2752324446963777,0.2492686474603989,0.32293574604338277,0.3504037184270015,0.49588215993151963,0.3711999537372106,0.541664440926118,0.8020930421298756,0.4955193594778499,0.49376405939029383,1.0
0.4232764864208342,0.10810222454153631,0.4198230752306229,0.24978274364153455,0.1815800739279308,0.27717504044742447,0.7165400028360677,0.3461462744107115,0.3593293732160677,0.3052243613133056,0.3968872498881737,0.716865667083644,0.5710052123454041,0.6965473065684661,0.35572801215549954,0.36767393548620153,1.0
0.24797318639850738,0.2818817925379042,0.13313280647469758,0.3007942507268385,0.2989699853935584,0.3058146366757209,0.22511887706475897,0.3382835084799906,0.6406274079652818,0.3888125201102598,0.6034288655400118,0.7664444768815271,0.8495335399463213,0.6034969644961538,0.29166532153805946,0.3549159064634839,1.0
0.30290698502098606,0.26841939955051713,0.8312259603754951,0.28277081777615226,0.33123196662708115,0.3813135834683937,0.2274770522837723,0.5065596561438588,0.43995969693633824,0.24257688119864795,0.5251257497136705,0.5295039540080967,0.454970373925734,0.5798229863240039,0.4379794406458855,0.5667581090628705,0.0
0.33639494986148966,0.28994615877085833,0.28352617142228537,0.4819194917350986,0.25037112054911215,0.19096769018193255,0.611740749987899,0.5855631113531548,0.3111611326435119,0.2554169756936793,0.5835475575958431,0.4008831731716457,0.2833030615474498,0.6550735200900393,0.4141980838664593,0.49750287408021343,1.0
0.2447269347902638,0.674813460462967,0.4551191755932408,0.3142461718698514,0.30190755193012403,0.24036911886277262,0.3098366325091244,0.22495372864353472,0.1811172846079838,0.4011798365560941,0.6409218833406298,0.5081338125944285,0.40258302913644284,0.4641658441898139,0.2988335223523495,0.8529503678507957,0.0
0.8049818863949412,0.3100655943871438,0.3336281917653771,0.26866406173802965,0.323678051537842,0.27395587668276294,0.3163440745327515,0.38734381124356143,0.34675678921555203,0.3906826201931984,0.4628002240020096,0.4960976532515185,0.4821840830946578,0.45203937988640736,0.5580789109580817,0.5510854151641345,0.0
0.25678825412632045,0.4577880104410765,0.30973235273037936,0.8324534010274669,0.3700812808224474,0.39404963292328576,0.33180496842698715,0.40866569062535696,0.29118634523101716,0.38779599737146764,0.5148563022233041,0.3123897506087994,0.5035481815315135,0.6095857270352714,0.4407911736057721,0.4925487722319586,1.0
0.28922094147203115,0.3075348352159166,0.3966768493091323,0.2843451184618283,0.3782820136605618,0.157702355964972,0.8102005027038637,0.3337615209861729,0.42911092884403734,0.3744367962467761,0.7036044084653321,0.4393637824983827,0.47845551416182014,0.336849763537273,0.3894934450489202,0.5208572970600246,1.0
0.22640432295586319,0.38752300531349637,0.39412349225382115,0.4466838769188144,0.26211601197915774,0.4296212938565505,0.15586946572810267,0.2111342499595632,0.3967949225054109,0.7688369630524231,0.4657552027956613,0.31118823398428475,0.44230544045717973,0.22347834532145477,0.38367376617709037,0.4822885339712209,0.0
0.46920140813527333,0.40868113026591146,0.4088998975993228,0.45783946488846283,0.5279573145847395,0.2935625304024088,0.7371131111320665,0.37849318529489545,0.46314236577590573,0.4125882756438837,0.5998556475327239,0.6918442146403145,0.421272075256321,0.5487133150713579,0.5328503037635297,0.5583621002525466,1.0
0.36453729583401434,0.3073591448802271,0.33106130012713364,0.37023545127835567,0.1753227460087421,0.23950996718344614,0.3728043619745234,0.8093762326350589,0.30251271303649396,0.3090847427325511,0.696847334685373,0.5234809650275829,0.3704033169437872,0.42548543938702854,0.6162895067066145,0.5707461445156761,0.0
0.39020214982265133,0.15188611041054675,0.6929324306964202,0.4326305149534247,0.06891227117907042,0.3268179251767857,0.292868896324044,0.3617744054640721,0.4223629307784892,0.4653290714764981,0.45689204538262457,0.6961782121204815,0.34014781713800124,0.49122067504053746,0.5256233538530897,0.4305521578841037,0.0
0.33961187481654426,0.2331384033121924,0.18296867113705084,0.49246900605156274,0.708042639181961,0.28209942519464143,0.20112784443331494,0.2709861004497972,0.2267727833468705,0.3408405362148307,0.6605817494187787,0.4862684227342359,0.5566955159925628,0.6526571828066832,0.5107243425513663,0.332685411543835,0.0
0.37759961436618145,0.6948716230211596,0.1024876955807208,0.2301303506343435,0.1388435882975357,0.2892640120441143,0.3437284510909232,0.36480624694342323,0.4724504824293732,0.41148857565452124,0.3829651233621862,0.36181353156794976,0.42032375455307486,0.5356671846256736,0.31318962601852884,0.3632333992276761,1.0
0.4364311694579347,0.2702887893131352,0.38528131391423537,0.32918790257354474,0.2324451748980737,0.34125191400390026,0.4269041178492287,0.6741644409121743,0.4479732463442168,0.34844478844963883,0.32200565189531827,0.4873119258134241,0.4837957965252516,0.5345264710491686,0.4473177434658504,0.49867396724874785,0.0
0.32165966218162656,0.2980449412854669,0.3343395458947559,0.35980404528090365,0.2534978294637146,0.326611422480797,0.378237658277936,0.33948629559015586,0.8300098279566248,0.11975114588758212,0.5840402091502029,0.5500842782344728,0.25756264439133647,0.3445629901134726,0.4477852424779925,0.2878547955353058,1.0
0.375643452014333,0.22183193387599454,0.2841492085289599,0.4529728905687108,0.30389163690531257,0.6938328472965434,0.25185714512342017,0.28373880332433565,0.2583396868491204,0.10752129923069656,0.45480562748501707,0.6922230194031002,0.2637723406744542,0.5214479029070542,0.5294773415604281,0.5979108140520597,1.0
0.36984759485489777,0.4123176885005477,0.2910169769908531,0.3273466276251689,0.417548540495736,0.18944653262840855,0.3414286396798483,0.8716422567009654,0.3943107063753948,0.3046708192206093,0.6342215081321638,0.42848131707409776,0.41248113111212503,0.49319880087873536,0.6051999725689922,0.5018282783854152,1.0
0.2729669411002125,0.2717045723568756,0.2890228540764086,0.24161113616230626,0.28984593017097904,0.6590644854017007,0.16360097634375562,0.5256542770840571,0.3537593857898656,0.2518673255810145,0.6579321370734301,0.5421232303773567,0.3968144592480984,0.5065806095559026,0.25953228775252457,0.2970271778278807,0.0
0.3198727329479329,0.3309118705556736,0.7490866768780117,0.4382373766376933,0.2401148238523229,0.2419690694152613,0.20623036503953657,0.3935294725190486,0.3659593142713663,0.33065791942420886,0.5031302568576971,0.4807811389891062,0.5621414867389437,0.4999392298371449,0.43381565170238734,0.20567827873865968,0.0
0.46933463593849956,0.24810358599889681,0.28983483045861697,0.6869566358534018,0.24990119572196626,0.28846882557773834,0.203129739488766,0.27147190303311314,0.38945593133157597,0.2532949349058617,0.5850004310073453,0.6779863696100883,0.38617880643360586,0.5728674379566001,0.2538462958250858,0.6052246113627048,1.0
0.38315234097165907,0.2990693358682592,0.33533925231311096,0.3819263159647076,0.2855128133230622,0.23443220212971344,0.25110877914036583,0.3580193488511386,0.6226391662421276,0.21750758584780672,0.5987218151856086,0.2974320205037027,0.4306738014783067,0.5626106231272732,0.4794617737689843,0.3319003960878132,1.0
0.26814561442086077,0.17884728368208774,0.2653891237259729,0.3083606912960085,0.18765284873141644,0.21857427611555105,0.2849843686169341,0.4654168555444882,0.8159351745863178,0.2881350607990956,0.2614338014742891,0.4684943816200788,0.5352565080982483,0.4883229202718023,0.27194701320908043,0.33571943019519424,1.0
0.33286142777098326,0.22554268630221533,0.2639526689198796,0.2674345415120663,0.3247240520198722,0.8171139768609861,0.16922826769922372,0.4046033131610823,0.331752448088166,0.3240159340320566,0.4773653174451042,0.44467563175502955,0.536462904391062,0.3361587038517996,0.5283238265294312,0.737071069811359,0.0
0.7950793132908849,0.1869497690146692,0.23595609502685133,0.48480952884393747,0.3096043955941687,0.2948012238186999,0.38730213719054973,0.23893076085957382,0.3049470982357006,0.2641606413122128,0.5988516419978255,0.4962395483041057,0.7347787489627917,0.5603515388310285,0.5780291099892851,0.661821911602599,1.0
0.44631244142388315,0.37299336135366756,0.4059160451770325,0.8442073923044326,0.4042890863944407,0.4975165174799947,0.3441645410798138,0.25051665002881063,0.3562547781634608,0.26519504950780914,0.35678343980377947,0.5594798347137131,0.46076528138430384,0.5332423696333595,0.4410003568549375,0.5951518402831869,1.0
0.3078833852365949,0.36896723361277284,0.35482524990426895,0.3710858112443272,0.31713749006185915,0.25679114965222016,0.29744092028672764,0.42181591902597626,0.41118531681444354,0.6221033462883616,0.7360754947186036,0.3874541371158384,0.5187337686334239,0.39287541878179333,0.4627807129376715,0.5078836671266483,0.0
0.32557940821854414,0.1998138913358271,0.25624466619955094,0.25098461860572147,0.3127529395621481,0.3381769918345679,0.22813579317822863,0.1542164981704715,0.6491504412743022,0.3807626903220591,0.4628910192008404,0.5674252233991087,0.4996492119028164,0.35127974350216645,0.6451426456471262,0.3338817091138303,0.0
0.3753106659415593,0.7500544708880603,0.24113370151332789,0.22900739012420435,0.3452164891782513,0.27027437076612715,0.3638801937493399,0.2879694423166176,0.27322379899181387,0.29752803228742386,0.5250349726823569,0.532136882720519,0.45000127668813295,0.5293306035461932,0.48722843898696444,0.5039670683669263,1.0
0.3000555358233639,0.10622236957854755,0.2073904224669116,0.3945732689703488,0.24355265035163107,0.6999750221003438,0.3650143648090627,0.4010682836605314,0.352713106243333,0.14079462766112127,0.45358155509877846,0.44304441788446997,0.601815898211841,0.470660677736894,0.3180067544223497,0.44079406367654794,1.0
0.6899359734329916,0.33988031735497,0.27448033173583475,0.3077324795609761,0.3760691815597184,0.21363179753294664,0.3794441819219647,0.3503964322993434,0.30933925787589717,0.28748279625714424,0.6204207854942557,0.6111429080798183,0.572430552457158,0.46905282845660734,0.5013076781699533,0.5400964276072595,1.0
0.4282406926126105,0.19743004586256296,0.3757491897499056,0.36750411231387464,0.3316632182336159,0.19112540879342704,0.24433800505881303,0.308231223700006,0.8384888804981502,0.3790195681602059,0.6397205151557792,0.4228555174042503,0.4957204387402533,0.5291079155503607,0.32495495118639967,0.5743009526546542,0.0
0.2196669123728659,0.2524643856032229,0.34230217049680395,0.27401949789665103,0.3728262212626796,0.2882710747597641,0.31867480866405795,0.41580184457148045,0.8079207978341425,0.23519867854581133,0.5356564612975265,0.6161166070627923,0.36188193982521255,0.5117303018881528,0.28386853755421004,0.4985673351270151,1.0
0.34216020210477494,0.18962410054609852,0.2890768211527752,0.35561504548679673,0.8710198883008753,0.4623508025588947,0.3406460946863706,0.3444319558094242,0.3747170710029326,0.3064822739344095,0.6642314397103087,0.6068285459162591,0.5690426196611144,0.837209042721466,0.49473929548700546,0.5111084726838666,0.0
0.4443404591133811,0.17032039995546983,0.2867868232191217,0.15076007522891183,0.3548344507920156,0.688794426716884,0.29277173555363817,0.3773926825715872,0.3085030928348074,0.342605773715982,0.44179846414625595,0.6336283008676377,0.3700998911411302,0.5007876685759728,0.30240839801073693,0.2743319592087671,0.0
0.21512586372034975,0.6658785714310825,0.41068258365235955,0.32615013019096734,0.3905597634960153,0.294192385044627,0.32181332853136263,0.12236234968315216,0.34028650008468414,0.259381125832255,0.3829908908100995,0.28354590021096765,0.5175844466606618,0.5598682963541388,0.48256966555222414,0.5529015821716513,1.0
0.2853925523269246,0.2906433533359109,0.3467155517679744,0.4661095151904781,0.44863714562217916,0.2884971809704449,0.45276333343653613,0.801619275866704,0.37078799794029965,0.3214564286890096,0.43407393760387386,0.6160460109627729,0.27345856877298647,0.6240063621035381,0.6424133371523025,0.5253097910665374,1.0
0.37464168325233593,0.2497989006145524,0.4115415721718768,0.2936646130684886,0.20341938621024275,0.26978296854375955,0.7093578047102626,0.519090159063754,0.24538267786507975,0.18593361812426382,0.6290369385606476,0.4560330708198499,0.47997102550771586,0.599867573716804,0.2561681390743717,0.6082449389113994,1.0
0.3319001868437641,0.6042340215581092,0.31335947413083093,0.11772776868755205,0.3599353811463817,0.2408158899609456,0.16167953663955825,0.3954391605403171,0.38575890500393173,0.15737099936570284,0.4526758426704776,0.33702743890296716,0.4428074217354348,0.47270344238431206,0.3610370931764907,0.4864947004441472,1.0
0.2441408124222602,0.39627651725313673,0.7989850146910829,0.42874957410965686,0.2390700522916217,0.3576787605779178,0.405187662086348,0.37877391510097336,0.35448980191315865,0.25536710073284347,0.49739762644403146,0.4107228539551434,0.4569069870468369,0.4522633166055941,0.38023118508012604,0.4472748932135382,0.0
0.3735587515940801,0.28370573817768263,0.2838773150199546,0.4539747862209146,0.8687637852348784,0.3321670458565631,0.3977138352210582,0.23757826010773214,0.3517937513700149,0.24774930022603708,0.4038555786835798,0.6866951853286035,0.51201851425537,0.6491534036894784,0.2410150505705079,0.4637772457651412,0.0
0.39897101289612236,0.517116223783755,0.6957998202053617,0.34650401092792005,0.42702822654947153,0.31816121303314976,0.3649455897014922,0.2758598607860421,0.45091614806821334,0.29162896561354773,0.4619661745223974,0.4466237190570081,0.6329743046370284,0.46755240519595676,0.5608409148852522,0.3695936314828788,0.0
0.3905663039820134,0.2208234138853393,0.2703505377258391,0.31572125949336133,0.14710493536320676,0.3085042820865664,0.4273599245908788,0.7403432682708105,0.3806852803477665,0.35149966970419283,0.47509475180357374,0.3857586891989835,0.32214512531828593,0.4829407885612359,0.2705302020626788,0.4109593140067265,0.0
0.6387380048222746,0.2832698281448868,0.29900779965586305,0.4191530086226561,0.3931980993157614,0.1901937632251017,0.36168681610815134,0.46000755056276055,0.3174624135038701,0.30335826119383735,0.4741837016772968,0.3371908718329232,0.4522832061247416,0.4270993217496874,0.4930514394748352,0.5813983913103025,0.0
0.4517168256140709,0.37291637242902675,0.3418235870362518,0.5960073835638133,0.2264087453963123,0.40800646241999833,0.28850222133634423,0.22956386826841416,0.3413281080483104,0.4012111289610763,0.5061168313698206,0.5160245089767491,0.5730168975641332,0.3148354162076873,0.46722803054772455,0.3627177642535832,1.0
0.28362699581022444,0.36816524257065264,0.34733004077125573,0.3809768548785165,0.3010339357494097,0.2197451815566598,0.2532229610703814,0.3831544758867849,0.6476421133810256,0.3056237650209779,0.3954780884294295,0.6412630897019774,0.3894825306561527,0.43396076473224,0.44485030514222684,0.6543368808512222,0.0
0.2982675647954903,0.24083191356463518,0.20064934154535616,0.3192437043878891,0.43054541651929173,0.21050428891744896,0.7284968145654774,0.34722116331012576,0.24167466030492196,0.3824125121862258,0.46202908026499023,0.46829338696897715,0.6019678614025611,0.3316936014359404,0.4534422696522772,0.41051900774743844,1.0
0.5720037775239755,0.337266577559272,0.35270162793761195,0.4235759391730492,0.19357478470336414,0.2428307223385522,0.4327044314325388,0.38574374411524,0.36036621224817406,0.18797636832112208,0.5401415891262097,0.29669903328359365,0.5307899345073488,0.45423420874908327,0.5130703303163919,0.6511866458720256,1.0
0.14818623558080904,0.21501094543380134,0.23686907063526358,0.7955997445047381,0.3243839621743708,0.4096508550623657,0.323010474417846,0.46194847676286743,0.35560769682720605,0.3604842596456939,0.40184592147532433,0.40280849566121335,0.6441848729427294,0.4026086873004124,0.2689215019111705,0.5270593766380653,1.0
0.1874995021479967,0.398375704527836,0.2776778660757489,0.5005755531883463,0.22798283364739555,0.2182418319472268,0.20779823229206426,0.3942856018072769,0.5305548541158804,0.2987590733743232,0.6555322518224066,0.6491172365369091,0.44684042926180767,0.5334770893731918,0.3815587823978896,0.4620428143347856,1.0
0.23616419481404083,0.3078423051639354,0.36005721907686133,0.4202946926951092,0.28605487103771926,0.6127789595607602,0.31275130187259104,0.2484466002705766,0.2636653965817107,0.22867086754451568,0.6620719642258038,0.5003174735824754,0.4368415772065326,0.6297035324187575,0.4163089750219065,0.48249677757660037,1.0
0.2653750663551183,0.2914643584272301,0.37432093974244257,0.4157476652732727,0.3962519169635505,0.24162220709955412,0.7813428155515664,0.3848715026024153,0.42996500517474956,0.2193777075089469,0.5371109152153026,0.4961999785774441,0.2526255701402983,0.5243799598688811,0.6514964802866177,0.606585313858658,1.0
0.21391465811614707,0.17972420224366942,0.28046427784687983,0.37799121459520935,0.49718471641044826,0.41906404315684764,0.7619496905093084,0.37187432468487847,0.31437777156966434,0.20216866091894434,0.4658287472598273,0.7304477796838805,0.5614763807625843,0.35902137226942243,0.5320263613166478,0.4999602564939676,1.0
0.3115177795818358,0.3183752719499924,0.31389019577357524,0.19038991478750558,0.36712354247408613,0.2842579598404981,0.18634304977027144,0.42495446058898806,0.43252442078686865,0.683544234579449,0.33120462178642796,0.4539607544596941,0.6004212579679048,0.4071851863289545,0.3268713152093601,0.556855577355889,0.0
0.2983247348400997,0.22646135217052846,0.4118382630413674,0.6353744660379281,0.33787829964478666,0.2127771936792232,0.20519236673763708,0.42716328401923165,0.2284647531599458,0.1394652446797562,0.5355575713019401,0.652590813511969,0.673015244483313,0.4269971920157587,0.3608243575219956,0.5156824521599935,1.0
0.23533839039889656,0.21390550149936743,0.7197369835579663,0.3183306563418899,0.17624488962904594,0.3565666005196143,0.19931040766045838,0.411049609726525,0.3367548810634007,0.41263227776307665,0.4756452666145416,0.47272322604423733,0.4063818723577827,0.3742278006624048,0.46741396299580246,0.3855231184471635,0.0
0.19940599688903804,0.23445270070540294,0.25736433429932193,0.3530997454637873,0.13609258672591182,0.16700254523608776,0.16502231675063367,0.3698714402828207,0.279097351285384,0.7477106044445296,0.5778960168162287,0.7487086522478837,0.6068992629707476,0.4405328948641934,0.4171108070074311,0.6722152180189327,0.0
0.33868652217409084,0.2783931965718487,0.2264309890676846,0.2839402350254045,0.3389535053240745,0.2563003135382931,0.26871356258457973,0.2474121062244793,0.3656900783177108,0.7489694174589165,0.4613535091032616,0.5155298774460928,0.503083512871117,0.6421878067256216,0.48811447475998593,0.5101388662717367,1.0
0.4299766877938156,0.3256848630970295,0.3557637067255621,0.21743390203856486,0.35818854629513436,0.31420546091627066,0.7838869539460186,0.28207559881882877,0.3444731513841673,0.20066361219253048,0.20771733250408347,0.8106096052690415,0.5481269201989886,0.4577168524960274,0.35804133178485326,0.5591069824464721,1.0
0.1382794387852332,0.6478159646906981,0.2547604716877451,0.22646417383500933,0.22458096659417273,0.046554986748683636,0.48795200366767266,0.3122906878156971,0.40064088608556764,0.3340003871258739,0.6072257094323351,0.6758556149616748,0.6340123610541126,0.43182988596367294,0.2492671662698432,0.4120263124700352,1.0
0.06676322530958095,0.12400977930513668,0.5107680816542578,0.2893433722167342,0.2867770653867335,0.7853637022182157,0.3808235445132112,0.17723497126613927,0.3147966076567879,0.3492922598617418,0.6750528821793507,0.548972277086336,0.3252427599751663,0.7068981220888274,0.4935537126941171,0.3419850775547013,0.0
0.45890850531267446,0.224391909709883,0.22255040172491866,0.17051881741657532,0.6423738253155259,0.2879212242094903,0.37115665221959293,0.29993528487606974,0.39294677379924,0.16626412757433118,0.36005924618703944,0.5973990301636465,0.10536688363866059,0.36936163558034146,0.40898305021912246,0.42629858818551636,0.0
0.31553552072429153,0.3754866197354815,0.3064278017511818,0.29519278738339527,0.7140533092508514,0.30600178965680264,0.28091222982378417,0.3969894944461255,0.3807197074209803,0.29579358088639507,0.5441389251314394,0.7386643536057327,0.4727751377981009,0.3652327945146475,0.561843078938652,0.4951797060559865,1.0
0.7444757985502759,0.2653241873973614,0.21884165228569988,0.3801791139145625,0.16545566211831725,0.37058358694643967,0.3883283536628652,0.3441434783708633,0.3327585126832036,0.1686423124402422,0.57583233822147,0.2299934752718784,0.7409181589786168,0.5536414565916835,0.5476044484644008,0.35653412388402905,1.0
0.12620461935196772,0.2500840972848889,0.32307554512941655,0.2204236814903389,0.2754341513411496,0.7498371537408217,0.40215405312023816,0.2572421840513367,0.20402004840037005,0.3994433386262488,0.2190993423174526,0.6654897454941784,0.4301522507436913,0.19479844399519985,0.4037403919949584,0.6660341156181522,0.0
0.5166181268953871,0.2813565118061603,0.46291067396037516,0.38963387065518834,0.3594338848924523,0.2971029498488534,0.2421492068704011,0.21204057941029364,0.16502359812391534,0.5806049118323428,0.43150243945825006,0.6007206042259221,0.3416813636801004,0.28680973466386606,0.4013464835980338,0.6669612741239088,1.0
0.35234143721361694,0.6523204906051538,0.37149080543843316,0.3540330256749359,0.33153326796914057,0.2995624312409669,0.30598401834520494,0.28711897556933297,0.44989753397725973,0.3731412229045821,0.37414729074989106,0.5620220340875092,0.5002221593576102,0.5194891152612768,0.5963299577743663,0.6126439367180383,0.0
0.2661551598794286,0.1803222697592276,0.214701658792989,0.30781507396244323,0.3172391086839877,0.7695900238880586,0.2491567532943353,0.12250662078509736,0.1851134742998897,0.36450882179568717,0.49069602343448193,0.42176658718111776,0.3441816062899983,0.5393224757219723,0.3123341538815369,0.5262988137589291,0.0
0.2524181196994809,0.30669383159101604,0.4322504412190805,0.15778589006860028,0.3564831389284669,0.7724505486586641,0.3365133536215406,0.4260997986702696,0.31614702621945795,0.3390819463854245,0.2881986825215742,0.4392691454000196,0.6267140402917138,0.5310690510734938,0.3154745818762227,0.42413008325890267,0.0
0.191026256181807,0.2957718425980183,0.30172843720471954,0.7378486282317636,0.3271875445416175,0.38191897965303084,0.28627140275332597,0.31760984717153945,0.2776018721317761,0.22510996762681185,0.654027278883572,0.4808184292182843,0.6418160064061728,0.39795277612827457,0.44482858419191407,0.4882618882585835,1.0
0.22268251062320973,0.688289989475776,0.3404605466270825,0.4034136273990945,0.1566890467056857,0.35535352578721985,0.34677288399459205,0.20456478952889476,0.38091110955268476,0.28661060823861956,0.4191511769940805,0.6666688172957315,0.47883069556823266,0.48740505060197625,0.36713408905523515,0.5763071181171098,0.0
0.5072251479231001,0.6915509276742918,0.34652401913373854,0.34416399402395254,0.4122613451631993,0.20485341900129242,0.26587786570414973,0.3122759310363224,0.32706581276011093,0.39172851421982324,0.4115829319389509,0.36650289249641727,0.2542875077297289,0.46225781791522874,0.48558025573473995,0.431893010121871,1.0
0.4730608321630916,0.2696351455628866,0.44751120748404133,0.380269894481118,0.24944217429516813,0.12161413014266106,0.3478542768445022,0.7804735028233353,0.30303846918124183,0.300251350590251,0.6083530887166864,0.5242367408746271,0.5202781498819664,0.46256430199984394,0.4834557472087227,0.5957667510632128,0.0
0.361871139093848,0.29805552178316863,0.34341554532900614,0.7388521368395315,0.2722469264427264,0.22604852615187365,0.22523894763592128,0.22515899056262678,0.3865779904298941,0.20332454795528984,0.3563167311162315,0.6163975657806138,0.4511483949718644,0.5084024820470627,0.5221157176302437,0.6087310544262357,1.0
0.3301582779375742,0.21279811760485715,0.16469772559308157,0.472766595996131,0.17345367014621757,0.3559241823977446,0.2420727643719071,0.23645053036062066,0.17712267403594145,0.6786055137983145,0.7884378048531663,0.6374786023262625,0.472511173514359,0.4293616721808356,0.4560892593145698,0.4343141884084713,0.0
0.41426825668544476,0.29561959229537893,0.3558883339419083,0.6665655820824534,0.241669326237967,0.3259616882111874,0.3837703422089659,0.2868830721301644,0.2526888645968606,0.32255913946846654,0.368332907399749,0.6164674930927853,0.636418357088697,0.5610956122256122,0.36784798946422226,0.4687499295016604,1.0
0.24341537207421124,0.23387391086977,0.8363636923898031,0.27350968849034774,0.3479147574839,0.2359681321772092,0.34139078919075655,0.2328787945946449,0.3898629361436244,0.29260006994666954,0.6014666962083793,0.5548904871482289,0.7218054286659454,0.4788942986098308,0.5875219068435332,0.38158809381214986,0.0
0.7600372644761142,0.23469598347933124,0.37561021199168165,0.17479618687029003,0.2961218677361237,0.29989890526313656,0.2757784732208447,0.34022545009643046,0.3467299178734793,0.12457304972229744,0.2951391379681841,0.5176967001875902,0.6520485329866419,0.3242123726458803,0.3173230876816994,0.42618786173042533,0.0
0.31428380341192935,0.2922401646216229,0.25441713035447044,0.34989630161048746,0.24754846922154344,0.31724268439113534,0.7432925619373922,0.3596088159260705,0.46719910043533985,0.2276961910042843,0.7137445783547717,0.3815212093355937,0.4701422397386617,0.5304429485476551,0.5024343539121813,0.4872450274064883,1.0
0.2584872380263719,0.7202775211247947,0.28097643739796224,0.2507015050364424,0.30072505368231606,0.23622368419900644,0.38630665708577727,0.225992169597324,0.4104739358121533,0.2638956376901342,0.3938581300203797,0.40173021508128753,0.5018861272661765,0.5832303674432494,0.49494140632470146,0.5390112449753792,1.0
0.7574005450683766,0.198651461765398,0.40687474432014403,0.1927292150832449,0.313356982949027,0.4237608091209537,0.30809516096325706,0.2958861337897786,0.40510103622200627,0.23120999126560537,0.3660331995353736,0.37914498727409207,0.47173530144067016,0.37247604954248703,0.5098937930688339,0.2469258235547913,0.0
0.1988540200768229,0.18694376213184405,0.29253768895506344,0.21943360115497731,0.2048489067807637,0.35953853779833006,0.7129680812945695,0.451656042219815,0.3958899075963898,0.2454793582960136,0.5261767643386915,0.5505454325984412,0.6173106992221531,0.6481549218868556,0.17923887865743837,0.40212448416361424,1.0
0.5633752879406695,0.2936404155305974,0.30404345523655213,0.39892385631722604,0.26918280521587473,0.25164881657468013,0.3510042567727876,0.3527938020005359,0.3596621792806019,0.26762725365840084,0.602122763330664,0.6370689593024659,0.4836940964949189,0.6831739641579648,0.40507225699120686,0.5484849883050613,1.0
0.36948155162480195,0.11364925756300351,0.18721947206324266,0.7178557473343764,0.36599346866029797,0.142472911661867,0.24347763841328024,0.2854712702724959,0.33093486328184074,0.28000706354395355,0.5472174298710549,0.4078108988715588,0.4175684520653538,0.5659832761154424,0.3065191981582204,0.36432853386905,1.0
0.5059973074365008,0.6894573305401979,0.30814804205233526,0.41549602635543537,0.1989259421866499,0.39410004677933613,0.4178814617206987,0.28264391212432166,0.37477479696741844,0.27116597142685384,0.46938467826437,0.5601888119390283,0.33058361185496077,0.3774983032753952,0.2560682656640527,0.4464414884684989,1.0
0.8354156518319917,0.29713158192632566,0.29096308513745267,0.20368037210912912,0.3219874321860095,0.3792672847837494,0.49087644298292654,0.22177766817600109,0.4451191627204709,0.24086291272109495,0.5474627807636896,0.48081055743173845,0.45971266751282047,0.48465360699816556,0.5777181912986395,0.473959525594552,1.0
0.4386731669064643,0.22951739083584016,0.33343530072424105,0.20747897185122788,0.32777192674697797,0.2748515125398514,0.14984860611275977,0.7249610248702338,0.3454678765068043,0.43535761079577784,0.30855253170013,0.8102667539353947,0.858640346890845,0.442334268972439,0.3160252407321843,0.6432880664273444,0.0
0.2885446216533204,0.5600753858328607,0.2556750970055018,0.3108875227493594,0.39490668735177276,0.19962934143067362,0.24138707982115493,0.20817295117653417,0.41971199418712857,0.2428229920532441,0.5159581234608548,0.3633191373618686,0.49190558513301635,0.3579407336757118,0.4754704441822045,0.5202684287610296,1.0
0.4295077215807722,0.2976908241085616,0.36414240815758114,0.48383245419094,0.2748887274334095,0.3309498627360789,0.3001598607802119,0.7838419482072793,0.2864235023021138,0.20952266039355177,0.5128157168312457,0.3993655200256002,0.6819159899895599,0.5839349533788143,0.2423821526462564,0.5595643121543524,0.0
0.7638758504053057,0.3270821260836077,0.4064672911633918,0.3526198336668245,0.3069771304967716,0.3673716853313559,0.25088029209375123,0.32820217475839814,0.3395593630814955,0.2237948272380399,0.4091537479517762,0.8242587615303658,0.5489776129443902,0.5719894107729728,0.3295246564535319,0.4636638499202931,0.0
0.3654163878304306,0.4744046827244182,0.3245610301021822,0.2746769894119134,0.31370866104441,0.24242696848725515,0.16088649679458106,0.9602368446035794,0.4377200674507167,0.28969601222727837,0.4398460159409512,0.31736773580398103,0.5472341240093805,0.32830580947663257,0.34450968119037806,0.42283764252100653,1.0
0.21801145037188074,0.3905623921604931,0.21332321602797846,0.2402918560936803,0.24145337184944515,0.35910027752230533,0.5128307620390384,0.25518311907984326,0.72915067815299,0.3189418781337219,0.7447320801005255,0.7436092953178413,0.3441408769640115,0.45089288330325605,0.24233314726837968,0.527853155122294,1.0
0.37948071617720935,0.29778213532638853,0.37438956085681974,0.5003366854404606,0.35452257533035586,0.28207581539525367,0.6432411941896903,0.2460222921226777,0.3304089416035782,0.17559692133041716,0.4530892542964036,0.5557994077617583,0.41993453547582116,0.48688668259916995,0.4299485985573867,0.353553794208072,1.0
0.3311081568281238,0.2533829093063482,0.22692016107992935,0.23898614753995742,0.5623984554518261,0.2866555817262457,0.31610352912852746,0.3104191693881512,0.25902622894825217,0.7327097863442464,0.37789206384864515,0.44735836516076155,0.6816063658025177,0.364515970864024,0.31212852250557727,0.36030017640613526,0.0
0.7803258572691546,0.15318569326254378,0.3402988248327072,0.39051740605736246,0.37503986959012786,0.3108184721072012,0.21716291836916662,0.2684337807823205,0.19603481313242296,0.20453609498554753,0.48373965110850775,0.3256525781482297,0.48502362428824053,0.424147145115789,0.46313890773525856,0.6866846431114394,0.0
0.23703148639853544,0.3241999076229974,0.3916552290592573,0.31803299015913655,0.33578161126938916,0.42395847786150365,0.450373806775142,0.663450193823117,0.24653469758210378,0.25256231338283797,0.211722380895208,0.671060252338342,0.5294056598049808,0.578302096435829,0.3043617113430969,0.4982191278453928,0.0
0.3775238765035962,0.2689983733220675,0.43135905073866543,0.28638372717237653,0.3262159305231522,0.1841507069570147,0.22035745538136237,0.8472869932493188,0.4746228030032911,0.33286405887188075,0.4541391587323826,0.6481993219988921,0.4732747437809732,0.5413603417771404,0.5039652241409862,0.6487500570635779,0.0
0.2826968316318713,0.19864673218803822,0.3378903794438899,0.1308579297828032,0.39657670539543194,0.5782418607404078,0.19586963427702947,0.4703373849957223,0.3324920052702248,0.3337055520108275,0.3995113009063068,0.463977996754917,0.4968599445499396,0.807846490289855,0.32844936472827124,0.3544183259708261,0.0
0.4085663178622903,0.3719129593879448,0.4510966827214493,0.5723961436855407,0.22201444661822134,0.30835839443661317,0.6593759071253155,0.37959877862789093,0.20146838846263954,0.29931421000219965,0.48191227862210867,0.6082101490691184,0.3969182325315792,0.26251333472828,0.39771378727042117,0.5460241306510448,1.0
0.33609058928410485,0.2313667940066813,0.29429015060581126,0.5078153926688885,0.34729114001661143,0.3227549977465087,0.5392304076586174,0.29935296043360804,0.3796640556398246,0.14449247564086315,0.5425620428089359,0.49931829153376256,0.19921898341137306,0.630655208764777,0.4129605493080881,0.5139883058837038,1.0
0.2078898617721232,0.3445561322258492,0.38237854669403043,0.1970075700887655,0.31543627032360344,0.1763142194327319,0.41521082090702827,0.8904005453960773,0.27408714888243285,0.26618522834305824,0.24958133299946045,0.5790365600189227,0.7998436073604945,0.41098419581350776,0.18830760820904263,0.5936624489082931,1.0
0.4289960259383686,0.25950576156836797,0.1933631579569034,0.25242450592991644,0.32873609772388673,0.6303939179054163,0.18601019807548314,0.34538996412459627,0.2879008266693884,0.26656676129828627,0.28518640597195966,0.44565066644322154,0.43682575416830405,0.3291117683699807,0.389833034056847,0.4562198461837192,0.0
0.3148786438440549,0.22940018201874593,0.2887876391674969,0.19060946330989434,0.777566259167352,0.17721560662665495,0.21525510402253903,0.24133645303735704,0.3053772816191652,0.24901501011997335,0.8236895357121174,0.44457736942500387,0.4266827684359776,0.3793132733592597,0.3928326982179085,0.47061810613519667,0.0
0.1609871169343105,0.2560966174394917,0.16196357563911795,0.2831722848361619,0.3307780689161013,0.5960346929545777,0.27523827116538474,0.33993348775866894,0.45456527657026374,0.3494919125413844,0.698701397473874,0.6706450152175136,0.3969969025339621,0.654062777353142,0.5071813566200407,0.6172126338910585,0.0
0.2807777141576352,0.6168681803913743,0.28924774518854013,0.2548238825663921,0.34349610580057793,0.2420883087108188,0.28182556938004344,0.4324806758155135,0.20363660554967977,0.19574036407187617,0.4610902059227915,0.4219427606326216,0.7022150554478679,0.594649984127795,0.6128694115402314,0.5534914909939624,1.0
0.36738093580967046,0.3037546700396179,0.21032133065310538,0.3179706599469365,0.8544594893115854,0.06148345070557157,0.38045579157247006,0.199154208192332,0.3881756199661248,0.24771993100437817,0.5814728636891232,0.5552303208282112,0.40661892944590106,0.5326777936454566,0.4093477456747759,0.6721716534210078,0.0
0.19096684433065247,0.746859640378779,0.16807365381839723,0.3631437713374106,0.2838117499247785,0.21895405823109482,0.4361026183743941,0.2473558401149121,0.33686748269616595,0.32072200899177983,0.49775932800629996,0.5771356584846149,0.5250778726694154,0.6470716334341997,0.45204177662781314,0.5578979638480951,1.0
0.17394959356548595,0.23706712897534407,0.38572877373724745,0.37381577817242745,0.837947113349765,0.48751737110423354,0.4975694070980616,0.2959812460859281,0.5050887455514739,0.25400711708711077,0.5104793464331541,0.6859147215044676,0.4619175813905765,0.6181410990212943,0.5167452227980541,0.4818457040802531,0.0
0.23296317463482183,0.3853841369554905,0.2332409634056396,0.23772290910293942,0.3413823779167088,0.2970237635377418,0.30026957058088544,0.3858932984382534,0.2934205068510298,0.7613382859278058,0.4620379053119905,0.8943234702857217,0.6670381752639286,0.4706463062093309,0.43872917899423636,0.5605659874969342,0.0
0.3575681687419998,0.24681745056165622,0.43991820272521576,0.6947768071008724,0.35910088319282496,0.2892523427266617,0.34927684558138217,0.3364820882503029,0.5247400402097202,0.3821670288071146,0.7823606084901444,0.5305728789536981,0.28267367609585775,0.5367340911249613,0.53413150424009,0.6178773836800485,1.0
0.13411907275644708,0.6565720974294478,0.3036201596392552,0.26348809891939085,0.14647601450730932,0.31279853448240136,0.3818399555147508,0.19464451175054218,0.33809324833510934,0.3651498238289223,0.39692657182088475,0.5129909182001133,0.4544044497620903,0.43001878651069,0.5178308017641896,0.38202980101556294,0.0
0.6238797796193454,0.3377439379709567,0.24646294121836826,0.37550459706841127,0.32947649066317475,0.43214344960309037,0.3488291647919604,0.2921503788655582,0.27782925375829515,0.29101139965516026,0.612274315886927,0.747785381531465,0.4828316768108992,0.5392406060600753,0.5019508663462008,0.28264522349014953,1.0
0.3022675619656011,0.3498289364835515,0.3297836725121533,0.322880876352487,0.2577399191483388,0.2725340697432434,0.33535992785845264,0.2823757661169813,0.6638777864948573,0.3751200267892804,0.8008837542060134,0.6475141405994868,0.5653765498699117,0.2985128598305613,0.36660892479682383,0.6986495322883701,0.0
0.6242067265129998,0.4441250594796507,0.486994425151456,0.34806814569041483,0.321162373268112,0.22931606558739442,0.3585933637679245,0.39840681558758306,0.33301351924241296,0.2658941413133073,0.41420324386462243,0.801151340883013,0.6308783316025496,0.6637157796402813,0.6460858341239737,0.6203971593761579,0.0
0.20749286849125484,0.3173545681603748,0.2588924123899319,0.6817241992321088,0.3410813521866837,0.3426398954032036,0.3894690795598375,0.35062301706989946,0.31750221741584467,0.2587446315038012,0.661828013133051,0.27689264920853585,0.6271311906982778,0.6168422182089159,0.41706434551075183,0.5276548169599611,1.0
